experiment_id	hypothesis_id	candidate	budget	status	accuracy	mean_query_ops	p95_latency_us	state_bytes	knowledge_compute_slope	depth_compute_slope	integrity_ok	plan_sha256	result_path	created_at

EXP-20260830-0001	HYP-0001	random_guess	quick	complete	0.010416666666666666	1.0	0.48333333333333334	64.0	0.0	0.0	True	7c8bb6a2804e50a24fc38c328ac4989a512e92d0820c1da216362749750d1c7c	research/results/EXP-20260830-0001.json	2026-08-30T00:23:14Z
EXP-20260830-0001	HYP-0001	linear_scan	quick	complete	1.0	577.3541666666666	15.383333333333333	28840.0	0.9937691386962392	1.0316581300211711	True	7c8bb6a2804e50a24fc38c328ac4989a512e92d0820c1da216362749750d1c7c	research/results/EXP-20260830-0001.json	2026-08-30T00:23:14Z
EXP-20260830-0001	HYP-0001	indexed_graph	quick	complete	1.0	7.0	0.45	18568.0	0.0	1.0	True	7c8bb6a2804e50a24fc38c328ac4989a512e92d0820c1da216362749750d1c7c	research/results/EXP-20260830-0001.json	2026-08-30T00:23:14Z
EXP-20260830-0001	HYP-0001	memoized_graph	quick	complete	1.0	6.625	0.7999999999999999	19640.0	0.08174936614143959	0.9782223340574905	True	7c8bb6a2804e50a24fc38c328ac4989a512e92d0820c1da216362749750d1c7c	research/results/EXP-20260830-0001.json	2026-08-30T00:23:14Z
EXP-20260830-0001	HYP-0001	compiled_jump	quick	complete	1.0	1.0	0.4666666666666666	92584.0	0.0	0.0	True	7c8bb6a2804e50a24fc38c328ac4989a512e92d0820c1da216362749750d1c7c	research/results/EXP-20260830-0001.json	2026-08-30T00:23:14Z
EXP-20260830-0001	HYP-0001	dense_recurrent	quick	complete	1.0	487424.0	32.88333333333333	264196.0	2.0	1.0000000000000002	True	7c8bb6a2804e50a24fc38c328ac4989a512e92d0820c1da216362749750d1c7c	research/results/EXP-20260830-0001.json	2026-08-30T00:23:14Z
EXP-20260830-0002	HYP-0011	random_guess	screen	complete	0.006076388888888889	1.0	0.35277777777777775	64.0	0.0	0.0	True	777ded0d75ac03435d91d54cc4e6a6fbfe1edfa535a46d2883b0d810d66fc2c3	research/results/EXP-20260830-0002.json	2026-08-30T00:29:19Z
EXP-20260830-0002	HYP-0011	linear_scan	screen	complete	1.0	4755.166232638889	130.675	114856.0	0.9937824984827935	0.9949735728572053	True	777ded0d75ac03435d91d54cc4e6a6fbfe1edfa535a46d2883b0d810d66fc2c3	research/results/EXP-20260830-0002.json	2026-08-30T00:29:19Z
EXP-20260830-0002	HYP-0011	indexed_graph	screen	complete	1.0	21.25	0.7	73864.0	0.0	1.0	True	777ded0d75ac03435d91d54cc4e6a6fbfe1edfa535a46d2883b0d810d66fc2c3	research/results/EXP-20260830-0002.json	2026-08-30T00:29:19Z
EXP-20260830-0002	HYP-0011	memoized_graph	screen	complete	1.0	18.0078125	0.8611111111111112	74936.0	0.143400659639152	0.9611286071869081	True	777ded0d75ac03435d91d54cc4e6a6fbfe1edfa535a46d2883b0d810d66fc2c3	research/results/EXP-20260830-0002.json	2026-08-30T00:29:19Z
EXP-20260830-0002	HYP-0011	compiled_jump	screen	complete	1.0	1.0	0.32499999999999996	516664.0	0.0	0.0	True	777ded0d75ac03435d91d54cc4e6a6fbfe1edfa535a46d2883b0d810d66fc2c3	research/results/EXP-20260830-0002.json	2026-08-30T00:29:19Z
EXP-20260830-0003	HYP-0005	random_guess	quick	complete	0.010416666666666666	1.0	0.45	64.0	0.0	0.0	True	75878864fab914b7d9c9dbfac6c207e27831dee611f27c4e61de4b2538863330	research/results/EXP-20260830-0003.json	2026-08-30T00:35:56Z
EXP-20260830-0003	HYP-0005	linear_scan	quick	complete	1.0	577.3541666666666	15.366666666666667	28840.0	0.9937691386962392	1.0316581300211711	True	75878864fab914b7d9c9dbfac6c207e27831dee611f27c4e61de4b2538863330	research/results/EXP-20260830-0003.json	2026-08-30T00:35:56Z
EXP-20260830-0003	HYP-0005	indexed_graph	quick	complete	1.0	7.0	0.48333333333333334	18568.0	0.0	1.0	True	75878864fab914b7d9c9dbfac6c207e27831dee611f27c4e61de4b2538863330	research/results/EXP-20260830-0003.json	2026-08-30T00:35:56Z
EXP-20260830-0003	HYP-0005	dense_recurrent	quick	complete	1.0	487424.0	14.75	264196.0	2.0	1.0000000000000002	True	75878864fab914b7d9c9dbfac6c207e27831dee611f27c4e61de4b2538863330	research/results/EXP-20260830-0003.json	2026-08-30T00:35:56Z
EXP-20260830-0003	HYP-0005	vsa_superposition	quick	complete	0.5625	4616192.0	2134.133333333333	2113824.0	0.9916283680827122	1.0000000000000002	True	75878864fab914b7d9c9dbfac6c207e27831dee611f27c4e61de4b2538863330	research/results/EXP-20260830-0003.json	2026-08-30T00:35:56Z
EXP-20260830-0004	HYP-0004	random_guess	quick	complete	0.010416666666666666	1.0	0.6166666666666667	64.0	0.0	0.0	True	37af0bc0d2a71a16f87a310fd4cda15ee4dbdf042e146669460677b828f5b9b8	research/results/EXP-20260830-0004.json	2026-08-30T00:47:47Z
EXP-20260830-0004	HYP-0004	fixed_short_indexed	quick	complete	0.6666666666666666	4.0	0.39999999999999997	18568.0	0.0	0.0	True	37af0bc0d2a71a16f87a310fd4cda15ee4dbdf042e146669460677b828f5b9b8	research/results/EXP-20260830-0004.json	2026-08-30T00:47:47Z
EXP-20260830-0004	HYP-0004	fixed_max_indexed	quick	complete	1.0	16.0	0.6666666666666666	18568.0	0.0	0.0	True	37af0bc0d2a71a16f87a310fd4cda15ee4dbdf042e146669460677b828f5b9b8	research/results/EXP-20260830-0004.json	2026-08-30T00:47:47Z
EXP-20260830-0004	HYP-0004	adaptive_linear_scan	quick	complete	1.0	594.3333333333334	13.0	29136.0	1.2703057411338268	1.01762400014989	True	37af0bc0d2a71a16f87a310fd4cda15ee4dbdf042e146669460677b828f5b9b8	research/results/EXP-20260830-0004.json	2026-08-30T00:47:47Z
EXP-20260830-0004	HYP-0004	adaptive_indexed	quick	complete	1.0	7.0	0.5833333333333334	18856.0	0.0	1.0	True	37af0bc0d2a71a16f87a310fd4cda15ee4dbdf042e146669460677b828f5b9b8	research/results/EXP-20260830-0004.json	2026-08-30T00:47:47Z
EXP-20260830-0005	HYP-0004	random_guess	quick	complete	0.010416666666666666	1.0	0.5833333333333334	64.0	0.0	0.0	True	21495f0ff5e26583e71dfb6353b25e02d88a6e5867edbdeab58285c7a5b1953b	research/results/EXP-20260830-0005.json	2026-08-30T00:55:26Z
EXP-20260830-0005	HYP-0004	fixed_short_indexed	quick	complete	0.6666666666666666	4.0	0.4166666666666667	18568.0	0.0	0.0	True	21495f0ff5e26583e71dfb6353b25e02d88a6e5867edbdeab58285c7a5b1953b	research/results/EXP-20260830-0005.json	2026-08-30T00:55:26Z
EXP-20260830-0005	HYP-0004	fixed_max_indexed	quick	complete	1.0	16.0	0.6333333333333333	18568.0	0.0	0.0	True	21495f0ff5e26583e71dfb6353b25e02d88a6e5867edbdeab58285c7a5b1953b	research/results/EXP-20260830-0005.json	2026-08-30T00:55:26Z
EXP-20260830-0005	HYP-0004	adaptive_indexed	quick	complete	1.0	7.0	0.5833333333333334	18856.0	0.0	1.0	True	21495f0ff5e26583e71dfb6353b25e02d88a6e5867edbdeab58285c7a5b1953b	research/results/EXP-20260830-0005.json	2026-08-30T00:55:26Z
EXP-20260830-0005	HYP-0004	learned_local_halt	quick	complete	1.0	40.0	0.8666666666666667	23240.0	0.0	0.7718657103125848	True	21495f0ff5e26583e71dfb6353b25e02d88a6e5867edbdeab58285c7a5b1953b	research/results/EXP-20260830-0005.json	2026-08-30T00:55:26Z
EXP-20260830-0006	HYP-0010	random_guess	quick	complete	0.010416666666666666	1.0	0.6166666666666667	64.0	0.0	0.0	True	45e442158bbb84ff1c8e3c88baacfe14e95a2894ab2831becca02e2200e4b758	research/results/EXP-20260830-0006.json	2026-08-30T01:02:05Z
EXP-20260830-0006	HYP-0010	adaptive_linear_scan	quick	complete	1.0	594.3333333333334	13.033333333333333	29136.0	1.2703057411338268	1.01762400014989	True	45e442158bbb84ff1c8e3c88baacfe14e95a2894ab2831becca02e2200e4b758	research/results/EXP-20260830-0006.json	2026-08-30T01:02:05Z
EXP-20260830-0006	HYP-0010	adaptive_indexed	quick	complete	1.0	7.0	0.6	18856.0	0.0	1.0	True	45e442158bbb84ff1c8e3c88baacfe14e95a2894ab2831becca02e2200e4b758	research/results/EXP-20260830-0006.json	2026-08-30T01:02:05Z
EXP-20260830-0006	HYP-0010	oracle_modular_router	quick	complete	1.0	14.0	0.8666666666666667	38448.0	0.0	1.0	True	45e442158bbb84ff1c8e3c88baacfe14e95a2894ab2831becca02e2200e4b758	research/results/EXP-20260830-0006.json	2026-08-30T01:02:05Z
EXP-20260830-0007	HYP-0002	random_program_guess	quick	complete	0.041666666666666664	1.0	0.7000000000000001	800.0	0.0	0.0	True	986e7e7be77eb670ddcccac7c2d9164378de840f4b982d10f6f3ad6e312e425a	research/results/EXP-20260830-0007.json	2026-08-30T01:22:28Z
EXP-20260830-0007	HYP-0002	primitive_program_search	quick	complete	1.0	4717.833333333333	634.2166666666667	800.0	0.0	3.4065125323384313	True	986e7e7be77eb670ddcccac7c2d9164378de840f4b982d10f6f3ad6e312e425a	research/results/EXP-20260830-0007.json	2026-08-30T01:22:28Z
EXP-20260830-0007	HYP-0002	exact_program_memo	quick	complete	1.0	4717.833333333333	769.8833333333333	1696.0	0.0	3.4065125323384313	True	986e7e7be77eb670ddcccac7c2d9164378de840f4b982d10f6f3ad6e312e425a	research/results/EXP-20260830-0007.json	2026-08-30T01:22:28Z
EXP-20260830-0007	HYP-0002	mismatched_library_search	quick	complete	1.0	9134.041666666666	1384.4333333333334	800.0	0.0	3.9381414746721517	True	986e7e7be77eb670ddcccac7c2d9164378de840f4b982d10f6f3ad6e312e425a	research/results/EXP-20260830-0007.json	2026-08-30T01:22:28Z
EXP-20260830-0007	HYP-0002	oracle_library_search	quick	complete	1.0	198.58333333333334	211.58333333333334	800.0	0.0	1.81220532138858	True	986e7e7be77eb670ddcccac7c2d9164378de840f4b982d10f6f3ad6e312e425a	research/results/EXP-20260830-0007.json	2026-08-30T01:22:28Z
EXP-20260830-0007	HYP-0002	learned_library_search	quick	complete	1.0	198.58333333333334	272.0833333333333	6780.0	0.0	1.81220532138858	True	986e7e7be77eb670ddcccac7c2d9164378de840f4b982d10f6f3ad6e312e425a	research/results/EXP-20260830-0007.json	2026-08-30T01:22:28Z
EXP-20260830-0008	HYP-0002	random_program_guess	screen	complete	0.013888888888888888	1.0	0.2972222222222222	1504.0	0.0	0.0	True	893b80ace915461ed9249019c0e0edcb4bccec006cb7836ec666d2a73b19e426	research/results/EXP-20260830-0008.json	2026-08-30T01:34:11Z
EXP-20260830-0008	HYP-0002	primitive_program_search	screen	complete	0.9930555555555556	82124.43055555556	9256.194444444445	1504.0	0.0	4.5368481969085686	True	893b80ace915461ed9249019c0e0edcb4bccec006cb7836ec666d2a73b19e426	research/results/EXP-20260830-0008.json	2026-08-30T01:34:11Z
EXP-20260830-0008	HYP-0002	exact_program_memo	screen	complete	0.9930555555555556	82124.43055555556	9354.341666666667	2336.0	0.0	4.5368481969085686	True	893b80ace915461ed9249019c0e0edcb4bccec006cb7836ec666d2a73b19e426	research/results/EXP-20260830-0008.json	2026-08-30T01:34:11Z
EXP-20260830-0008	HYP-0002	mismatched_library_search	screen	complete	0.9861111111111112	169549.88888888888	17223.28888888889	1504.0	-2.0523882730687733e-31	4.891246162111082	True	893b80ace915461ed9249019c0e0edcb4bccec006cb7836ec666d2a73b19e426	research/results/EXP-20260830-0008.json	2026-08-30T01:34:11Z
EXP-20260830-0008	HYP-0002	oracle_library_search	screen	complete	0.9930555555555556	33501.243055555555	5582.188888888889	1504.0	0.0	3.997765736867374	True	893b80ace915461ed9249019c0e0edcb4bccec006cb7836ec666d2a73b19e426	research/results/EXP-20260830-0008.json	2026-08-30T01:34:11Z
EXP-20260830-0008	HYP-0002	learned_library_search	screen	complete	0.9930555555555556	33501.243055555555	5718.655555555556	25624.0	0.0	3.997765736867374	True	893b80ace915461ed9249019c0e0edcb4bccec006cb7836ec666d2a73b19e426	research/results/EXP-20260830-0008.json	2026-08-30T01:34:11Z
EXP-20260830-0009	HYP-0002	random_program_guess	screen	complete	0.034722222222222224	1.0	0.3111111111111111	1504.0	0.0	0.0	True	9c1b8d8d33139ecf20ea622e79c709ba17e4535a950b96945f43d6a36c354830	research/results/EXP-20260830-0009.json	2026-08-30T01:42:56Z
EXP-20260830-0009	HYP-0002	primitive_program_search	screen	complete	1.0	82717.81944444444	9389.147222222222	1504.0	2.0523882730687733e-31	3.921288306868967	True	9c1b8d8d33139ecf20ea622e79c709ba17e4535a950b96945f43d6a36c354830	research/results/EXP-20260830-0009.json	2026-08-30T01:42:56Z
EXP-20260830-0009	HYP-0002	exact_program_memo	screen	complete	1.0	82717.81944444444	9432.611111111111	2336.0	2.0523882730687733e-31	3.921288306868967	True	9c1b8d8d33139ecf20ea622e79c709ba17e4535a950b96945f43d6a36c354830	research/results/EXP-20260830-0009.json	2026-08-30T01:42:56Z
EXP-20260830-0009	HYP-0002	mismatched_library_search	screen	complete	1.0	176414.84722222222	17599.9	1504.0	0.0	4.281853109033429	True	9c1b8d8d33139ecf20ea622e79c709ba17e4535a950b96945f43d6a36c354830	research/results/EXP-20260830-0009.json	2026-08-30T01:42:56Z
EXP-20260830-0009	HYP-0002	oracle_library_search	screen	complete	1.0	34064.72222222222	5996.741666666667	1504.0	0.0	3.3986536831354197	True	9c1b8d8d33139ecf20ea622e79c709ba17e4535a950b96945f43d6a36c354830	research/results/EXP-20260830-0009.json	2026-08-30T01:42:56Z
EXP-20260830-0009	HYP-0002	learned_library_search	screen	complete	1.0	34064.72222222222	6095.694444444444	25624.0	0.0	3.3986536831354197	True	9c1b8d8d33139ecf20ea622e79c709ba17e4535a950b96945f43d6a36c354830	research/results/EXP-20260830-0009.json	2026-08-30T01:42:56Z
EXP-20260830-0010	HYP-0006	random_cellular_guess	quick	complete	0.625	1.0	1.4333333333333333	8256.0	0.0	0.0	True	0e024c5135afe77737a7b770f638e320bbb298711b34f98702c0f6e6ab7c0665	research/results/EXP-20260830-0010.json	2026-08-30T01:59:32Z
EXP-20260830-0010	HYP-0006	learned_synchronous_ca	quick	complete	1.0	2236.1666666666665	120.48333333333333	8664.0	1.542556688128304	1.0708745017736805	True	0e024c5135afe77737a7b770f638e320bbb298711b34f98702c0f6e6ab7c0665	research/results/EXP-20260830-0010.json	2026-08-30T01:59:32Z
EXP-20260830-0010	HYP-0006	learned_event_queue_ca	quick	complete	1.0	142.95833333333334	16.416666666666668	8488.0	0.0	1.2212027185634933	True	0e024c5135afe77737a7b770f638e320bbb298711b34f98702c0f6e6ab7c0665	research/results/EXP-20260830-0010.json	2026-08-30T01:59:32Z
EXP-20260830-0010	HYP-0006	oracle_event_queue_ca	quick	complete	1.0	117.70833333333333	12.833333333333334	8464.0	0.0	1.1687393686739738	True	0e024c5135afe77737a7b770f638e320bbb298711b34f98702c0f6e6ab7c0665	research/results/EXP-20260830-0010.json	2026-08-30T01:59:32Z
EXP-20260830-0010	HYP-0006	sparse_grid_bfs	quick	complete	1.0	117.70833333333333	14.200000000000001	8464.0	0.0	1.1687393686739738	True	0e024c5135afe77737a7b770f638e320bbb298711b34f98702c0f6e6ab7c0665	research/results/EXP-20260830-0010.json	2026-08-30T01:59:32Z
EXP-20260830-0011	HYP-0008	random_causal_guess	quick	complete	0.5416666666666666	1.0	1.3833333333333335	64.0	0.0	0.0	True	80d3c0d89d1f5b50575caea9cb21c3a8c9f9f43de992a167eae7698e9e2d1809	research/results/EXP-20260830-0011.json	2026-08-30T02:10:49Z
EXP-20260830-0011	HYP-0008	observational_conditioning	quick	complete	0.6666666666666666	7.0	1.5166666666666666	576.0	0.0	0.0	True	80d3c0d89d1f5b50575caea9cb21c3a8c9f9f43de992a167eae7698e9e2d1809	research/results/EXP-20260830-0011.json	2026-08-30T02:10:49Z
EXP-20260830-0011	HYP-0008	intervention_memorizer	quick	complete	0.6666666666666666	2.0	0.8833333333333333	37776.0	0.0	0.0	True	80d3c0d89d1f5b50575caea9cb21c3a8c9f9f43de992a167eae7698e9e2d1809	research/results/EXP-20260830-0011.json	2026-08-30T02:10:49Z
EXP-20260830-0011	HYP-0008	learned_dense_causal	quick	complete	1.0	78.91666666666667	4.416666666666667	39456.0	1.018712424933244	-0.011947794377456066	True	80d3c0d89d1f5b50575caea9cb21c3a8c9f9f43de992a167eae7698e9e2d1809	research/results/EXP-20260830-0011.json	2026-08-30T02:10:49Z
EXP-20260830-0011	HYP-0008	learned_local_causal	quick	complete	1.0	27.583333333333332	3.9333333333333336	39456.0	0.0	0.5706601362255129	True	80d3c0d89d1f5b50575caea9cb21c3a8c9f9f43de992a167eae7698e9e2d1809	research/results/EXP-20260830-0011.json	2026-08-30T02:10:49Z
EXP-20260830-0011	HYP-0008	oracle_local_causal	quick	complete	1.0	27.583333333333332	3.4499999999999997	896.0	0.0	0.5706601362255129	True	80d3c0d89d1f5b50575caea9cb21c3a8c9f9f43de992a167eae7698e9e2d1809	research/results/EXP-20260830-0011.json	2026-08-30T02:10:49Z
EXP-20260830-0012	HYP-0008	random_causal_guess	screen	complete	0.4513888888888889	1.0	0.4527777777777778	64.0	0.0	0.0	True	49c5ec489cbf4870f14ac4e4715395ce5e22b469c2ea146a6b24b07fd8f6d532	research/results/EXP-20260830-0012.json	2026-08-30T02:29:51Z
EXP-20260830-0012	HYP-0008	adversarial_observational	screen	complete	0.5972222222222222	256.0	13.758333333333333	38960.0	0.0	0.0	True	49c5ec489cbf4870f14ac4e4715395ce5e22b469c2ea146a6b24b07fd8f6d532	research/results/EXP-20260830-0012.json	2026-08-30T02:29:51Z
EXP-20260830-0012	HYP-0008	nearest_intervention	screen	complete	0.4861111111111111	2408.0	124.10555555555555	222000.0	0.0	0.0	True	49c5ec489cbf4870f14ac4e4715395ce5e22b469c2ea146a6b24b07fd8f6d532	research/results/EXP-20260830-0012.json	2026-08-30T02:29:51Z
EXP-20260830-0012	HYP-0008	robust_dense_causal	screen	complete	1.0	543.3611111111111	42.169444444444444	48532.0	0.7916556143803847	-0.002846421621489809	True	49c5ec489cbf4870f14ac4e4715395ce5e22b469c2ea146a6b24b07fd8f6d532	research/results/EXP-20260830-0012.json	2026-08-30T02:29:51Z
EXP-20260830-0012	HYP-0008	robust_local_causal	screen	complete	1.0	25.5	3.9055555555555554	48532.0	0.0	0.39751039710117014	True	49c5ec489cbf4870f14ac4e4715395ce5e22b469c2ea146a6b24b07fd8f6d532	research/results/EXP-20260830-0012.json	2026-08-30T02:29:51Z
EXP-20260830-0012	HYP-0008	noninvariant_local_causal	screen	complete	0.08333333333333333	1.8333333333333333	1.1749999999999998	47972.0	0.0		True	49c5ec489cbf4870f14ac4e4715395ce5e22b469c2ea146a6b24b07fd8f6d532	research/results/EXP-20260830-0012.json	2026-08-30T02:29:51Z
EXP-20260830-0012	HYP-0008	oracle_adversarial_causal	screen	complete	1.0	25.5	3.736111111111111	11248.0	0.0	0.39751039710117014	True	49c5ec489cbf4870f14ac4e4715395ce5e22b469c2ea146a6b24b07fd8f6d532	research/results/EXP-20260830-0012.json	2026-08-30T02:29:51Z
EXP-20260830-0013	HYP-0009	random_pointer_guess	quick	complete	0.041666666666666664	1.0	1.1500000000000001	64.0	0.0	0.0	True	020132d764270f1427d346577fa351e6680b9358587f6ed82fbc083c5baf0fdf	research/results/EXP-20260830-0013.json	2026-08-30T02:48:42Z
EXP-20260830-0013	HYP-0009	pointer_trace_memorizer	quick	complete	0.0	24.666666666666668	1.1166666666666667	5056.0	0.766716100040537	0.10862823102471995	True	020132d764270f1427d346577fa351e6680b9358587f6ed82fbc083c5baf0fdf	research/results/EXP-20260830-0013.json	2026-08-30T02:48:42Z
EXP-20260830-0013	HYP-0009	dense_pointer_controller	quick	complete	1.0	82.5	3.483333333333333	960.0	0.8581035169997041	1.0000000000000002	True	020132d764270f1427d346577fa351e6680b9358587f6ed82fbc083c5baf0fdf	research/results/EXP-20260830-0013.json	2026-08-30T02:48:42Z
EXP-20260830-0013	HYP-0009	learned_hard_pointer	quick	complete	1.0	12.833333333333334	1.5	808.0	0.0	1.0	True	020132d764270f1427d346577fa351e6680b9358587f6ed82fbc083c5baf0fdf	research/results/EXP-20260830-0013.json	2026-08-30T02:48:42Z
EXP-20260830-0013	HYP-0009	oracle_pointer_machine	quick	complete	1.0	9.166666666666666	1.5666666666666667	272.0	0.0	1.0000000000000002	True	020132d764270f1427d346577fa351e6680b9358587f6ed82fbc083c5baf0fdf	research/results/EXP-20260830-0013.json	2026-08-30T02:48:42Z
EXP-20260830-0014	HYP-0008	random_latent_guess	quick	complete	0.6666666666666666	1.0	7.083333333333333	64.0	0.0	0.0	True	24fdc3ad86bea9d9f0d95798873cb54f8463b4e4a80be6921816f09b0e1d3bc1	research/results/EXP-20260830-0014.json	2026-08-30T03:04:43Z
EXP-20260830-0014	HYP-0008	raw_episode_predictor	quick	complete	0.0	71108.0	2181.616666666667	1029448.0	0.9903759964284036	0.0	True	24fdc3ad86bea9d9f0d95798873cb54f8463b4e4a80be6921816f09b0e1d3bc1	research/results/EXP-20260830-0014.json	2026-08-30T03:04:43Z
EXP-20260830-0014	HYP-0008	latent_factorized_causal	quick	complete	1.0	88.33333333333333	9.633333333333333	2037840.0	0.4020738719568888	0.25089563510049406	True	24fdc3ad86bea9d9f0d95798873cb54f8463b4e4a80be6921816f09b0e1d3bc1	research/results/EXP-20260830-0014.json	2026-08-30T03:04:43Z
EXP-20260830-0014	HYP-0008	oracle_representation_causal	quick	complete	1.0	88.33333333333333	10.383333333333335	2042240.0	0.4020738719568888	0.25089563510049406	True	24fdc3ad86bea9d9f0d95798873cb54f8463b4e4a80be6921816f09b0e1d3bc1	research/results/EXP-20260830-0014.json	2026-08-30T03:04:43Z
EXP-20260830-0014	HYP-0008	oracle_latent_causal	quick	complete	1.0	88.33333333333333	9.383333333333333	8576.0	0.4020738719568888	0.25089563510049406	True	24fdc3ad86bea9d9f0d95798873cb54f8463b4e4a80be6921816f09b0e1d3bc1	research/results/EXP-20260830-0014.json	2026-08-30T03:04:43Z
EXP-20260830-0015	HYP-0008	random_latent_independent	quick	complete	0.4583333333333333	1.0	1.5	2832.0	0.0	0.0	True	fe1c96a8487cf2e44806bb33664cd032ab3cba99b83f2e500151ef6246baa3d6	research/results/EXP-20260830-0015.json	2026-08-30T03:16:44Z
EXP-20260830-0015	HYP-0008	latent_majority_guess	quick	complete	0.5	1.0	0.7333333333333334	2832.0	0.0	0.0	True	fe1c96a8487cf2e44806bb33664cd032ab3cba99b83f2e500151ef6246baa3d6	research/results/EXP-20260830-0015.json	2026-08-30T03:16:44Z
EXP-20260830-0015	HYP-0008	latent_parity_shortcut	quick	complete	0.5416666666666666	5.0	1.7833333333333332	2832.0	0.0	0.0	True	fe1c96a8487cf2e44806bb33664cd032ab3cba99b83f2e500151ef6246baa3d6	research/results/EXP-20260830-0015.json	2026-08-30T03:16:44Z
EXP-20260830-0015	HYP-0008	raw_episode_predictor	quick	complete	0.4791666666666667	71156.0	1773.033333333333	1030024.0	0.9894776650711256	0.0	True	fe1c96a8487cf2e44806bb33664cd032ab3cba99b83f2e500151ef6246baa3d6	research/results/EXP-20260830-0015.json	2026-08-30T03:16:44Z
EXP-20260830-0015	HYP-0008	latent_factorized_mixed	quick	complete	1.0	73.66666666666667	12.183333333333332	2037736.0	0.4877941669800433	0.14624116727457093	True	fe1c96a8487cf2e44806bb33664cd032ab3cba99b83f2e500151ef6246baa3d6	research/results/EXP-20260830-0015.json	2026-08-30T03:16:44Z
EXP-20260830-0015	HYP-0008	oracle_representation_mixed	quick	complete	1.0	73.66666666666667	13.016666666666666	2042192.0	0.4877941669800433	0.14624116727457093	True	fe1c96a8487cf2e44806bb33664cd032ab3cba99b83f2e500151ef6246baa3d6	research/results/EXP-20260830-0015.json	2026-08-30T03:16:44Z
EXP-20260830-0015	HYP-0008	oracle_latent_mixed	quick	complete	1.0	73.66666666666667	12.233333333333334	8576.0	0.4877941669800433	0.14624116727457093	True	fe1c96a8487cf2e44806bb33664cd032ab3cba99b83f2e500151ef6246baa3d6	research/results/EXP-20260830-0015.json	2026-08-30T03:16:44Z
EXP-20260830-0016	HYP-0008	random_latent_independent	screen	complete	0.3055555555555556	1.0	0.47500000000000003	2880.0	0.0	0.0	True	38a821487f420b458e6796834893273b7c699d28ea0726c4293ca6335afe0ede	research/results/EXP-20260830-0016.json	2026-08-30T03:26:29Z
EXP-20260830-0016	HYP-0008	latent_majority_guess	screen	complete	0.5	1.0	0.2138888888888889	2880.0	0.0	0.0	True	38a821487f420b458e6796834893273b7c699d28ea0726c4293ca6335afe0ede	research/results/EXP-20260830-0016.json	2026-08-30T03:26:29Z
EXP-20260830-0016	HYP-0008	latent_parity_shortcut	screen	complete	0.3333333333333333	5.0	0.6861111111111111	2880.0	0.0	0.0	True	38a821487f420b458e6796834893273b7c699d28ea0726c4293ca6335afe0ede	research/results/EXP-20260830-0016.json	2026-08-30T03:26:29Z
EXP-20260830-0016	HYP-0008	raw_episode_predictor	screen	complete	0.5277777777777778	623408.0	15428.852777777776	13531648.0	1.1822227525647497	0.0	True	38a821487f420b458e6796834893273b7c699d28ea0726c4293ca6335afe0ede	research/results/EXP-20260830-0016.json	2026-08-30T03:26:29Z
EXP-20260830-0016	HYP-0008	latent_factorized_mixed	screen	complete	1.0	149.11111111111111	12.719444444444443	17932312.0	0.6160905103176991	0.08077197284583436	True	38a821487f420b458e6796834893273b7c699d28ea0726c4293ca6335afe0ede	research/results/EXP-20260830-0016.json	2026-08-30T03:26:29Z
EXP-20260830-0016	HYP-0008	oracle_representation_mixed	screen	complete	1.0	149.11111111111111	12.177777777777777	17941560.0	0.6160905103176991	0.08077197284583436	True	38a821487f420b458e6796834893273b7c699d28ea0726c4293ca6335afe0ede	research/results/EXP-20260830-0016.json	2026-08-30T03:26:29Z
EXP-20260830-0016	HYP-0008	oracle_latent_mixed	screen	complete	1.0	149.11111111111111	12.619444444444445	17504.0	0.6160905103176991	0.08077197284583436	True	38a821487f420b458e6796834893273b7c699d28ea0726c4293ca6335afe0ede	research/results/EXP-20260830-0016.json	2026-08-30T03:26:29Z
EXP-20260830-0017	HYP-0007	random_attractor_guess	quick	complete	0.0	30.0	7.366666666666667	2832.0	0.0	0.0	True	64530893562c973187fc71848043649edef0833bbd3067f113377e523a8b62b9	research/results/EXP-20260830-0017.json	2026-08-30T03:41:45Z
EXP-20260830-0017	HYP-0007	bit_majority_attractor	quick	complete	0.0	30.0	0.7166666666666667	10408.0	0.0	0.0	True	64530893562c973187fc71848043649edef0833bbd3067f113377e523a8b62b9	research/results/EXP-20260830-0017.json	2026-08-30T03:41:45Z
EXP-20260830-0017	HYP-0007	nearest_stored_attractor	quick	complete	0.0	1200.0	23.266666666666666	10288.0	1.0	0.0	True	64530893562c973187fc71848043649edef0833bbd3067f113377e523a8b62b9	research/results/EXP-20260830-0017.json	2026-08-30T03:41:45Z
EXP-20260830-0017	HYP-0007	classical_hopfield_attractor	quick	complete	1.0	1860.0	39.53333333333333	19016.0	0.0	0.0	True	64530893562c973187fc71848043649edef0833bbd3067f113377e523a8b62b9	research/results/EXP-20260830-0017.json	2026-08-30T03:41:45Z
EXP-20260830-0017	HYP-0007	sequential_energy_repair	quick	complete	1.0	8212.0	155.95000000000002	14016.0	0.0	0.9845806543480387	True	64530893562c973187fc71848043649edef0833bbd3067f113377e523a8b62b9	research/results/EXP-20260830-0017.json	2026-08-30T03:41:45Z
EXP-20260830-0017	HYP-0007	learned_parallel_energy	quick	complete	1.0	174.0	8.15	14016.0	0.0	0.0	True	64530893562c973187fc71848043649edef0833bbd3067f113377e523a8b62b9	research/results/EXP-20260830-0017.json	2026-08-30T03:41:45Z
EXP-20260830-0017	HYP-0007	oracle_relational_energy	quick	complete	1.0	174.0	8.033333333333333	2504.0	0.0	0.0	True	64530893562c973187fc71848043649edef0833bbd3067f113377e523a8b62b9	research/results/EXP-20260830-0017.json	2026-08-30T03:41:45Z
EXP-20260830-0018	HYP-0007	random_attractor_guess	screen	complete	0.0	36.0	6.688888888888889	2832.0	5.130970682671933e-32	0.0	True	6ee68b7479bd076090ea10eca925dac008e6692e40bb23c9ba244281e82ec8e8	research/results/EXP-20260830-0018.json	2026-08-30T03:59:49Z
EXP-20260830-0018	HYP-0007	bit_majority_attractor	screen	complete	0.0	36.0	0.25277777777777777	44264.0	5.130970682671933e-32	0.0	True	6ee68b7479bd076090ea10eca925dac008e6692e40bb23c9ba244281e82ec8e8	research/results/EXP-20260830-0018.json	2026-08-30T03:59:49Z
EXP-20260830-0018	HYP-0007	nearest_stored_attractor	screen	complete	0.0	4032.0	67.21666666666667	43968.0	0.9999999999999999	0.0	True	6ee68b7479bd076090ea10eca925dac008e6692e40bb23c9ba244281e82ec8e8	research/results/EXP-20260830-0018.json	2026-08-30T03:59:49Z
EXP-20260830-0018	HYP-0007	classical_hopfield_attractor	screen	complete	0.22453703703703706	2664.0	52.825	62120.0	-1.0261941365343867e-31	0.0	True	6ee68b7479bd076090ea10eca925dac008e6692e40bb23c9ba244281e82ec8e8	research/results/EXP-20260830-0018.json	2026-08-30T03:59:49Z
EXP-20260830-0018	HYP-0007	learned_parallel_energy	screen	complete	0.1851851851851852	244.0	8.016666666666667	48480.0	0.0	0.0	True	6ee68b7479bd076090ea10eca925dac008e6692e40bb23c9ba244281e82ec8e8	research/results/EXP-20260830-0018.json	2026-08-30T03:59:49Z
EXP-20260830-0018	HYP-0007	incremental_sequential_energy	screen	complete	1.0	185.5	5.680555555555555	50280.0	0.0	0.033936732781015916	True	6ee68b7479bd076090ea10eca925dac008e6692e40bb23c9ba244281e82ec8e8	research/results/EXP-20260830-0018.json	2026-08-30T03:59:49Z
EXP-20260830-0018	HYP-0007	robust_parallel_energy	screen	complete	1.0	212.0	6.436111111111111	50280.0	0.0	0.0	True	6ee68b7479bd076090ea10eca925dac008e6692e40bb23c9ba244281e82ec8e8	research/results/EXP-20260830-0018.json	2026-08-30T03:59:49Z
EXP-20260830-0018	HYP-0007	oracle_relational_energy	screen	complete	1.0	212.0	6.927777777777778	3352.0	0.0	0.0	True	6ee68b7479bd076090ea10eca925dac008e6692e40bb23c9ba244281e82ec8e8	research/results/EXP-20260830-0018.json	2026-08-30T03:59:49Z
EXP-20260830-0019	HYP-0003	random_reaction_guess	quick	complete	0.0	40.0	7.766666666666667	2920.0	0.9999999999999997	0.0	True	5fab4df9a2d36edc8aa41378bcd1addc7c0f779dac5ee83e633a7d38894b0bdd	research/results/EXP-20260830-0019.json	2026-08-30T04:15:51Z
EXP-20260830-0019	HYP-0003	reaction_trajectory_memorizer	quick	complete	0.0	60.0	1.1500000000000001	25184.0	0.9999999999999997	0.0	True	5fab4df9a2d36edc8aa41378bcd1addc7c0f779dac5ee83e633a7d38894b0bdd	research/results/EXP-20260830-0019.json	2026-08-30T04:15:51Z
EXP-20260830-0019	HYP-0003	learned_reaction_sweep	quick	complete	1.0	106.33333333333333	6.3999999999999995	2464.0	0.6350445816838721	1.0	True	5fab4df9a2d36edc8aa41378bcd1addc7c0f779dac5ee83e633a7d38894b0bdd	research/results/EXP-20260830-0019.json	2026-08-30T04:15:51Z
EXP-20260830-0019	HYP-0003	learned_reaction_recurrent	quick	complete	1.0	133.3125	7.0	2464.0	0.08057157203672238	0.733667264637378	True	5fab4df9a2d36edc8aa41378bcd1addc7c0f779dac5ee83e633a7d38894b0bdd	research/results/EXP-20260830-0019.json	2026-08-30T04:15:51Z
EXP-20260830-0019	HYP-0003	rete_reaction_engine	quick	complete	1.0	53.0	5.3	2464.0	0.332407904205185	0.5104642066089486	True	5fab4df9a2d36edc8aa41378bcd1addc7c0f779dac5ee83e633a7d38894b0bdd	research/results/EXP-20260830-0019.json	2026-08-30T04:15:51Z
EXP-20260830-0019	HYP-0003	learned_semantic_reactor	quick	complete	1.0	53.0	5.533333333333334	2464.0	0.332407904205185	0.5104642066089486	True	5fab4df9a2d36edc8aa41378bcd1addc7c0f779dac5ee83e633a7d38894b0bdd	research/results/EXP-20260830-0019.json	2026-08-30T04:15:51Z
EXP-20260830-0019	HYP-0003	oracle_reaction_engine	quick	complete	1.0	53.0	5.516666666666667	2464.0	0.332407904205185	0.5104642066089486	True	5fab4df9a2d36edc8aa41378bcd1addc7c0f779dac5ee83e633a7d38894b0bdd	research/results/EXP-20260830-0019.json	2026-08-30T04:15:51Z
EXP-20260830-0020	HYP-0008	random_latent_independent	quick	complete	0.4583333333333333	1.0	1.3333333333333333	64.0	0.0	0.0	True	a0c5d2cb83b8a2c435d5ebd0a4dd99487f33983b68318c2c74a2d8db4cfe7603	research/results/EXP-20260830-0020.json	2026-08-30T04:34:20Z
EXP-20260830-0020	HYP-0008	latent_majority_guess	quick	complete	0.5	1.0	0.3833333333333333	64.0	0.0	0.0	True	a0c5d2cb83b8a2c435d5ebd0a4dd99487f33983b68318c2c74a2d8db4cfe7603	research/results/EXP-20260830-0020.json	2026-08-30T04:34:20Z
EXP-20260830-0020	HYP-0008	dense_random_feature_causal	quick	complete	0.5625	23345.0	32.36666666666667	121664.0	0.39043624483167005	0.0	True	a0c5d2cb83b8a2c435d5ebd0a4dd99487f33983b68318c2c74a2d8db4cfe7603	research/results/EXP-20260830-0020.json	2026-08-30T04:34:20Z
EXP-20260830-0020	HYP-0008	noisy_factorized_dense	quick	complete	0.041666666666666664	58.854166666666664	20.01666666666667	1072.0	0.7275411090871232	-0.02155354536221684	True	a0c5d2cb83b8a2c435d5ebd0a4dd99487f33983b68318c2c74a2d8db4cfe7603	research/results/EXP-20260830-0020.json	2026-08-30T04:34:20Z
EXP-20260830-0020	HYP-0008	noisy_factorized_local	quick	complete	0.041666666666666664	54.791666666666664	8.4	1072.0	0.7009952145591701	0.0023637416839594485	True	a0c5d2cb83b8a2c435d5ebd0a4dd99487f33983b68318c2c74a2d8db4cfe7603	research/results/EXP-20260830-0020.json	2026-08-30T04:34:20Z
EXP-20260830-0020	HYP-0008	oracle_representation_noisy	quick	crash							True	a0c5d2cb83b8a2c435d5ebd0a4dd99487f33983b68318c2c74a2d8db4cfe7603	research/results/EXP-20260830-0020.json	2026-08-30T04:34:20Z
EXP-20260830-0020	HYP-0008	oracle_noisy_causal	quick	complete	1.0	79.66666666666667	21.78333333333333	3440.0	0.44853323882827534	0.13468165397960008	True	a0c5d2cb83b8a2c435d5ebd0a4dd99487f33983b68318c2c74a2d8db4cfe7603	research/results/EXP-20260830-0020.json	2026-08-30T04:34:20Z
EXP-20260830-0021	HYP-0010	random_module_router	quick	complete	0.0	75.16666666666667	6.616666666666667	11936.0	-0.005598068720113312	0.9722423436399056	True	09f2a8c4010eb8e904e7168582018e689a592ebe09a5e3e9da765c682d66ed38	research/results/EXP-20260830-0021.json	2026-08-30T04:51:17Z
EXP-20260830-0021	HYP-0010	primitive_demo_memorizer	quick	complete	0.0	63.333333333333336	1.3166666666666667	17472.0	0.0	0.9724546618072052	True	09f2a8c4010eb8e904e7168582018e689a592ebe09a5e3e9da765c682d66ed38	research/results/EXP-20260830-0021.json	2026-08-30T04:51:17Z
EXP-20260830-0021	HYP-0010	dense_shared_transform	quick	complete	0.0	30126.333333333332	73.68333333333334	33792.0	0.0	0.9999410240447147	True	09f2a8c4010eb8e904e7168582018e689a592ebe09a5e3e9da765c682d66ed38	research/results/EXP-20260830-0021.json	2026-08-30T04:51:17Z
EXP-20260830-0021	HYP-0010	dense_expert_sweep	quick	complete	1.0	2569.5	84.93333333333334	1024.0	0.9683659952328272	0.9993088220296311	True	09f2a8c4010eb8e904e7168582018e689a592ebe09a5e3e9da765c682d66ed38	research/results/EXP-20260830-0021.json	2026-08-30T04:51:17Z
EXP-20260830-0021	HYP-0010	direct_program_index	quick	complete	1.0	70.95833333333333	4.133333333333334	11360.0	0.0	0.985807703959261	True	09f2a8c4010eb8e904e7168582018e689a592ebe09a5e3e9da765c682d66ed38	research/results/EXP-20260830-0021.json	2026-08-30T04:51:17Z
EXP-20260830-0021	HYP-0010	learned_sparse_modules	quick	complete	1.0	74.625	4.516666666666667	11936.0	0.0	0.9864999674490522	True	09f2a8c4010eb8e904e7168582018e689a592ebe09a5e3e9da765c682d66ed38	research/results/EXP-20260830-0021.json	2026-08-30T04:51:17Z
EXP-20260830-0021	HYP-0010	oracle_sparse_modules	quick	complete	1.0	74.625	3.1166666666666667	11936.0	0.0	0.9864999674490522	True	09f2a8c4010eb8e904e7168582018e689a592ebe09a5e3e9da765c682d66ed38	research/results/EXP-20260830-0021.json	2026-08-30T04:51:17Z
EXP-20260830-0022	HYP-0009	random_whole_io	quick	complete	0.5416666666666666	5.666666666666667	2.6166666666666667	64.0	0.0	0.5352400796046689	True	8f51042a464f0fa2d1fad527dee7aebc2ce7ea0348d4d7fac3c36656be29a882	research/results/EXP-20260830-0022.json	2026-08-30T05:10:27Z
EXP-20260830-0022	HYP-0009	nearest_whole_io	quick	complete	0.6666666666666666	306.3333333333333	25.583333333333332	64.0	0.0	0.1066796071748942	True	8f51042a464f0fa2d1fad527dee7aebc2ce7ea0348d4d7fac3c36656be29a882	research/results/EXP-20260830-0022.json	2026-08-30T05:10:27Z
EXP-20260830-0022	HYP-0009	dense_whole_io	quick	complete	0.5416666666666666	5373.333333333333	31.333333333333332	24192.0	0.41255266209751035	-0.0006896855605135163	True	8f51042a464f0fa2d1fad527dee7aebc2ce7ea0348d4d7fac3c36656be29a882	research/results/EXP-20260830-0022.json	2026-08-30T05:10:27Z
EXP-20260830-0022	HYP-0009	enumerative_mdl_vm	quick	complete	1.0	128401.33333333333	1424.0833333333333	1448.0	0.0	-0.007694907143410134	True	8f51042a464f0fa2d1fad527dee7aebc2ce7ea0348d4d7fac3c36656be29a882	research/results/EXP-20260830-0022.json	2026-08-30T05:10:27Z
EXP-20260830-0022	HYP-0009	learned_latent_vm	quick	complete	0.9375	610017.3333333334	6921.683333333333	1576.0	-0.0007843939446159113	-0.01033975285054891	True	8f51042a464f0fa2d1fad527dee7aebc2ce7ea0348d4d7fac3c36656be29a882	research/results/EXP-20260830-0022.json	2026-08-30T05:10:27Z
EXP-20260830-0022	HYP-0009	oracle_latent_vm	quick	complete	1.0	23.0	2.4666666666666663	72.0	0.0	0.9264326407226124	True	8f51042a464f0fa2d1fad527dee7aebc2ce7ea0348d4d7fac3c36656be29a882	research/results/EXP-20260830-0022.json	2026-08-30T05:10:27Z
EXP-20260830-0023	HYP-0011	random_trace_guess	quick	complete	0.0	41.0	10.533333333333333	64.0	0.9674524858890571	0.0	True	bd215ef80fff8c4fd826bca1af3d0b10ddd2ecbc6ef583aa83a4b2940f950f7d	research/results/EXP-20260830-0023.json	2026-08-30T05:29:42Z
EXP-20260830-0023	HYP-0011	exact_key_trace_cache	quick	complete	1.0	157.33333333333334	27.78333333333333	1328.0	0.22180332573780728	0.6422900655327807	True	bd215ef80fff8c4fd826bca1af3d0b10ddd2ecbc6ef583aa83a4b2940f950f7d	research/results/EXP-20260830-0023.json	2026-08-30T05:29:42Z
EXP-20260830-0023	HYP-0011	indexed_dag_planner	quick	complete	1.0	157.33333333333334	22.86666666666667	64.0	0.22180332573780728	0.6422900655327807	True	bd215ef80fff8c4fd826bca1af3d0b10ddd2ecbc6ef583aa83a4b2940f950f7d	research/results/EXP-20260830-0023.json	2026-08-30T05:29:42Z
EXP-20260830-0023	HYP-0011	canonical_result_cache	quick	complete	1.0	180.0	9.15	2240.0	0.19351156155462335	0.6281262163442665	True	bd215ef80fff8c4fd826bca1af3d0b10ddd2ecbc6ef583aa83a4b2940f950f7d	research/results/EXP-20260830-0023.json	2026-08-30T05:29:42Z
EXP-20260830-0023	HYP-0011	dependency_trace_compiler	quick	complete	1.0	180.0	10.983333333333333	6400.0	0.19351156155462335	0.6281262163442665	True	bd215ef80fff8c4fd826bca1af3d0b10ddd2ecbc6ef583aa83a4b2940f950f7d	research/results/EXP-20260830-0023.json	2026-08-30T05:29:42Z
EXP-20260830-0023	HYP-0011	oracle_trace_compiler	quick	complete	1.0	1.0	0.6333333333333333	64.0	0.0	0.0	True	bd215ef80fff8c4fd826bca1af3d0b10ddd2ecbc6ef583aa83a4b2940f950f7d	research/results/EXP-20260830-0023.json	2026-08-30T05:29:42Z
EXP-20260830-0024	HYP-0011	random_trace_guess	screen	complete	0.0023148148148148147	129.5	10.683333333333334	64.0	0.757326958083696	0.07322087022379445	True	a836c1cc8d7663523413afebb77d05ea9cb53942d1aadea8f650541ad4aefdb8	research/results/EXP-20260830-0024.json	2026-08-30T05:56:00Z
EXP-20260830-0024	HYP-0011	exact_key_trace_cache	screen	complete	1.0	256.5	21.305555555555557	5008.0	0.32980723632160197	0.40211958545587306	True	a836c1cc8d7663523413afebb77d05ea9cb53942d1aadea8f650541ad4aefdb8	research/results/EXP-20260830-0024.json	2026-08-30T05:56:00Z
EXP-20260830-0024	HYP-0011	indexed_dag_planner	screen	complete	1.0	256.5	7.747222222222222	64.0	0.32980723632160197	0.40211958545587306	True	a836c1cc8d7663523413afebb77d05ea9cb53942d1aadea8f650541ad4aefdb8	research/results/EXP-20260830-0024.json	2026-08-30T05:56:00Z
EXP-20260830-0024	HYP-0011	canonical_result_cache	screen	complete	1.0	289.5	12.25	12736.0	0.29092460676935633	0.43238705578196235	True	a836c1cc8d7663523413afebb77d05ea9cb53942d1aadea8f650541ad4aefdb8	research/results/EXP-20260830-0024.json	2026-08-30T05:56:00Z
EXP-20260830-0024	HYP-0011	dependency_trace_compiler	screen	complete	1.0	289.5	11.175	44800.0	0.29092460676935633	0.43238705578196235	True	a836c1cc8d7663523413afebb77d05ea9cb53942d1aadea8f650541ad4aefdb8	research/results/EXP-20260830-0024.json	2026-08-30T05:56:00Z
EXP-20260830-0024	HYP-0011	rewrite_normal_form_result_cache	screen	complete	1.0	333.25	10.06388888888889	3520.0	0.25208427759570706	0.47849377268423476	True	a836c1cc8d7663523413afebb77d05ea9cb53942d1aadea8f650541ad4aefdb8	research/results/EXP-20260830-0024.json	2026-08-30T05:56:00Z
EXP-20260830-0024	HYP-0011	rewrite_normal_form_dependency_trace	screen	complete	1.0	341.25	11.352777777777778	20128.0	0.24611876912360606	0.4814602932887356	True	a836c1cc8d7663523413afebb77d05ea9cb53942d1aadea8f650541ad4aefdb8	research/results/EXP-20260830-0024.json	2026-08-30T05:56:00Z
EXP-20260830-0024	HYP-0011	oracle_equivalence_trace	screen	complete	1.0	1.0	0.7194444444444444	64.0	0.0	0.0	True	a836c1cc8d7663523413afebb77d05ea9cb53942d1aadea8f650541ad4aefdb8	research/results/EXP-20260830-0024.json	2026-08-30T05:56:00Z
EXP-20260830-0025	HYP-0011	random_alias_guess	quick	complete	0.0	173.66666666666666	13.299999999999999	64.0	0.8979048738878487	0.03993205247205568	True	edca4f6f52812d3878da69456b8864fda5d43b5a8392a84ac732af91403dba0a	research/results/EXP-20260830-0025.json	2026-08-30T06:22:52Z
EXP-20260830-0025	HYP-0011	opaque_full_evaluator	quick	complete	1.0	268.6666666666667	35.416666666666664	64.0	0.5392943675530009	0.2803504842377092	True	edca4f6f52812d3878da69456b8864fda5d43b5a8392a84ac732af91403dba0a	research/results/EXP-20260830-0025.json	2026-08-30T06:22:52Z
EXP-20260830-0025	HYP-0011	opaque_exact_key_cache	quick	complete	1.0	268.6666666666667	37.416666666666664	44480.0	0.5392943675530009	0.2803504842377092	True	edca4f6f52812d3878da69456b8864fda5d43b5a8392a84ac732af91403dba0a	research/results/EXP-20260830-0025.json	2026-08-30T06:22:52Z
EXP-20260830-0025	HYP-0011	independent_frequency_cache	quick	complete	1.0	1496.6666666666667	41.31666666666667	104.0	1.443033449035822	0.0482534737093125	True	edca4f6f52812d3878da69456b8864fda5d43b5a8392a84ac732af91403dba0a	research/results/EXP-20260830-0025.json	2026-08-30T06:22:52Z
EXP-20260830-0025	HYP-0011	soft_unification_result_cache	quick	complete	1.0	18725.333333333332	966.65	2144.0	2.6018834115344887	0.005956316989859414	True	edca4f6f52812d3878da69456b8864fda5d43b5a8392a84ac732af91403dba0a	research/results/EXP-20260830-0025.json	2026-08-30T06:22:52Z
EXP-20260830-0025	HYP-0011	soft_unification_dependency_trace	quick	complete	1.0	18734.666666666668	868.0500000000001	9816.0	2.594305961025075	0.006184260305185231	True	edca4f6f52812d3878da69456b8864fda5d43b5a8392a84ac732af91403dba0a	research/results/EXP-20260830-0025.json	2026-08-30T06:22:52Z
EXP-20260830-0025	HYP-0011	exact_constraint_result_cache	quick	complete	1.0	3173.3333333333335	87.86666666666667	1856.0	1.6227920584381594	0.03527954706187222	True	edca4f6f52812d3878da69456b8864fda5d43b5a8392a84ac732af91403dba0a	research/results/EXP-20260830-0025.json	2026-08-30T06:22:52Z
EXP-20260830-0025	HYP-0011	exact_constraint_dependency_trace	quick	complete	1.0	3182.6666666666665	64.0	9720.0	1.6111962106682238	0.036627169025166224	True	edca4f6f52812d3878da69456b8864fda5d43b5a8392a84ac732af91403dba0a	research/results/EXP-20260830-0025.json	2026-08-30T06:22:52Z
EXP-20260830-0025	HYP-0011	mapping_oracle_dependency_trace	quick	complete	1.0	342.6666666666667	49.949999999999996	9720.0	0.40919659675502607	0.3736852733543795	True	edca4f6f52812d3878da69456b8864fda5d43b5a8392a84ac732af91403dba0a	research/results/EXP-20260830-0025.json	2026-08-30T06:22:52Z
EXP-20260830-0026	HYP-0012	random_byte_guess	quick	complete	0.0	30.625	2.283333333333333	64.0	0.0	0.9869338651089621	True	ed7a3d5d3c9140a01235b138211b52c445f896d1dd4942b2cf06a5e1490a9b49	research/results/EXP-20260830-0026.json	2026-08-30T06:44:13Z
EXP-20260830-0026	HYP-0012	raw_support_rescan	quick	complete	1.0	9004.625	986.7166666666667	1684.0	0.3529456936583129	0.0048280974864741266	True	ed7a3d5d3c9140a01235b138211b52c445f896d1dd4942b2cf06a5e1490a9b49	research/results/EXP-20260830-0026.json	2026-08-30T06:44:13Z
EXP-20260830-0026	HYP-0012	fixed_trigram_composer	quick	complete	1.0	221.375	9.766666666666667	236.0	0.0	1.1532232296065408	True	ed7a3d5d3c9140a01235b138211b52c445f896d1dd4942b2cf06a5e1490a9b49	research/results/EXP-20260830-0026.json	2026-08-30T06:44:13Z
EXP-20260830-0026	HYP-0012	lz_phrase_composer	quick	complete	1.0	210.625	11.15	246.0	0.0	0.9869106113008159	True	ed7a3d5d3c9140a01235b138211b52c445f896d1dd4942b2cf06a5e1490a9b49	research/results/EXP-20260830-0026.json	2026-08-30T06:44:13Z
EXP-20260830-0026	HYP-0012	sequitur_grammar_composer	quick	complete	0.6458333333333334	205.54166666666666	10.233333333333333	246.0	-0.035687146354077076	1.1049839510277988	True	ed7a3d5d3c9140a01235b138211b52c445f896d1dd4942b2cf06a5e1490a9b49	research/results/EXP-20260830-0026.json	2026-08-30T06:44:13Z
EXP-20260830-0026	HYP-0012	dense_recurrent_composer	quick	complete	0.041666666666666664	4665.125	56.51666666666667	31408.0	0.0	0.986534687189002	True	ed7a3d5d3c9140a01235b138211b52c445f896d1dd4942b2cf06a5e1490a9b49	research/results/EXP-20260830-0026.json	2026-08-30T06:44:13Z
EXP-20260830-0026	HYP-0012	contrastive_motif_composer	quick	complete	1.0	210.625	12.416666666666666	246.0	0.0	0.9869106113008159	True	ed7a3d5d3c9140a01235b138211b52c445f896d1dd4942b2cf06a5e1490a9b49	research/results/EXP-20260830-0026.json	2026-08-30T06:44:13Z
EXP-20260830-0026	HYP-0012	exact_suffix_composer	quick	complete	1.0	59.625	5.55	608.0	0.0	1.0360381732014479	True	ed7a3d5d3c9140a01235b138211b52c445f896d1dd4942b2cf06a5e1490a9b49	research/results/EXP-20260830-0026.json	2026-08-30T06:44:13Z
EXP-20260830-0026	HYP-0012	oracle_motif_composer	quick	complete	1.0	59.625	4.983333333333333	608.0	0.0	1.0360381732014479	True	ed7a3d5d3c9140a01235b138211b52c445f896d1dd4942b2cf06a5e1490a9b49	research/results/EXP-20260830-0026.json	2026-08-30T06:44:13Z
EXP-20260830-0027	HYP-0012	random_continuous_guess	quick	complete	0.0	3.6666666666666665	39.5	64.0	0.0	1.0	True	b4cccceba16c8909024829e4473c76a18c6a7e76b7ad833ac960764be91fee3d	research/results/EXP-20260830-0027.json	2026-08-30T07:04:35Z
EXP-20260830-0027	HYP-0012	last_value_forecaster	quick	complete	0.0	4.666666666666667	32.733333333333334	72.0	0.0	0.689369653095659	True	b4cccceba16c8909024829e4473c76a18c6a7e76b7ad833ac960764be91fee3d	research/results/EXP-20260830-0027.json	2026-08-30T07:04:35Z
EXP-20260830-0027	HYP-0012	dense_linear_state_space	quick	complete	0.0	220.0	59.949999999999996	336.0	0.9999999999999994	1.0000000000000002	True	b4cccceba16c8909024829e4473c76a18c6a7e76b7ad833ac960764be91fee3d	research/results/EXP-20260830-0027.json	2026-08-30T07:04:35Z
EXP-20260830-0027	HYP-0012	echo_state_forecaster	quick	complete	0.0	1525.3333333333333	62.18333333333334	4424.0	0.5687517618749675	1.0000000000000002	True	b4cccceba16c8909024829e4473c76a18c6a7e76b7ad833ac960764be91fee3d	research/results/EXP-20260830-0027.json	2026-08-30T07:04:35Z
EXP-20260830-0027	HYP-0012	exhaustive_switching_ar	quick	complete	1.0	25.666666666666668	46.78333333333333	216.0	0.0	1.0000000000000002	True	b4cccceba16c8909024829e4473c76a18c6a7e76b7ad833ac960764be91fee3d	research/results/EXP-20260830-0027.json	2026-08-30T07:04:35Z
EXP-20260830-0027	HYP-0012	screened_switching_ar	quick	complete	1.0	25.666666666666668	48.56666666666666	216.0	0.0	1.0000000000000002	True	b4cccceba16c8909024829e4473c76a18c6a7e76b7ad833ac960764be91fee3d	research/results/EXP-20260830-0027.json	2026-08-30T07:04:35Z
EXP-20260830-0027	HYP-0012	variance_triggered_kalman	quick	complete	1.0	27.666666666666668	101.25	312.0	0.0	0.8812816272662467	True	b4cccceba16c8909024829e4473c76a18c6a7e76b7ad833ac960764be91fee3d	research/results/EXP-20260830-0027.json	2026-08-30T07:04:35Z
EXP-20260830-0027	HYP-0012	event_predictive_state	quick	complete	1.0	30.666666666666668	42.85	280.0	0.0	0.7536790917497053	True	b4cccceba16c8909024829e4473c76a18c6a7e76b7ad833ac960764be91fee3d	research/results/EXP-20260830-0027.json	2026-08-30T07:04:35Z
EXP-20260830-0027	HYP-0012	oracle_sparse_dynamics	quick	complete	1.0	25.666666666666668	53.96666666666667	96.0	0.0	1.0000000000000002	True	b4cccceba16c8909024829e4473c76a18c6a7e76b7ad833ac960764be91fee3d	research/results/EXP-20260830-0027.json	2026-08-30T07:04:35Z
EXP-20260830-0028	HYP-0012	random_event_guess	quick	complete	0.0	227.33333333333334	2.5	64.0	0.9571350629870576	0.9999999999999999	True	088e1293da58e133a4f7790f62930bea654a7b213d3096e7c1efc7df2f3050a8	research/results/EXP-20260830-0028.json	2026-08-30T07:20:19Z
EXP-20260830-0028	HYP-0012	rate_code_classifier	quick	complete	0.25	451.0	1.6166666666666665	80.0	0.9674524858890571	1.0000000000000002	True	088e1293da58e133a4f7790f62930bea654a7b213d3096e7c1efc7df2f3050a8	research/results/EXP-20260830-0028.json	2026-08-30T07:20:19Z
EXP-20260830-0028	HYP-0012	nearest_timed_trace	quick	complete	0.08333333333333333	255.33333333333334	3.533333333333333	112.0	0.8255064464441083	0.8110358667352934	True	088e1293da58e133a4f7790f62930bea654a7b213d3096e7c1efc7df2f3050a8	research/results/EXP-20260830-0028.json	2026-08-30T07:20:19Z
EXP-20260830-0028	HYP-0012	clocked_spike_reservoir	quick	complete	0.0625	69750.33333333333	319.65000000000003	7440.0	0.5705727900892295	1.2969667184950948	True	088e1293da58e133a4f7790f62930bea654a7b213d3096e7c1efc7df2f3050a8	research/results/EXP-20260830-0028.json	2026-08-30T07:20:19Z
EXP-20260830-0028	HYP-0012	heap_event_transducer	quick	complete	1.0	2120.8333333333335	19.2	272.0	1.1141600429758634	1.1697445674130604	True	088e1293da58e133a4f7790f62930bea654a7b213d3096e7c1efc7df2f3050a8	research/results/EXP-20260830-0028.json	2026-08-30T07:20:19Z
EXP-20260830-0028	HYP-0012	timed_automaton_matcher	quick	complete	1.0	256.6666666666667	18.166666666666668	272.0	0.8202288066564303	0.9999999999999998	True	088e1293da58e133a4f7790f62930bea654a7b213d3096e7c1efc7df2f3050a8	research/results/EXP-20260830-0028.json	2026-08-30T07:20:19Z
EXP-20260830-0028	HYP-0012	calendar_event_transducer	quick	complete	1.0	492.0	17.2	336.0	0.8648477979920586	1.0049497631442323	True	088e1293da58e133a4f7790f62930bea654a7b213d3096e7c1efc7df2f3050a8	research/results/EXP-20260830-0028.json	2026-08-30T07:20:19Z
EXP-20260830-0028	HYP-0012	learned_polychronous_binder	quick	complete	1.0	294.0	20.55	368.0	0.6974298086706072	0.953135005605249	True	088e1293da58e133a4f7790f62930bea654a7b213d3096e7c1efc7df2f3050a8	research/results/EXP-20260830-0028.json	2026-08-30T07:20:19Z
EXP-20260830-0028	HYP-0012	oracle_temporal_binder	quick	complete	1.0	256.6666666666667	19.933333333333334	80.0	0.8202288066564303	0.9999999999999998	True	088e1293da58e133a4f7790f62930bea654a7b213d3096e7c1efc7df2f3050a8	research/results/EXP-20260830-0028.json	2026-08-30T07:20:19Z
EXP-20260830-0029	HYP-0012	no_probe_guess	quick	complete	0.041666666666666664	3.6666666666666665	4.25	64.0	0.0	1.0	True	051d2a929d781025cc87d6237f653f7387c918b351430ceaaaed50b1330e521c	research/results/EXP-20260830-0029.json	2026-08-30T07:38:08Z
EXP-20260830-0029	HYP-0012	passive_observe_all	quick	complete	1.0	2673.0	170.91666666666666	1312.0	1.6702648269163707	0.9999999999999999	True	051d2a929d781025cc87d6237f653f7387c918b351430ceaaaed50b1330e521c	research/results/EXP-20260830-0029.json	2026-08-30T07:38:08Z
EXP-20260830-0029	HYP-0012	random_probe_policy	quick	complete	1.0	620.7916666666666	94.91666666666667	1312.0	1.3860773971101181	0.8849145447733144	True	051d2a929d781025cc87d6237f653f7387c918b351430ceaaaed50b1330e521c	research/results/EXP-20260830-0029.json	2026-08-30T07:38:08Z
EXP-20260830-0029	HYP-0012	fixed_probe_order	quick	complete	1.0	581.4375	97.01666666666667	1312.0	1.4839149412729702	1.2543301129531457	True	051d2a929d781025cc87d6237f653f7387c918b351430ceaaaed50b1330e521c	research/results/EXP-20260830-0029.json	2026-08-30T07:38:08Z
EXP-20260830-0029	HYP-0012	entropy_greedy_probe	quick	complete	1.0	5230.5	211.71666666666667	1312.0	1.7557560206603038	0.9999999999999999	True	051d2a929d781025cc87d6237f653f7387c918b351430ceaaaed50b1330e521c	research/results/EXP-20260830-0029.json	2026-08-30T07:38:08Z
EXP-20260830-0029	HYP-0012	certified_decision_tree	quick	complete	1.0	183.33333333333334	36.25	1624.0	0.8716122923189443	1.0	True	051d2a929d781025cc87d6237f653f7387c918b351430ceaaaed50b1330e521c	research/results/EXP-20260830-0029.json	2026-08-30T07:38:08Z
EXP-20260830-0029	HYP-0012	learned_value_probe_policy	quick	complete	1.0	198.0	38.53333333333333	1936.0	0.8285561432384955	0.9999999999999999	True	051d2a929d781025cc87d6237f653f7387c918b351430ceaaaed50b1330e521c	research/results/EXP-20260830-0029.json	2026-08-30T07:38:08Z
EXP-20260830-0029	HYP-0012	oracle_target_reader	quick	complete	1.0	3.6666666666666665	0.9833333333333334	64.0	0.0	1.0	True	051d2a929d781025cc87d6237f653f7387c918b351430ceaaaed50b1330e521c	research/results/EXP-20260830-0029.json	2026-08-30T07:38:08Z
EXP-20260830-0030	HYP-0008	random_history_policy	quick	complete	0.020833333333333332	27.666666666666668	8.916666666666666	0.0	0.6701144558151529	0.09661970866384623	True	20e7e3947bc3ac76320f1057cf5c5c825c6ad66638808ec82e4ff988020e88a1	research/results/EXP-20260830-0030.json	2026-08-30T08:00:28Z
EXP-20260830-0030	HYP-0008	context_tree_state	quick	complete	1.0	485.0	25.25	896.0	0.035702834111445876	1.8465845283534879	True	20e7e3947bc3ac76320f1057cf5c5c825c6ad66638808ec82e4ff988020e88a1	research/results/EXP-20260830-0030.json	2026-08-30T08:00:28Z
EXP-20260830-0030	HYP-0008	cssr_state_reconstructor	quick	complete	1.0	485.0	26.116666666666664	576.0	0.035702834111445876	1.8465845283534879	True	20e7e3947bc3ac76320f1057cf5c5c825c6ad66638808ec82e4ff988020e88a1	research/results/EXP-20260830-0030.json	2026-08-30T08:00:28Z
EXP-20260830-0030	HYP-0008	spectral_psr_state	quick	complete	1.0	485.0	26.55	832.0	0.035702834111445876	1.8465845283534879	True	20e7e3947bc3ac76320f1057cf5c5c825c6ad66638808ec82e4ff988020e88a1	research/results/EXP-20260830-0030.json	2026-08-30T08:00:28Z
EXP-20260830-0030	HYP-0008	empirical_bisimulation_state	quick	complete	1.0	485.0	26.116666666666664	576.0	0.035702834111445876	1.8465845283534879	True	20e7e3947bc3ac76320f1057cf5c5c825c6ad66638808ec82e4ff988020e88a1	research/results/EXP-20260830-0030.json	2026-08-30T08:00:28Z
EXP-20260830-0030	HYP-0008	recurrent_history_encoder	quick	complete	0.5208333333333334	2566789.6666666665	8556.066666666668	9280.0	0.665348297082066	2.7004483197427094	True	20e7e3947bc3ac76320f1057cf5c5c825c6ad66638808ec82e4ff988020e88a1	research/results/EXP-20260830-0030.json	2026-08-30T08:00:28Z
EXP-20260830-0030	HYP-0008	contrastive_predictive_state	quick	complete	1.0	485.0	27.666666666666668	832.0	0.035702834111445876	1.8465845283534879	True	20e7e3947bc3ac76320f1057cf5c5c825c6ad66638808ec82e4ff988020e88a1	research/results/EXP-20260830-0030.json	2026-08-30T08:00:28Z
EXP-20260830-0030	HYP-0008	information_bottleneck_state	quick	complete	1.0	485.0	25.900000000000002	576.0	0.035702834111445876	1.8465845283534879	True	20e7e3947bc3ac76320f1057cf5c5c825c6ad66638808ec82e4ff988020e88a1	research/results/EXP-20260830-0030.json	2026-08-30T08:00:28Z
EXP-20260830-0030	HYP-0008	oracle_predictive_state	quick	complete	1.0	177.66666666666666	24.799999999999997	384.0	0.09759140037214767	1.359535285650236	True	20e7e3947bc3ac76320f1057cf5c5c825c6ad66638808ec82e4ff988020e88a1	research/results/EXP-20260830-0030.json	2026-08-30T08:00:28Z
EXP-20260830-0031	HYP-0004	random_shared_halt	quick	complete	0.4583333333333333	1966.8333333333333	26.833333333333332	4160.0	1.1482029548711252	-0.0210972198335165	True	3b0a085ff167f213cf48a8540fbf5eac227db010c50b373d1375b59cf2b98fca	research/results/EXP-20260830-0031.json	2026-08-30T08:13:09Z
EXP-20260830-0031	HYP-0004	fixed_short_shared_transition	quick	complete	0.6666666666666666	2692.0	17.666666666666668	4160.0	0.984028553748622	0.0	True	3b0a085ff167f213cf48a8540fbf5eac227db010c50b373d1375b59cf2b98fca	research/results/EXP-20260830-0031.json	2026-08-30T08:13:09Z
EXP-20260830-0031	HYP-0004	fixed_max_shared_transition	quick	complete	1.0	4028.0	21.900000000000002	4160.0	0.9839891634747376	0.0	True	3b0a085ff167f213cf48a8540fbf5eac227db010c50b373d1375b59cf2b98fca	research/results/EXP-20260830-0031.json	2026-08-30T08:13:09Z
EXP-20260830-0031	HYP-0004	residual_shared_transition	quick	complete	1.0	3324.0	37.2	4160.0	0.9849039852625165	0.6836681224467474	True	3b0a085ff167f213cf48a8540fbf5eac227db010c50b373d1375b59cf2b98fca	research/results/EXP-20260830-0031.json	2026-08-30T08:13:09Z
EXP-20260830-0031	HYP-0004	transition_gate_halt	quick	complete	1.0	2794.0	16.73333333333333	4160.0	0.9836523892172702	0.8088751984522292	True	3b0a085ff167f213cf48a8540fbf5eac227db010c50b373d1375b59cf2b98fca	research/results/EXP-20260830-0031.json	2026-08-30T08:13:09Z
EXP-20260830-0031	HYP-0004	learned_adaptive_halt	quick	complete	1.0	2873.3333333333335	37.43333333333333	4232.0	0.9477872264474885	0.8053374886690244	True	3b0a085ff167f213cf48a8540fbf5eac227db010c50b373d1375b59cf2b98fca	research/results/EXP-20260830-0031.json	2026-08-30T08:13:09Z
EXP-20260830-0031	HYP-0004	act_ponder_halt	quick	complete	1.0	2901.3333333333335	25.78333333333333	4232.0	0.9358289709832384	0.8041385306989594	True	3b0a085ff167f213cf48a8540fbf5eac227db010c50b373d1375b59cf2b98fca	research/results/EXP-20260830-0031.json	2026-08-30T08:13:09Z
EXP-20260830-0031	HYP-0004	oracle_shared_halt	quick	complete	1.0	2469.3333333333335	15.433333333333332	4160.0	0.9840392629339509	0.98574494107789	True	3b0a085ff167f213cf48a8540fbf5eac227db010c50b373d1375b59cf2b98fca	research/results/EXP-20260830-0031.json	2026-08-30T08:13:09Z
EXP-20260830-0032	HYP-0005	random_vsa_capacity	screen	complete	0.05787037037037038	2.0	0.6833333333333332	128.0	0.0	0.0	True	0e9c1d26d97963d97ddbb74fc77072a0da4e528a90617c4c5f3b9a193d7618c7	research/results/EXP-20260830-0032.json	2026-08-30T08:28:47Z
EXP-20260830-0032	HYP-0005	exact_tuple_store_vsa	screen	complete	1.0	4.75	0.7138888888888889	2304.0	2.5654853413359666e-32	1.0	True	0e9c1d26d97963d97ddbb74fc77072a0da4e528a90617c4c5f3b9a193d7618c7	research/results/EXP-20260830-0032.json	2026-08-30T08:28:47Z
EXP-20260830-0032	HYP-0005	global_vsa_r8	screen	complete	0.2800925925925926	446880.0	245.0	137728.0	1.960325563495235	1.0000000000000004	True	0e9c1d26d97963d97ddbb74fc77072a0da4e528a90617c4c5f3b9a193d7618c7	research/results/EXP-20260830-0032.json	2026-08-30T08:28:47Z
EXP-20260830-0032	HYP-0005	global_vsa_r32	screen	complete	0.9907407407407407	1787520.0	990.9527777777779	543232.0	1.9603255634952357	1.0	True	0e9c1d26d97963d97ddbb74fc77072a0da4e528a90617c4c5f3b9a193d7618c7	research/results/EXP-20260830-0032.json	2026-08-30T08:28:47Z
EXP-20260830-0032	HYP-0005	bucketed_vsa_r32	screen	complete	0.48148148148148145	352813.0370370371	131.46666666666667	740864.0	1.452485279230049	0.9999530287460884	True	0e9c1d26d97963d97ddbb74fc77072a0da4e528a90617c4c5f3b9a193d7618c7	research/results/EXP-20260830-0032.json	2026-08-30T08:28:47Z
EXP-20260830-0032	HYP-0005	learned_routed_vsa_r32	screen	complete	1.0	352623.4074074074	141.9888888888889	740864.0	1.452418448601979	0.9974396735492789	True	0e9c1d26d97963d97ddbb74fc77072a0da4e528a90617c4c5f3b9a193d7618c7	research/results/EXP-20260830-0032.json	2026-08-30T08:28:47Z
EXP-20260830-0032	HYP-0005	dense_associative_vsa_r32	screen	complete	1.0	1779008.0	960.2583333333334	1051136.0	1.979540426985885	0.9999999999999994	True	0e9c1d26d97963d97ddbb74fc77072a0da4e528a90617c4c5f3b9a193d7618c7	research/results/EXP-20260830-0032.json	2026-08-30T08:28:47Z
EXP-20260830-0032	HYP-0005	oracle_routed_vsa_r32	screen	complete	1.0	175087.40740740742	92.02222222222223	544256.0	1.4092620883863975	0.9948532824951717	True	0e9c1d26d97963d97ddbb74fc77072a0da4e528a90617c4c5f3b9a193d7618c7	research/results/EXP-20260830-0032.json	2026-08-30T08:28:47Z
EXP-20260830-0033	HYP-0007	random_parity_guess	quick	complete	0.0	63.0	135.29999999999998	128.0	0.0	0.0	True	70161a8bdd2e27f1eb92063475080b7d946821dd5b9d4e5754e1baa76efe06d9	research/results/EXP-20260830-0033.json	2026-08-30T08:44:06Z
EXP-20260830-0033	HYP-0007	nearest_code_memory	quick	complete	0.0	2520.0	105.89999999999999	520.0	0.9999999999999994	0.0	True	70161a8bdd2e27f1eb92063475080b7d946821dd5b9d4e5754e1baa76efe06d9	research/results/EXP-20260830-0033.json	2026-08-30T08:44:06Z
EXP-20260830-0033	HYP-0007	classical_hopfield_parity	quick	complete	0.0	8064.0	235.13333333333333	31752.0	0.0	0.0	True	70161a8bdd2e27f1eb92063475080b7d946821dd5b9d4e5754e1baa76efe06d9	research/results/EXP-20260830-0033.json	2026-08-30T08:44:06Z
EXP-20260830-0033	HYP-0007	exact_affine_span_decoder	quick	complete	1.0	4160.0	112.5	824.0	0.0	0.0	True	70161a8bdd2e27f1eb92063475080b7d946821dd5b9d4e5754e1baa76efe06d9	research/results/EXP-20260830-0033.json	2026-08-30T08:44:06Z
EXP-20260830-0033	HYP-0007	sequential_factor_energy	quick	complete	1.0	11213.333333333334	259.81666666666666	10924.0	8.577259468424364e-05	1.047125483461718	True	70161a8bdd2e27f1eb92063475080b7d946821dd5b9d4e5754e1baa76efe06d9	research/results/EXP-20260830-0033.json	2026-08-30T08:44:06Z
EXP-20260830-0033	HYP-0007	learned_parallel_parity_energy	quick	complete	1.0	3133.0	181.08333333333334	10924.0	0.00030698905472152166	0.08789136066122374	True	70161a8bdd2e27f1eb92063475080b7d946821dd5b9d4e5754e1baa76efe06d9	research/results/EXP-20260830-0033.json	2026-08-30T08:44:06Z
EXP-20260830-0033	HYP-0007	oracle_parallel_parity_energy	quick	complete	1.0	3133.0	144.31666666666666	10924.0	0.00030698905472152166	0.08789136066122374	True	70161a8bdd2e27f1eb92063475080b7d946821dd5b9d4e5754e1baa76efe06d9	research/results/EXP-20260830-0033.json	2026-08-30T08:44:06Z
EXP-20260830-0034	HYP-0006	random_local_state	quick	complete	0.0	123.0	6.783333333333334	1664.0	0.9674524858890574	0.0	True	1a93c2d07731bd4e9a19d249da241061a8fc4e2a76973e5411267cc1e100ef6e	research/results/EXP-20260830-0034.json	2026-08-30T08:57:45Z
EXP-20260830-0034	HYP-0006	stateless_graph_bfs	quick	complete	0.2916666666666667	175.0	8.333333333333334	2132.0	0.6309333522007295	0.2365609992102057	True	1a93c2d07731bd4e9a19d249da241061a8fc4e2a76973e5411267cc1e100ef6e	research/results/EXP-20260830-0034.json	2026-08-30T08:57:45Z
EXP-20260830-0034	HYP-0006	exact_finite_state_propagation	quick	complete	1.0	186.0	7.083333333333333	4888.0	0.589168620629256	0.2694398583278452	True	1a93c2d07731bd4e9a19d249da241061a8fc4e2a76973e5411267cc1e100ef6e	research/results/EXP-20260830-0034.json	2026-08-30T08:57:45Z
EXP-20260830-0034	HYP-0006	learned_dense_nca	quick	complete	1.0	169153.33333333334	243.5	12112.0	1.0	0.9987405673937372	True	1a93c2d07731bd4e9a19d249da241061a8fc4e2a76973e5411267cc1e100ef6e	research/results/EXP-20260830-0034.json	2026-08-30T08:57:45Z
EXP-20260830-0034	HYP-0006	learned_sparse_event_nca	quick	complete	1.0	8597.333333333334	202.46666666666667	12112.0	0.012082405954917256	0.9755991010809218	True	1a93c2d07731bd4e9a19d249da241061a8fc4e2a76973e5411267cc1e100ef6e	research/results/EXP-20260830-0034.json	2026-08-30T08:57:45Z
EXP-20260830-0034	HYP-0006	oracle_local_state_rule	quick	complete	1.0	193.33333333333334	13.616666666666667	1728.0	0.5644149901724763	0.2896441002807011	True	1a93c2d07731bd4e9a19d249da241061a8fc4e2a76973e5411267cc1e100ef6e	research/results/EXP-20260830-0034.json	2026-08-30T08:57:45Z
EXP-20260830-0035	HYP-0001	random_view_binding	quick	complete	0.0	12.0	6.1499999999999995	392.0	0.0	0.0	True	2613c1200b825513cd632783e2ccd19ba80fe2c20471682b9fd2548606112e0b	research/results/EXP-20260830-0035.json	2026-08-30T09:12:13Z
EXP-20260830-0035	HYP-0001	raw_view_nearest	quick	complete	0.14583333333333334	3532.0	107.76666666666667	13288.0	0.9954135291026094	0.9939874184694448	True	2613c1200b825513cd632783e2ccd19ba80fe2c20471682b9fd2548606112e0b	research/results/EXP-20260830-0035.json	2026-08-30T09:12:13Z
EXP-20260830-0035	HYP-0001	raw_sign_lsh	quick	complete	0.020833333333333332	19.333333333333332	2.25	1408.0	0.0	0.2896441002807011	True	2613c1200b825513cd632783e2ccd19ba80fe2c20471682b9fd2548606112e0b	research/results/EXP-20260830-0035.json	2026-08-30T09:12:13Z
EXP-20260830-0035	HYP-0001	probabilistic_linkage_scan	quick	complete	1.0	3532.0	113.58333333333333	13288.0	0.9954135291026094	0.9939874184694448	True	2613c1200b825513cd632783e2ccd19ba80fe2c20471682b9fd2548606112e0b	research/results/EXP-20260830-0035.json	2026-08-30T09:12:13Z
EXP-20260830-0035	HYP-0001	paired_stability_index	quick	complete	1.0	19.333333333333332	2.0166666666666666	1360.0	0.0	0.2896441002807011	True	2613c1200b825513cd632783e2ccd19ba80fe2c20471682b9fd2548606112e0b	research/results/EXP-20260830-0035.json	2026-08-30T09:12:13Z
EXP-20260830-0035	HYP-0001	contrastive_hash_index	quick	complete	0.5416666666666666	19.333333333333332	1.9833333333333334	1360.0	0.0	0.2896441002807011	True	2613c1200b825513cd632783e2ccd19ba80fe2c20471682b9fd2548606112e0b	research/results/EXP-20260830-0035.json	2026-08-30T09:12:13Z
EXP-20260830-0035	HYP-0001	oracle_identity_index	quick	complete	1.0	15.666666666666666	0.8833333333333333	984.0	0.0	0.17344751033706118	True	2613c1200b825513cd632783e2ccd19ba80fe2c20471682b9fd2548606112e0b	research/results/EXP-20260830-0035.json	2026-08-30T09:12:13Z
EXP-20260830-0038	HYP-0002	random_conjugacy_program	quick	complete	0.20833333333333334	1.0	19.683333333333334	992.0		0.0	True	acec790603c819a2f896c482991cacb8ac5fc7b5c56047dd3d8012b43c16085c	research/results/EXP-20260830-0038.json	2026-08-30T11:12:20Z
EXP-20260830-0038	HYP-0002	primitive_trace_enumerator	quick	complete	1.0	89290.16666666667	9838.550000000001	992.0		4.911266622830019	True	acec790603c819a2f896c482991cacb8ac5fc7b5c56047dd3d8012b43c16085c	research/results/EXP-20260830-0038.json	2026-08-30T11:12:20Z
EXP-20260830-0038	HYP-0002	exact_trace_memo	quick	complete	1.0	89290.16666666667	9748.75	3552.0		4.911266622830019	True	acec790603c819a2f896c482991cacb8ac5fc7b5c56047dd3d8012b43c16085c	research/results/EXP-20260830-0038.json	2026-08-30T11:12:20Z
EXP-20260830-0038	HYP-0002	syntactic_mdl_library	quick	complete	1.0	89290.16666666667	9882.666666666666	992.0		4.911266622830019	True	acec790603c819a2f896c482991cacb8ac5fc7b5c56047dd3d8012b43c16085c	research/results/EXP-20260830-0038.json	2026-08-30T11:12:20Z
EXP-20260830-0038	HYP-0002	unary_semantic_library	quick	complete	1.0	112859.0	12752.683333333334	1008.0		5.056988753178031	True	acec790603c819a2f896c482991cacb8ac5fc7b5c56047dd3d8012b43c16085c	research/results/EXP-20260830-0038.json	2026-08-30T11:12:20Z
EXP-20260830-0038	HYP-0002	relational_graph_mdl_library	quick	complete	1.0	856.25	151.76666666666668	1008.0		2.56541762725411	True	acec790603c819a2f896c482991cacb8ac5fc7b5c56047dd3d8012b43c16085c	research/results/EXP-20260830-0038.json	2026-08-30T11:12:20Z
EXP-20260830-0038	HYP-0002	bayesian_relational_library	quick	complete	1.0	856.25	151.4	1008.0		2.56541762725411	True	acec790603c819a2f896c482991cacb8ac5fc7b5c56047dd3d8012b43c16085c	research/results/EXP-20260830-0038.json	2026-08-30T11:12:20Z
EXP-20260830-0038	HYP-0002	learned_relational_library	quick	complete	1.0	856.25	167.20000000000002	1296.0		2.56541762725411	True	acec790603c819a2f896c482991cacb8ac5fc7b5c56047dd3d8012b43c16085c	research/results/EXP-20260830-0038.json	2026-08-30T11:12:20Z
EXP-20260830-0038	HYP-0002	oracle_conjugacy_library	quick	complete	1.0	1.0	6.416666666666667	1008.0		0.0	True	acec790603c819a2f896c482991cacb8ac5fc7b5c56047dd3d8012b43c16085c	research/results/EXP-20260830-0038.json	2026-08-30T11:12:20Z
EXP-20260830-0040	HYP-0013	uniform_conditional	quick	complete	0.0	1.0	1.6666666666666667	8.0		0.0	True	8d093623d9e116dcb27c831123f61150c1cf2c3bba844dc195003b2ec5aedec4	research/results/EXP-20260830-0040.json	2026-08-30T11:59:38Z
EXP-20260830-0040	HYP-0013	empirical_joint_table	quick	complete	0.8125	5652.333333333333	327.71666666666664	104919.0		0.6017502424818482	True	8d093623d9e116dcb27c831123f61150c1cf2c3bba844dc195003b2ec5aedec4	research/results/EXP-20260830-0040.json	2026-08-30T11:59:38Z
EXP-20260830-0040	HYP-0013	empirical_autoregressive_table	quick	complete	0.2708333333333333	662.875	33.21666666666667	84480.0		0.7313766494082046	True	8d093623d9e116dcb27c831123f61150c1cf2c3bba844dc195003b2ec5aedec4	research/results/EXP-20260830-0040.json	2026-08-30T11:59:38Z
EXP-20260830-0040	HYP-0013	chow_liu_tree	quick	timeout							True	8d093623d9e116dcb27c831123f61150c1cf2c3bba844dc195003b2ec5aedec4	research/results/EXP-20260830-0040.json	2026-08-30T11:59:38Z
EXP-20260830-0040	HYP-0013	pairwise_factor_elimination	quick	complete	0.10416666666666667	1090.7708333333333	105.0	776.0		-0.1019078758057326	True	8d093623d9e116dcb27c831123f61150c1cf2c3bba844dc195003b2ec5aedec4	research/results/EXP-20260830-0040.json	2026-08-30T11:59:38Z
EXP-20260830-0040	HYP-0013	contextual_chow_liu	quick	complete	1.0	44.0	17.349999999999998	1048.0		0.0	True	8d093623d9e116dcb27c831123f61150c1cf2c3bba844dc195003b2ec5aedec4	research/results/EXP-20260830-0040.json	2026-08-30T11:59:38Z
EXP-20260830-0040	HYP-0013	fixed_region_spn	quick	complete	0.0625	44.0	21.283333333333335	1048.0		0.0	True	8d093623d9e116dcb27c831123f61150c1cf2c3bba844dc195003b2ec5aedec4	research/results/EXP-20260830-0040.json	2026-08-30T11:59:38Z
EXP-20260830-0040	HYP-0013	learned_decomposable_spn	quick	complete	1.0	44.0	15.883333333333333	1048.0		0.0	True	8d093623d9e116dcb27c831123f61150c1cf2c3bba844dc195003b2ec5aedec4	research/results/EXP-20260830-0040.json	2026-08-30T11:59:38Z
EXP-20260830-0040	HYP-0013	oracle_context_spn	quick	complete	1.0	44.0	17.0	1048.0		0.0	True	8d093623d9e116dcb27c831123f61150c1cf2c3bba844dc195003b2ec5aedec4	research/results/EXP-20260830-0040.json	2026-08-30T11:59:38Z
EXP-20260830-0041	HYP-0015	frozen_cross_family_encoder	quick	complete	0.005208333333333333	3976.7083333333335	87.49583333333334	17728.0		0.0013228126385405935	True	d01d8d23816338b4ac105e4e3589e613d879b8fe4d3fceb22a8adbf68864d417	research/results/EXP-20260830-0041.json	2026-08-30T12:31:58Z
EXP-20260830-0041	HYP-0015	shared_empirical_joint	quick	complete	0.15625	4448.708333333333	104.75416666666666	17728.0		0.0011824406149858267	True	d01d8d23816338b4ac105e4e3589e613d879b8fe4d3fceb22a8adbf68864d417	research/results/EXP-20260830-0041.json	2026-08-30T12:31:58Z
EXP-20260830-0041	HYP-0015	shared_autoregressive	quick	complete	0.052083333333333336	4472.708333333333	90.325	17728.0		0.0011760947074160783	True	d01d8d23816338b4ac105e4e3589e613d879b8fe4d3fceb22a8adbf68864d417	research/results/EXP-20260830-0041.json	2026-08-30T12:31:58Z
EXP-20260830-0041	HYP-0015	independent_cross_family_learner	quick	complete	0.020833333333333332	2760.7083333333335	84.925	26240.0		0.0019056281000777921	True	d01d8d23816338b4ac105e4e3589e613d879b8fe4d3fceb22a8adbf68864d417	research/results/EXP-20260830-0041.json	2026-08-30T12:31:58Z
EXP-20260830-0041	HYP-0015	shared_cross_family_learner	quick	complete	0.015625	3976.7083333333335	74.06666666666666	17728.0		0.0013228126385405935	True	d01d8d23816338b4ac105e4e3589e613d879b8fe4d3fceb22a8adbf68864d417	research/results/EXP-20260830-0041.json	2026-08-30T12:31:58Z
EXP-20260830-0041	HYP-0015	specialist_empirical_joint_suite	quick	complete	0.8958333333333334	1737.203125	113.77083333333333	89063.0		0.7794389280900099	True	d01d8d23816338b4ac105e4e3589e613d879b8fe4d3fceb22a8adbf68864d417	research/results/EXP-20260830-0041.json	2026-08-30T12:31:58Z
EXP-20260830-0041	HYP-0015	specialist_autoregressive_suite	quick	complete	0.828125	561.4401041666666	62.40833333333333	72720.0		1.0865386565081068	True	d01d8d23816338b4ac105e4e3589e613d879b8fe4d3fceb22a8adbf68864d417	research/results/EXP-20260830-0041.json	2026-08-30T12:31:58Z
EXP-20260830-0041	HYP-0015	specialist_contextual_chow_liu_suite	quick	complete	0.9739583333333334	401.0364583333333	50.199999999999996	6184.0		1.3953886958019193	True	d01d8d23816338b4ac105e4e3589e613d879b8fe4d3fceb22a8adbf68864d417	research/results/EXP-20260830-0041.json	2026-08-30T12:31:58Z
EXP-20260830-0041	HYP-0015	oracle_cross_family_suite	quick	complete	1.0	104.0	13.145833333333334	2856.0		0.580756023479124	True	d01d8d23816338b4ac105e4e3589e613d879b8fe4d3fceb22a8adbf68864d417	research/results/EXP-20260830-0041.json	2026-08-30T12:31:58Z
EXP-20260830-0042	HYP-0015	shared_cross_family_learner	quick	complete	0.17708333333333334	6209.416666666667	106.41666666666667	20448.0		0.0016944337579198226	True	73d4ca94521656fd82a3b8bbdc7e838d6c88f30afcaa4793e8c6b3563c1bce97	research/results/EXP-20260830-0042.json	2026-08-30T12:42:15Z
EXP-20260830-0042	HYP-0015	independent_pointer_cross_family_learner	quick	complete	0.16666666666666666	4881.416666666667	112.46666666666668	27488.0		0.0021555520282572405	True	73d4ca94521656fd82a3b8bbdc7e838d6c88f30afcaa4793e8c6b3563c1bce97	research/results/EXP-20260830-0042.json	2026-08-30T12:42:15Z
EXP-20260830-0042	HYP-0015	exp0041_shared_cross_family_learner	quick	complete	0.015625	3976.7083333333335	87.97916666666667	17728.0		0.0013228126385405935	True	73d4ca94521656fd82a3b8bbdc7e838d6c88f30afcaa4793e8c6b3563c1bce97	research/results/EXP-20260830-0042.json	2026-08-30T12:42:15Z
EXP-20260830-0042	HYP-0015	shared_empirical_joint	quick	complete	0.18229166666666666	4448.708333333333	110.30416666666667	17728.0		0.0011824406149858267	True	73d4ca94521656fd82a3b8bbdc7e838d6c88f30afcaa4793e8c6b3563c1bce97	research/results/EXP-20260830-0042.json	2026-08-30T12:42:15Z
EXP-20260830-0042	HYP-0015	shared_autoregressive	quick	complete	0.046875	4472.708333333333	89.51666666666667	17728.0		0.0011760947074160783	True	73d4ca94521656fd82a3b8bbdc7e838d6c88f30afcaa4793e8c6b3563c1bce97	research/results/EXP-20260830-0042.json	2026-08-30T12:42:15Z
EXP-20260830-0042	HYP-0015	specialist_empirical_joint_suite	quick	complete	0.921875	1735.6927083333333	110.20416666666667	89104.0		0.7762493798588941	True	73d4ca94521656fd82a3b8bbdc7e838d6c88f30afcaa4793e8c6b3563c1bce97	research/results/EXP-20260830-0042.json	2026-08-30T12:42:15Z
EXP-20260830-0042	HYP-0015	specialist_autoregressive_suite	quick	complete	0.8385416666666666	546.3229166666666	54.145833333333336	72720.0		1.1736589273283944	True	73d4ca94521656fd82a3b8bbdc7e838d6c88f30afcaa4793e8c6b3563c1bce97	research/results/EXP-20260830-0042.json	2026-08-30T12:42:15Z
EXP-20260830-0042	HYP-0015	specialist_contextual_chow_liu_suite	quick	complete	0.9791666666666666	393.3802083333333	47.8125	6184.0		1.3850763269230308	True	73d4ca94521656fd82a3b8bbdc7e838d6c88f30afcaa4793e8c6b3563c1bce97	research/results/EXP-20260830-0042.json	2026-08-30T12:42:15Z
EXP-20260830-0042	HYP-0015	oracle_cross_family_suite	quick	complete	1.0	104.0	13.008333333333333	2856.0		0.580756023479124	True	73d4ca94521656fd82a3b8bbdc7e838d6c88f30afcaa4793e8c6b3563c1bce97	research/results/EXP-20260830-0042.json	2026-08-30T12:42:15Z
EXP-20260830-0043	HYP-0014	no_update_online	quick	complete	0.003940316236992141	1.0	0.3222222222222222	16.0		0.0	True	0840f2335e762f04c6fc477b91f62d96be068cad42d5d0471d4f41697a03a926	research/results/EXP-20260830-0043.json	2026-08-30T13:02:22Z
EXP-20260830-0043	HYP-0014	delta_lms_online	quick	complete	0.1548282607901567	42.0	4.294444444444444	856.0		0.0	True	0840f2335e762f04c6fc477b91f62d96be068cad42d5d0471d4f41697a03a926	research/results/EXP-20260830-0043.json	2026-08-30T13:02:22Z
EXP-20260830-0043	HYP-0014	rls_kalman_online	quick	complete	0.10347881113506945	42.0	5.388888888888889	26992.0		0.0	True	0840f2335e762f04c6fc477b91f62d96be068cad42d5d0471d4f41697a03a926	research/results/EXP-20260830-0043.json	2026-08-30T13:02:22Z
EXP-20260830-0043	HYP-0014	polynomial_rls_online	quick	complete	0.08264749170878884	606.0	47.599999999999994	26992.0		0.0	True	0840f2335e762f04c6fc477b91f62d96be068cad42d5d0471d4f41697a03a926	research/results/EXP-20260830-0043.json	2026-08-30T13:02:22Z
EXP-20260830-0043	HYP-0014	kernel_dictionary_online	quick	complete	0.054291948106230385	1576.8897684627834	84.07777777777778	25408.0		0.11305476590930512	True	0840f2335e762f04c6fc477b91f62d96be068cad42d5d0471d4f41697a03a926	research/results/EXP-20260830-0043.json	2026-08-30T13:02:22Z
EXP-20260830-0043	HYP-0014	changepoint_bank_rls_online	quick	complete	0.11308798357892706	42.0	5.561111111111111	80880.0		0.0	True	0840f2335e762f04c6fc477b91f62d96be068cad42d5d0471d4f41697a03a926	research/results/EXP-20260830-0043.json	2026-08-30T13:02:22Z
EXP-20260830-0043	HYP-0014	bounded_replay_online	quick	complete	0.05118006429943629	1576.8897684627834	58.727777777777774	25408.0		0.11305476590930512	True	0840f2335e762f04c6fc477b91f62d96be068cad42d5d0471d4f41697a03a926	research/results/EXP-20260830-0043.json	2026-08-30T13:02:22Z
EXP-20260830-0043	HYP-0014	additive_fast_weights_online	quick	complete	0.037000802060007276	606.0	61.62222222222223	13528.0		0.0	True	0840f2335e762f04c6fc477b91f62d96be068cad42d5d0471d4f41697a03a926	research/results/EXP-20260830-0043.json	2026-08-30T13:02:22Z
EXP-20260830-0043	HYP-0014	delta_fast_weights_online	quick	complete	0.0672486943307019	606.0	46.08888888888889	13528.0		0.0	True	0840f2335e762f04c6fc477b91f62d96be068cad42d5d0471d4f41697a03a926	research/results/EXP-20260830-0043.json	2026-08-30T13:02:22Z
EXP-20260830-0043	HYP-0014	independent_meta_update	quick	complete	0.06600609932647157	606.0	42.983333333333334	31544.0		0.0	True	0840f2335e762f04c6fc477b91f62d96be068cad42d5d0471d4f41697a03a926	research/results/EXP-20260830-0043.json	2026-08-30T13:02:22Z
EXP-20260830-0043	HYP-0014	shared_meta_update	quick	complete	0.05454860756835442	606.0	46.705555555555556	31544.0		0.0	True	0840f2335e762f04c6fc477b91f62d96be068cad42d5d0471d4f41697a03a926	research/results/EXP-20260830-0043.json	2026-08-30T13:02:22Z
EXP-20260830-0043	HYP-0014	oracle_segmented_online	quick	complete	1.0	42.0	3.711111111111111	64.0		0.0	True	0840f2335e762f04c6fc477b91f62d96be068cad42d5d0471d4f41697a03a926	research/results/EXP-20260830-0043.json	2026-08-30T13:02:22Z
EXP-20260830-0044	HYP-0016	hierarchical_motif_compressor	quick	complete	0.28427734375	2389.3333333333335	223.39	3569952.0		0.6893696530956588	True	f10dadc27f4de9b8737a0daf46018a4dcfcabf20adeb2fc8dd23b762b7b18d23	research/results/EXP-20260830-0044.json	2026-08-30T13:33:41Z
EXP-20260830-0044	HYP-0016	uniform_byte	quick	complete	0.0	1.0	27.926666666666666	256.0		0.0	True	f10dadc27f4de9b8737a0daf46018a4dcfcabf20adeb2fc8dd23b762b7b18d23	research/results/EXP-20260830-0044.json	2026-08-30T13:33:41Z
EXP-20260830-0044	HYP-0016	empirical_unigram_byte	quick	complete	0.20690104166666667	2389.3333333333335	110.24333333333334	32488.0		0.6893696530956588	True	f10dadc27f4de9b8737a0daf46018a4dcfcabf20adeb2fc8dd23b762b7b18d23	research/results/EXP-20260830-0044.json	2026-08-30T13:33:41Z
EXP-20260830-0044	HYP-0016	ppm_byte	quick	complete	0.37154947916666664	2389.3333333333335	151.35666666666665	3569952.0		0.6893696530956588	True	f10dadc27f4de9b8737a0daf46018a4dcfcabf20adeb2fc8dd23b762b7b18d23	research/results/EXP-20260830-0044.json	2026-08-30T13:33:41Z
EXP-20260830-0044	HYP-0016	context_tree_weighting_byte	quick	complete	0.28024088541666664	2389.3333333333335	146.38	3569952.0		0.6893696530956588	True	f10dadc27f4de9b8737a0daf46018a4dcfcabf20adeb2fc8dd23b762b7b18d23	research/results/EXP-20260830-0044.json	2026-08-30T13:33:41Z
EXP-20260830-0044	HYP-0016	lz_dictionary_byte	quick	complete	0.3078125	259.6666666666667	46.78333333333333	2308344.0		0.010142344202111781	True	f10dadc27f4de9b8737a0daf46018a4dcfcabf20adeb2fc8dd23b762b7b18d23	research/results/EXP-20260830-0044.json	2026-08-30T13:33:41Z
EXP-20260830-0044	HYP-0016	dense_autoregressive_byte	quick	complete	0.21650390625	5034.666666666667	61.47666666666667	1595280.0		0.6422900655327803	True	f10dadc27f4de9b8737a0daf46018a4dcfcabf20adeb2fc8dd23b762b7b18d23	research/results/EXP-20260830-0044.json	2026-08-30T13:33:41Z
EXP-20260830-0044	HYP-0016	oracle_test_table_byte	quick	complete	0.20690104166666667	256.0	39.25333333333333	256.0		0.0	True	f10dadc27f4de9b8737a0daf46018a4dcfcabf20adeb2fc8dd23b762b7b18d23	research/results/EXP-20260830-0044.json	2026-08-30T13:33:41Z
EXP-20260830-0046	HYP-0018	shared_multiverse_local_learner	quick	complete	0.22916666666666666	3943.21875	91.20833333333333	37472.0		0.00417925159835951	True	04071f4a7529333106be021e75ca0f120ec7e957d678dc07897a2b99ab9674c4	research/results/EXP-20260830-0046.json	2026-08-30T14:03:05Z
EXP-20260830-0046	HYP-0018	independent_multiverse_local_learner	quick	complete	0.23958333333333334	3511.21875	97.4375	117344.0		0.004693789858290322	True	04071f4a7529333106be021e75ca0f120ec7e957d678dc07897a2b99ab9674c4	research/results/EXP-20260830-0046.json	2026-08-30T14:03:05Z
EXP-20260830-0046	HYP-0018	shared_contextual_chow_liu_v2	quick	complete	0.11979166666666667	3943.21875	94.28750000000001	37472.0		0.00417925159835951	True	04071f4a7529333106be021e75ca0f120ec7e957d678dc07897a2b99ab9674c4	research/results/EXP-20260830-0046.json	2026-08-30T14:03:05Z
EXP-20260830-0046	HYP-0018	shared_empirical_joint_v2	quick	complete	0.25	78119.21875	115.60416666666667	630880.0		0.00021083646544838727	True	04071f4a7529333106be021e75ca0f120ec7e957d678dc07897a2b99ab9674c4	research/results/EXP-20260830-0046.json	2026-08-30T14:03:05Z
EXP-20260830-0046	HYP-0018	shared_autoregressive_v2	quick	complete	0.23958333333333334	78119.21875	95.96666666666665	630880.0		0.00021083646544838727	True	04071f4a7529333106be021e75ca0f120ec7e957d678dc07897a2b99ab9674c4	research/results/EXP-20260830-0046.json	2026-08-30T14:03:05Z
EXP-20260830-0046	HYP-0018	specialist_contextual_chow_liu_suite_v2	quick	complete	0.984375	400.1822916666667	47.65	5800.0		1.3946188296359736	True	04071f4a7529333106be021e75ca0f120ec7e957d678dc07897a2b99ab9674c4	research/results/EXP-20260830-0046.json	2026-08-30T14:03:05Z
EXP-20260830-0046	HYP-0018	specialist_empirical_joint_suite_v2	quick	complete	0.9270833333333334	1743.109375	113.76666666666667	88720.0		0.7785423218426193	True	04071f4a7529333106be021e75ca0f120ec7e957d678dc07897a2b99ab9674c4	research/results/EXP-20260830-0046.json	2026-08-30T14:03:05Z
EXP-20260830-0046	HYP-0018	specialist_autoregressive_suite_v2	quick	complete	0.84375	556.4609375	55.05833333333334	72336.0		1.0883991784461027	True	04071f4a7529333106be021e75ca0f120ec7e957d678dc07897a2b99ab9674c4	research/results/EXP-20260830-0046.json	2026-08-30T14:03:05Z
EXP-20260830-0046	HYP-0018	oracle_cross_family_suite_v2	quick	complete	1.0	104.0	13.304166666666667	2472.0		0.580756023479124	True	04071f4a7529333106be021e75ca0f120ec7e957d678dc07897a2b99ab9674c4	research/results/EXP-20260830-0046.json	2026-08-30T14:03:05Z
EXP-20260830-0047	HYP-0017	iterative_masked_learner	quick	complete	0.12494574652777778	3817.175498168724	5233.016666666666	526848.0		0.619986320404279	True	ea72e380759d607d4f0067a90dbd1ad668a5923bc5e08172d849d502f511a70b	research/results/EXP-20260830-0047.json	2026-08-30T14:23:52Z
EXP-20260830-0047	HYP-0017	one_pass_masked_learner	quick	complete	0.12744140625	1798.4285714285713	5531.549999999999	526848.0		0.0	True	ea72e380759d607d4f0067a90dbd1ad668a5923bc5e08172d849d502f511a70b	research/results/EXP-20260830-0047.json	2026-08-30T14:23:52Z
EXP-20260830-0047	HYP-0017	uniform_masked_byte	quick	complete	0.0	863.2945457877718	3125.266666666667	526848.0		0.43678928599048816	True	ea72e380759d607d4f0067a90dbd1ad668a5923bc5e08172d849d502f511a70b	research/results/EXP-20260830-0047.json	2026-08-30T14:23:52Z
EXP-20260830-0047	HYP-0017	empirical_unigram_masked_byte	quick	complete	0.10367838541666667	1452.223117216343	3084.233333333333	526848.0		0.5286498464195943	True	ea72e380759d607d4f0067a90dbd1ad668a5923bc5e08172d849d502f511a70b	research/results/EXP-20260830-0047.json	2026-08-30T14:23:52Z
EXP-20260830-0047	HYP-0017	left_to_right_ppm_masked_byte	quick	complete	0.10807291666666667	2043.461212454438	3462.55	526848.0		0.5702351537521869	True	ea72e380759d607d4f0067a90dbd1ad668a5923bc5e08172d849d502f511a70b	research/results/EXP-20260830-0047.json	2026-08-30T14:23:52Z
EXP-20260830-0047	HYP-0017	context_tree_weighting_masked_byte	quick	complete	0.13720703125	2634.6993076925337	3626.6666666666665	526848.0		0.5939369843513349	True	ea72e380759d607d4f0067a90dbd1ad668a5923bc5e08172d849d502f511a70b	research/results/EXP-20260830-0047.json	2026-08-30T14:23:52Z
EXP-20260830-0047	HYP-0017	dense_autoregressive_masked_byte	quick	complete	0.10758463541666667	11503.270736263961	4805.316666666667	1837568.0		0.6601751036094513	True	ea72e380759d607d4f0067a90dbd1ad668a5923bc5e08172d849d502f511a70b	research/results/EXP-20260830-0047.json	2026-08-30T14:23:52Z
EXP-20260830-0047	HYP-0017	bidirectional_markov_masked_byte	quick	complete	0.10970052083333333	303574.889783883	5016.716666666667	526848.0		0.6800251471978366	True	ea72e380759d607d4f0067a90dbd1ad668a5923bc5e08172d849d502f511a70b	research/results/EXP-20260830-0047.json	2026-08-30T14:23:52Z
EXP-20260830-0047	HYP-0017	parallel_markov_bp_masked_byte	quick	complete	0.10970052083333333	894250.1913711847	22990.033333333333	2624000.0		0.6146139075158995	True	ea72e380759d607d4f0067a90dbd1ad668a5923bc5e08172d849d502f511a70b	research/results/EXP-20260830-0047.json	2026-08-30T14:23:52Z
EXP-20260830-0047	HYP-0017	oracle_conditional_masked_byte	quick	complete	1.0	863.2945457877718	3304.233333333333	526848.0		0.43678928599048816	True	ea72e380759d607d4f0067a90dbd1ad668a5923bc5e08172d849d502f511a70b	research/results/EXP-20260830-0047.json	2026-08-30T14:23:52Z
EXP-20260830-0048	HYP-0019	shared_recurrent_predictive_state	quick	complete	0.015625	2023.375	88.97083333333335	16064.0		0.16667670274961507	True	36a54cecea68be36d901def74b5901952ac4aa92ded035cfdc9a3cda2d15902f	research/results/EXP-20260830-0048.json	2026-08-30T15:02:44Z
EXP-20260830-0048	HYP-0019	independent_recurrent_predictive_state	quick	complete	0.07291666666666667	994.875	95.72916666666667	17280.0		0.059880250323304705	True	36a54cecea68be36d901def74b5901952ac4aa92ded035cfdc9a3cda2d15902f	research/results/EXP-20260830-0048.json	2026-08-30T15:02:44Z
EXP-20260830-0048	HYP-0019	specialist_contextual_chow_liu_suite_v2	quick	complete	1.0	401.046875	47.00833333333333	5800.0		1.3911700637132942	True	36a54cecea68be36d901def74b5901952ac4aa92ded035cfdc9a3cda2d15902f	research/results/EXP-20260830-0048.json	2026-08-30T15:02:44Z
EXP-20260830-0048	HYP-0019	specialist_empirical_joint_suite_v2	quick	complete	0.921875	1736.5989583333333	112.52083333333333	88679.0		0.7797428685932799	True	36a54cecea68be36d901def74b5901952ac4aa92ded035cfdc9a3cda2d15902f	research/results/EXP-20260830-0048.json	2026-08-30T15:02:44Z
EXP-20260830-0048	HYP-0019	specialist_autoregressive_suite_v2	quick	complete	0.8177083333333334	537.8697916666666	53.05416666666667	72336.0		1.072405793629758	True	36a54cecea68be36d901def74b5901952ac4aa92ded035cfdc9a3cda2d15902f	research/results/EXP-20260830-0048.json	2026-08-30T15:02:44Z
EXP-20260830-0048	HYP-0019	oracle_cross_family_suite_v2	quick	complete	1.0	104.0	14.433333333333332	2472.0		0.580756023479124	True	36a54cecea68be36d901def74b5901952ac4aa92ded035cfdc9a3cda2d15902f	research/results/EXP-20260830-0048.json	2026-08-30T15:02:44Z
EXP-20260830-0050	HYP-0019	shared_recurrent_predictive_state	quick	complete	0.046875	5525.0	106.47500000000001	17488.0		0.011134229117673394	True	4a81bb5355d8c2caff7624a0fd1c8c0695cf754b8e6c5263a8e313fc51959488	research/results/EXP-20260830-0050.json	2026-08-30T15:11:26Z
EXP-20260830-0050	HYP-0019	independent_recurrent_predictive_state	quick	complete	0.0625	1300.375	101.37083333333334	17488.0		0.04890865678394692	True	4a81bb5355d8c2caff7624a0fd1c8c0695cf754b8e6c5263a8e313fc51959488	research/results/EXP-20260830-0050.json	2026-08-30T15:11:26Z
EXP-20260830-0050	HYP-0019	specialist_contextual_chow_liu_suite_v2	quick	complete	0.9947916666666666	405.7083333333333	47.64166666666667	5800.0		1.40246143288651	True	4a81bb5355d8c2caff7624a0fd1c8c0695cf754b8e6c5263a8e313fc51959488	research/results/EXP-20260830-0050.json	2026-08-30T15:11:26Z
EXP-20260830-0050	HYP-0019	specialist_empirical_joint_suite_v2	quick	complete	0.9270833333333334	1746.7916666666667	116.70833333333333	88720.0		0.7808077966218757	True	4a81bb5355d8c2caff7624a0fd1c8c0695cf754b8e6c5263a8e313fc51959488	research/results/EXP-20260830-0050.json	2026-08-30T15:11:26Z
EXP-20260830-0050	HYP-0019	specialist_autoregressive_suite_v2	quick	complete	0.8177083333333334	546.1796875	54.9375	72336.0		1.1742208183584524	True	4a81bb5355d8c2caff7624a0fd1c8c0695cf754b8e6c5263a8e313fc51959488	research/results/EXP-20260830-0050.json	2026-08-30T15:11:26Z
EXP-20260830-0050	HYP-0019	oracle_cross_family_suite_v2	quick	complete	1.0	104.0	13.420833333333334	2472.0		0.580756023479124	True	4a81bb5355d8c2caff7624a0fd1c8c0695cf754b8e6c5263a8e313fc51959488	research/results/EXP-20260830-0050.json	2026-08-30T15:11:26Z
EXP-20260830-0051	HYP-0020	shared_relation_fragment_graph	quick	crash							True	f35f8b90d5f1606b699e601acae19a015c3b830ca8d5f38a5ae0b2fe57e96bce	research/results/EXP-20260830-0051.json	2026-08-30T15:25:46Z
EXP-20260830-0051	HYP-0020	independent_relation_fragment_graph	quick	complete	0.20833333333333334	1619.9791666666667	529.65	346896.0		0.2854381627940952	True	f35f8b90d5f1606b699e601acae19a015c3b830ca8d5f38a5ae0b2fe57e96bce	research/results/EXP-20260830-0051.json	2026-08-30T15:25:46Z
EXP-20260830-0051	HYP-0020	specialist_contextual_chow_liu_suite_v2	quick	complete	1.0	401.6770833333333	48.06666666666666	5800.0		1.3918264888949323	True	f35f8b90d5f1606b699e601acae19a015c3b830ca8d5f38a5ae0b2fe57e96bce	research/results/EXP-20260830-0051.json	2026-08-30T15:25:46Z
EXP-20260830-0051	HYP-0020	specialist_empirical_joint_suite_v2	quick	complete	0.9322916666666666	1732.3125	116.12916666666666	88679.0		0.7803472688435058	True	f35f8b90d5f1606b699e601acae19a015c3b830ca8d5f38a5ae0b2fe57e96bce	research/results/EXP-20260830-0051.json	2026-08-30T15:25:46Z
EXP-20260830-0051	HYP-0020	specialist_autoregressive_suite_v2	quick	complete	0.8385416666666666	553.421875	52.43333333333334	72336.0		1.0769501612235843	True	f35f8b90d5f1606b699e601acae19a015c3b830ca8d5f38a5ae0b2fe57e96bce	research/results/EXP-20260830-0051.json	2026-08-30T15:25:46Z
EXP-20260830-0051	HYP-0020	oracle_cross_family_suite_v2	quick	complete	1.0	104.0	13.433333333333332	2472.0		0.580756023479124	True	f35f8b90d5f1606b699e601acae19a015c3b830ca8d5f38a5ae0b2fe57e96bce	research/results/EXP-20260830-0051.json	2026-08-30T15:25:46Z
EXP-20260830-0052	HYP-0020	shared_relation_fragment_graph	quick	complete	0.22395833333333334	8261.0	1242.55	141104.0		0.05107704993599274	True	f57ed32a32da43181ce385a3a8f045c5d1a691c2da651f6f020e60352d83a062	research/results/EXP-20260830-0052.json	2026-08-30T15:33:03Z
EXP-20260830-0052	HYP-0020	independent_relation_fragment_graph	quick	complete	0.19791666666666666	1619.9713541666667	501.96250000000003	346896.0		0.28619080819254034	True	f57ed32a32da43181ce385a3a8f045c5d1a691c2da651f6f020e60352d83a062	research/results/EXP-20260830-0052.json	2026-08-30T15:33:03Z
EXP-20260830-0052	HYP-0020	specialist_contextual_chow_liu_suite_v2	quick	complete	0.9895833333333334	393.0260416666667	48.666666666666664	5800.0		1.3856881205092002	True	f57ed32a32da43181ce385a3a8f045c5d1a691c2da651f6f020e60352d83a062	research/results/EXP-20260830-0052.json	2026-08-30T15:33:03Z
EXP-20260830-0052	HYP-0020	specialist_empirical_joint_suite_v2	quick	complete	0.921875	1723.6614583333333	112.27916666666665	88720.0		0.7768771850392956	True	f57ed32a32da43181ce385a3a8f045c5d1a691c2da651f6f020e60352d83a062	research/results/EXP-20260830-0052.json	2026-08-30T15:33:03Z
EXP-20260830-0052	HYP-0020	specialist_autoregressive_suite_v2	quick	complete	0.8385416666666666	551.0494791666666	55.354166666666664	72336.0		1.0886980930326315	True	f57ed32a32da43181ce385a3a8f045c5d1a691c2da651f6f020e60352d83a062	research/results/EXP-20260830-0052.json	2026-08-30T15:33:03Z
EXP-20260830-0052	HYP-0020	oracle_cross_family_suite_v2	quick	complete	1.0	104.0	14.091666666666667	2472.0		0.580756023479124	True	f57ed32a32da43181ce385a3a8f045c5d1a691c2da651f6f020e60352d83a062	research/results/EXP-20260830-0052.json	2026-08-30T15:33:03Z
EXP-20260830-0053	HYP-0017	iterative_masked_learner	quick	complete	0.1867404513888889	3817.175498168724	5173.466666666666	526848.0		0.619986320404279	True	5123ba282e9f2f7ffd88260757b2a29975ca83e953449d81e45d5a3b22cb8076	research/results/EXP-20260830-0053.json	2026-08-30T15:51:55Z
EXP-20260830-0053	HYP-0017	one_pass_masked_learner	quick	complete	0.19303385416666666	1798.4285714285713	5499.016666666666	526848.0		0.0	True	5123ba282e9f2f7ffd88260757b2a29975ca83e953449d81e45d5a3b22cb8076	research/results/EXP-20260830-0053.json	2026-08-30T15:51:55Z
EXP-20260830-0053	HYP-0017	uniform_masked_byte	quick	complete	0.0026041666666666665	863.2945457877718	3113.7166666666667	526848.0		0.43678928599048816	True	5123ba282e9f2f7ffd88260757b2a29975ca83e953449d81e45d5a3b22cb8076	research/results/EXP-20260830-0053.json	2026-08-30T15:51:55Z
EXP-20260830-0053	HYP-0017	empirical_unigram_masked_byte	quick	complete	0.13151041666666666	1452.223117216343	3108.5333333333333	526848.0		0.5286498464195943	True	5123ba282e9f2f7ffd88260757b2a29975ca83e953449d81e45d5a3b22cb8076	research/results/EXP-20260830-0053.json	2026-08-30T15:51:55Z
EXP-20260830-0053	HYP-0017	left_to_right_ppm_masked_byte	quick	complete	0.20296223958333334	11503.270736263961	6768.233333333334	1438512.0		0.6601751036094513	True	5123ba282e9f2f7ffd88260757b2a29975ca83e953449d81e45d5a3b22cb8076	research/results/EXP-20260830-0053.json	2026-08-30T15:51:55Z
EXP-20260830-0053	HYP-0017	context_tree_weighting_masked_byte	quick	complete	0.17154947916666666	11503.270736263961	12729.766666666666	652328.0		0.6601751036094513	True	5123ba282e9f2f7ffd88260757b2a29975ca83e953449d81e45d5a3b22cb8076	research/results/EXP-20260830-0053.json	2026-08-30T15:51:55Z
EXP-20260830-0053	HYP-0017	dense_autoregressive_masked_byte	quick	complete	0.1455078125	11503.270736263961	4957.933333333333	1837568.0		0.6601751036094513	True	5123ba282e9f2f7ffd88260757b2a29975ca83e953449d81e45d5a3b22cb8076	research/results/EXP-20260830-0053.json	2026-08-30T15:51:55Z
EXP-20260830-0053	HYP-0017	bidirectional_markov_masked_byte	quick	complete	0.16341145833333334	303574.889783883	4882.616666666667	526848.0		0.6800251471978366	True	5123ba282e9f2f7ffd88260757b2a29975ca83e953449d81e45d5a3b22cb8076	research/results/EXP-20260830-0053.json	2026-08-30T15:51:55Z
EXP-20260830-0053	HYP-0017	parallel_markov_bp_masked_byte	quick	complete	0.16341145833333334	895908.0961330894	23188.133333333335	2624000.0		0.6158933825940424	True	5123ba282e9f2f7ffd88260757b2a29975ca83e953449d81e45d5a3b22cb8076	research/results/EXP-20260830-0053.json	2026-08-30T15:51:55Z
EXP-20260830-0053	HYP-0017	oracle_conditional_masked_byte	quick	complete	1.0	863.2945457877718	3266.0	526848.0		0.43678928599048816	True	5123ba282e9f2f7ffd88260757b2a29975ca83e953449d81e45d5a3b22cb8076	research/results/EXP-20260830-0053.json	2026-08-30T15:51:55Z
EXP-20260830-0056	HYP-0021	shared_latent_mechanism_library	quick	complete	0.125	7.333333333333333	5.716666666666666	16432.0		1.0000000000000002	True	b98c030883ce16f4c38a5084fd8f17d88afdfc7bf42f520aade5e541a58f854c	research/results/EXP-20260830-0056.json	2026-08-30T16:57:31Z
EXP-20260830-0056	HYP-0021	independent_latent_mechanism_library	quick	complete	0.0	121.0	195.91666666666666	21632.0		1.0	True	b98c030883ce16f4c38a5084fd8f17d88afdfc7bf42f520aade5e541a58f854c	research/results/EXP-20260830-0056.json	2026-08-30T16:57:31Z
EXP-20260830-0056	HYP-0021	no_cross_mechanism_factorizer	quick	complete	0.0	7.333333333333333	2.4499999999999997	21632.0		1.0000000000000002	True	b98c030883ce16f4c38a5084fd8f17d88afdfc7bf42f520aade5e541a58f854c	research/results/EXP-20260830-0056.json	2026-08-30T16:57:31Z
EXP-20260830-0056	HYP-0021	unigram_recombination	quick	complete	0.0	7.333333333333333	2.6333333333333333	21632.0		1.0000000000000002	True	b98c030883ce16f4c38a5084fd8f17d88afdfc7bf42f520aade5e541a58f854c	research/results/EXP-20260830-0056.json	2026-08-30T16:57:31Z
EXP-20260830-0056	HYP-0021	markov5_recombination	quick	complete	0.020833333333333332	121.0	13.033333333333333	21632.0		1.0	True	b98c030883ce16f4c38a5084fd8f17d88afdfc7bf42f520aade5e541a58f854c	research/results/EXP-20260830-0056.json	2026-08-30T16:57:31Z
EXP-20260830-0056	HYP-0021	nearest_template_recombination	quick	complete	0.0	121.0	179.65	21632.0		1.0	True	b98c030883ce16f4c38a5084fd8f17d88afdfc7bf42f520aade5e541a58f854c	research/results/EXP-20260830-0056.json	2026-08-30T16:57:31Z
EXP-20260830-0056	HYP-0021	exact_mdl_module_library	quick	complete	0.125	7.333333333333333	5.2	16432.0		1.0000000000000002	True	b98c030883ce16f4c38a5084fd8f17d88afdfc7bf42f520aade5e541a58f854c	research/results/EXP-20260830-0056.json	2026-08-30T16:57:31Z
EXP-20260830-0056	HYP-0021	oracle_composition_graph	quick	complete	1.0	1.0	1.4333333333333333	0.0		0.0	True	b98c030883ce16f4c38a5084fd8f17d88afdfc7bf42f520aade5e541a58f854c	research/results/EXP-20260830-0056.json	2026-08-30T16:57:31Z
EXP-20260830-0057	HYP-0022	operator_algebra_completion	quick	complete	0.625	7.333333333333333	17.599999999999998	26064.0		1.0000000000000002	True	3f0dcfceba6f70eaeabad9c92a2061decd0db1386e1e74f8ea930229ab400c36	research/results/EXP-20260830-0057.json	2026-08-30T18:27:07Z
EXP-20260830-0057	HYP-0022	operator_algebra_independent	quick	complete	0.0	3600.6666666666665	74.86666666666667	24256.0		1.0	True	3f0dcfceba6f70eaeabad9c92a2061decd0db1386e1e74f8ea930229ab400c36	research/results/EXP-20260830-0057.json	2026-08-30T18:27:07Z
EXP-20260830-0057	HYP-0022	operator_algebra_no_relations	quick	complete	0.041666666666666664	231.0	25.166666666666668	16416.0		1.0000000000000002	True	3f0dcfceba6f70eaeabad9c92a2061decd0db1386e1e74f8ea930229ab400c36	research/results/EXP-20260830-0057.json	2026-08-30T18:27:07Z
EXP-20260830-0057	HYP-0022	unigram_recombination	quick	complete	0.0	7.333333333333333	2.533333333333333	21632.0		1.0000000000000002	True	3f0dcfceba6f70eaeabad9c92a2061decd0db1386e1e74f8ea930229ab400c36	research/results/EXP-20260830-0057.json	2026-08-30T18:27:07Z
EXP-20260830-0057	HYP-0022	markov5_recombination	quick	complete	0.0	121.0	14.149999999999999	21632.0		1.0	True	3f0dcfceba6f70eaeabad9c92a2061decd0db1386e1e74f8ea930229ab400c36	research/results/EXP-20260830-0057.json	2026-08-30T18:27:07Z
EXP-20260830-0057	HYP-0022	nearest_template_recombination	quick	complete	0.020833333333333332	121.0	216.65	21632.0		1.0	True	3f0dcfceba6f70eaeabad9c92a2061decd0db1386e1e74f8ea930229ab400c36	research/results/EXP-20260830-0057.json	2026-08-30T18:27:07Z
EXP-20260830-0057	HYP-0022	exact_mdl_module_library	quick	complete	0.041666666666666664	7.333333333333333	5.6000000000000005	16400.0		1.0000000000000002	True	3f0dcfceba6f70eaeabad9c92a2061decd0db1386e1e74f8ea930229ab400c36	research/results/EXP-20260830-0057.json	2026-08-30T18:27:07Z
EXP-20260830-0057	HYP-0022	oracle_composition_graph	quick	complete	1.0	1.0	1.2	0.0		0.0	True	3f0dcfceba6f70eaeabad9c92a2061decd0db1386e1e74f8ea930229ab400c36	research/results/EXP-20260830-0057.json	2026-08-30T18:27:07Z
EXP-20260830-0059	HYP-0023	shared_operator_subspace_arx	quick	complete	0.591348083867844	4504.0	4.9	216112.0			True	375d54fc4df6c6576965e4d1c782ccb255eb09c338043d99e0e040254cea2b85	research/results/EXP-20260830-0059.json	2026-08-30T21:27:17Z
EXP-20260830-0059	HYP-0023	persistence_state_v1	quick	complete	0.4759542777654152	6.0	2.8	32.0			True	375d54fc4df6c6576965e4d1c782ccb255eb09c338043d99e0e040254cea2b85	research/results/EXP-20260830-0059.json	2026-08-30T21:27:17Z
EXP-20260830-0059	HYP-0023	ridge_arx_v1	quick	complete	0.6040679921662192	4504.0	4.9	31168.0			True	375d54fc4df6c6576965e4d1c782ccb255eb09c338043d99e0e040254cea2b85	research/results/EXP-20260830-0059.json	2026-08-30T21:27:17Z
EXP-20260830-0059	HYP-0023	rls_arx_v1	quick	complete	0.6070700407243041	4504.0	4.9	1679792.0			True	375d54fc4df6c6576965e4d1c782ccb255eb09c338043d99e0e040254cea2b85	research/results/EXP-20260830-0059.json	2026-08-30T21:27:17Z
EXP-20260830-0059	HYP-0023	nearest_operator_template_v1	quick	complete	0.271302698333838	4504.0	4.65	508672.0			True	375d54fc4df6c6576965e4d1c782ccb255eb09c338043d99e0e040254cea2b85	research/results/EXP-20260830-0059.json	2026-08-30T21:27:17Z
EXP-20260830-0059	HYP-0023	source_identical_independent_arx_v1	quick	complete	0.5318847191663878	4504.0	4.9	15600.0			True	375d54fc4df6c6576965e4d1c782ccb255eb09c338043d99e0e040254cea2b85	research/results/EXP-20260830-0059.json	2026-08-30T21:27:17Z
EXP-20260830-0059	HYP-0023	no_sharing_pooled_arx_v1	quick	complete	0.6070700407247639	4504.0	4.95	10713568.0			True	375d54fc4df6c6576965e4d1c782ccb255eb09c338043d99e0e040254cea2b85	research/results/EXP-20260830-0059.json	2026-08-30T21:27:17Z
EXP-20260830-0059	HYP-0023	empirical_gaussian_joint_v1	quick	timeout							True	375d54fc4df6c6576965e4d1c782ccb255eb09c338043d99e0e040254cea2b85	research/results/EXP-20260830-0059.json	2026-08-30T21:27:17Z
EXP-20260830-0059	HYP-0023	contextual_gaussian_chow_liu_v1	quick	complete	0.6040679921662192	4504.0	6.0	32288.0			True	375d54fc4df6c6576965e4d1c782ccb255eb09c338043d99e0e040254cea2b85	research/results/EXP-20260830-0059.json	2026-08-30T21:27:17Z
EXP-20260830-0059	HYP-0023	oracle_charged_condition_specialist_arx_v2	quick	complete	0.008126890105022606	4504.0	4.95	171360.0			True	375d54fc4df6c6576965e4d1c782ccb255eb09c338043d99e0e040254cea2b85	research/results/EXP-20260830-0059.json	2026-08-30T21:27:17Z
EXP-20260830-0059	HYP-0023	privileged_same_condition_oracle_arx_v2	quick	complete	0.008126890105022606	4504.0	4.9	62496.0			True	375d54fc4df6c6576965e4d1c782ccb255eb09c338043d99e0e040254cea2b85	research/results/EXP-20260830-0059.json	2026-08-30T21:27:17Z
EXP-20260831-0001	HYP-0024	shared_tensor_dynamics_v1	quick	complete	0.3750738611736401	6083.333333333333	694.6666666666666	42240.0			True	45594568f6c4028eac6f9ae7a2d471b134d5265dad17fdc4123fbd5b794f25ba	research/results/EXP-20260831-0001.json	2026-08-31T00:00:47Z
EXP-20260831-0001	HYP-0024	independent_tensor_dynamics_v1	quick	complete	0.14130534998461206	6083.333333333333	796.2666666666668	126720.0			True	45594568f6c4028eac6f9ae7a2d471b134d5265dad17fdc4123fbd5b794f25ba	research/results/EXP-20260831-0001.json	2026-08-31T00:00:47Z
EXP-20260831-0001	HYP-0024	cross_family_only_tensor_dynamics_v1	quick	complete	0.18862362153875264	6083.333333333333	766.9333333333334	126720.0			True	45594568f6c4028eac6f9ae7a2d471b134d5265dad17fdc4123fbd5b794f25ba	research/results/EXP-20260831-0001.json	2026-08-31T00:00:47Z
EXP-20260831-0001	HYP-0024	support_only_tensor_dynamics_v1	quick	complete	0.3012117990751639	6083.333333333333	659.4333333333333	0.0			True	45594568f6c4028eac6f9ae7a2d471b134d5265dad17fdc4123fbd5b794f25ba	research/results/EXP-20260831-0001.json	2026-08-31T00:00:47Z
EXP-20260831-0001	HYP-0024	tensor_persistence_v1	quick	complete	0.5246556549508417	6083.333333333333	669.15	746496.0			True	45594568f6c4028eac6f9ae7a2d471b134d5265dad17fdc4123fbd5b794f25ba	research/results/EXP-20260831-0001.json	2026-08-31T00:00:47Z
EXP-20260831-0001	HYP-0024	tensor_ridge_arx_v1	quick	complete	0.26515989683103763	6083.333333333333	772.6166666666667	746496.0			True	45594568f6c4028eac6f9ae7a2d471b134d5265dad17fdc4123fbd5b794f25ba	research/results/EXP-20260831-0001.json	2026-08-31T00:00:47Z
EXP-20260831-0001	HYP-0024	tensor_rls_arx_v1	quick	complete	0.26515989682736313	6083.333333333333	759.9499999999999	746496.0			True	45594568f6c4028eac6f9ae7a2d471b134d5265dad17fdc4123fbd5b794f25ba	research/results/EXP-20260831-0001.json	2026-08-31T00:00:47Z
EXP-20260831-0001	HYP-0024	tensor_empirical_gaussian_joint_v1	quick	complete	0.263632670724483	6083.333333333333	804.0	746496.0			True	45594568f6c4028eac6f9ae7a2d471b134d5265dad17fdc4123fbd5b794f25ba	research/results/EXP-20260831-0001.json	2026-08-31T00:00:47Z
EXP-20260831-0001	HYP-0024	tensor_contextual_gaussian_chow_liu_v1	quick	complete	0.41004487615792634	6083.333333333333	810.7166666666667	746496.0			True	45594568f6c4028eac6f9ae7a2d471b134d5265dad17fdc4123fbd5b794f25ba	research/results/EXP-20260831-0001.json	2026-08-31T00:00:47Z
EXP-20260831-0001	HYP-0024	tensor_autoregressive_v1	quick	complete	0.26515989683103763	6083.333333333333	738.7833333333333	746496.0			True	45594568f6c4028eac6f9ae7a2d471b134d5265dad17fdc4123fbd5b794f25ba	research/results/EXP-20260831-0001.json	2026-08-31T00:00:47Z
EXP-20260831-0001	HYP-0024	privileged_tensor_support_v1	quick	complete	0.32741135555821743	6083.333333333333	887.7833333333333	11363328.0			True	45594568f6c4028eac6f9ae7a2d471b134d5265dad17fdc4123fbd5b794f25ba	research/results/EXP-20260831-0001.json	2026-08-31T00:00:47Z
EXP-20260831-0002	HYP-0025	shared_tensor_dynamics_v1	quick	complete	0.6199468114506484	3500.0	432.63333333333327	24.0			True	90747c310272833aa1b294d215faf72b1262a8c469daa57c409927b37eaf9e98	research/results/EXP-20260831-0002.json	2026-08-31T00:21:07Z
EXP-20260831-0002	HYP-0025	independent_tensor_dynamics_v1	quick	complete	0.2847479347582697	3500.0	565.1999999999999	72.0			True	90747c310272833aa1b294d215faf72b1262a8c469daa57c409927b37eaf9e98	research/results/EXP-20260831-0002.json	2026-08-31T00:21:07Z
EXP-20260831-0002	HYP-0025	cross_family_only_tensor_dynamics_v1	quick	complete	0.35149323264974547	3500.0	425.45000000000005	72.0			True	90747c310272833aa1b294d215faf72b1262a8c469daa57c409927b37eaf9e98	research/results/EXP-20260831-0002.json	2026-08-31T00:21:07Z
EXP-20260831-0002	HYP-0025	support_only_tensor_dynamics_v1	quick	complete	0.3225062225144505	3500.0	420.18333333333334	0.0			True	90747c310272833aa1b294d215faf72b1262a8c469daa57c409927b37eaf9e98	research/results/EXP-20260831-0002.json	2026-08-31T00:21:07Z
EXP-20260831-0002	HYP-0025	tensor_persistence_v1	quick	complete	0.5253066938064553	6083.333333333333	763.8833333333333	746496.0			True	90747c310272833aa1b294d215faf72b1262a8c469daa57c409927b37eaf9e98	research/results/EXP-20260831-0002.json	2026-08-31T00:21:07Z
EXP-20260831-0002	HYP-0025	tensor_ridge_arx_v1	quick	complete	0.2663044439663182	6083.333333333333	755.3666666666667	746496.0			True	90747c310272833aa1b294d215faf72b1262a8c469daa57c409927b37eaf9e98	research/results/EXP-20260831-0002.json	2026-08-31T00:21:07Z
EXP-20260831-0002	HYP-0025	tensor_rls_arx_v1	quick	complete	0.2663044439636233	6083.333333333333	786.3666666666667	746496.0			True	90747c310272833aa1b294d215faf72b1262a8c469daa57c409927b37eaf9e98	research/results/EXP-20260831-0002.json	2026-08-31T00:21:07Z
EXP-20260831-0002	HYP-0025	tensor_empirical_gaussian_joint_v1	quick	complete	0.26436772462305363	6083.333333333333	758.6833333333334	746496.0			True	90747c310272833aa1b294d215faf72b1262a8c469daa57c409927b37eaf9e98	research/results/EXP-20260831-0002.json	2026-08-31T00:21:07Z
EXP-20260831-0002	HYP-0025	tensor_contextual_gaussian_chow_liu_v1	quick	complete	0.41117621444556623	6083.333333333333	748.0	746496.0			True	90747c310272833aa1b294d215faf72b1262a8c469daa57c409927b37eaf9e98	research/results/EXP-20260831-0002.json	2026-08-31T00:21:07Z
EXP-20260831-0002	HYP-0025	tensor_autoregressive_v1	quick	complete	0.2663044439663182	6083.333333333333	723.9333333333334	746496.0			True	90747c310272833aa1b294d215faf72b1262a8c469daa57c409927b37eaf9e98	research/results/EXP-20260831-0002.json	2026-08-31T00:21:07Z
EXP-20260831-0002	HYP-0025	privileged_tensor_support_v1	quick	complete	0.3294404563702231	6083.333333333333	889.7666666666668	11363328.0			True	90747c310272833aa1b294d215faf72b1262a8c469daa57c409927b37eaf9e98	research/results/EXP-20260831-0002.json	2026-08-31T00:21:07Z
EXP-20260831-0003	HYP-0026	shared_tensor_dynamics_v1	quick	complete	0.372856585548998	27850.0	2054.616666666667	25368.0			True	5ef5bae2d944521cac338ebf6a0e79e90e52c5de219cea7daa1f06f53827c1b8	research/results/EXP-20260831-0003.json	2026-08-31T10:22:09Z
EXP-20260831-0003	HYP-0026	independent_tensor_dynamics_v1	quick	complete	0.1377210969357061	27850.0	2081.6666666666665	76104.0			True	5ef5bae2d944521cac338ebf6a0e79e90e52c5de219cea7daa1f06f53827c1b8	research/results/EXP-20260831-0003.json	2026-08-31T10:22:09Z
EXP-20260831-0003	HYP-0026	cross_family_only_tensor_dynamics_v1	quick	complete	0.16748745334244539	27850.0	2044.8833333333332	76104.0			True	5ef5bae2d944521cac338ebf6a0e79e90e52c5de219cea7daa1f06f53827c1b8	research/results/EXP-20260831-0003.json	2026-08-31T10:22:09Z
EXP-20260831-0003	HYP-0026	support_only_tensor_dynamics_v1	quick	complete	0.3265574966558258	27850.0	2225.366666666667	76032.0			True	5ef5bae2d944521cac338ebf6a0e79e90e52c5de219cea7daa1f06f53827c1b8	research/results/EXP-20260831-0003.json	2026-08-31T10:22:09Z
EXP-20260831-0003	HYP-0026	tensor_persistence_v1	quick	complete	0.526358116738894	6083.333333333333	619.65	746496.0			True	5ef5bae2d944521cac338ebf6a0e79e90e52c5de219cea7daa1f06f53827c1b8	research/results/EXP-20260831-0003.json	2026-08-31T10:22:09Z
EXP-20260831-0003	HYP-0026	tensor_ridge_arx_v1	quick	complete	0.26610476163983876	6083.333333333333	660.2666666666667	746496.0			True	5ef5bae2d944521cac338ebf6a0e79e90e52c5de219cea7daa1f06f53827c1b8	research/results/EXP-20260831-0003.json	2026-08-31T10:22:09Z
EXP-20260831-0003	HYP-0026	tensor_rls_arx_v1	quick	complete	0.26610476162830676	6083.333333333333	717.8166666666666	746496.0			True	5ef5bae2d944521cac338ebf6a0e79e90e52c5de219cea7daa1f06f53827c1b8	research/results/EXP-20260831-0003.json	2026-08-31T10:22:09Z
EXP-20260831-0003	HYP-0026	tensor_empirical_gaussian_joint_v1	quick	complete	0.2641342891345548	6083.333333333333	700.0166666666668	746496.0			True	5ef5bae2d944521cac338ebf6a0e79e90e52c5de219cea7daa1f06f53827c1b8	research/results/EXP-20260831-0003.json	2026-08-31T10:22:09Z
EXP-20260831-0003	HYP-0026	tensor_contextual_gaussian_chow_liu_v1	quick	complete	0.41124193596521114	6083.333333333333	675.2666666666667	746496.0			True	5ef5bae2d944521cac338ebf6a0e79e90e52c5de219cea7daa1f06f53827c1b8	research/results/EXP-20260831-0003.json	2026-08-31T10:22:09Z
EXP-20260831-0003	HYP-0026	tensor_autoregressive_v1	quick	complete	0.26610476163983876	6083.333333333333	670.0666666666667	746496.0			True	5ef5bae2d944521cac338ebf6a0e79e90e52c5de219cea7daa1f06f53827c1b8	research/results/EXP-20260831-0003.json	2026-08-31T10:22:09Z
EXP-20260831-0003	HYP-0026	privileged_tensor_support_v1	quick	complete	0.328002536054203	6083.333333333333	858.4666666666667	11363328.0			True	5ef5bae2d944521cac338ebf6a0e79e90e52c5de219cea7daa1f06f53827c1b8	research/results/EXP-20260831-0003.json	2026-08-31T10:22:09Z
EXP-20260831-0004	HYP-0027	shared_predictive_index_v1	quick	crash							True	ff2b61fd9b1c7de9176a44d13506bffc432d56ee4a35cedacb565bf84fd9e4d3	research/results/EXP-20260831-0004.json	2026-08-31T12:54:33Z
EXP-20260831-0004	HYP-0027	independent_predictive_index_v1	quick	crash							True	ff2b61fd9b1c7de9176a44d13506bffc432d56ee4a35cedacb565bf84fd9e4d3	research/results/EXP-20260831-0004.json	2026-08-31T12:54:33Z
EXP-20260831-0004	HYP-0027	cross_family_only_predictive_index_v1	quick	crash							True	ff2b61fd9b1c7de9176a44d13506bffc432d56ee4a35cedacb565bf84fd9e4d3	research/results/EXP-20260831-0004.json	2026-08-31T12:54:33Z
EXP-20260831-0004	HYP-0027	support_only_predictive_index_v1	quick	complete	0.35324689648239194	45400.0	1471.8444444444444	818808.0	0.0		True	ff2b61fd9b1c7de9176a44d13506bffc432d56ee4a35cedacb565bf84fd9e4d3	research/results/EXP-20260831-0004.json	2026-08-31T12:54:33Z
EXP-20260831-0004	HYP-0027	tensor_persistence_v1	quick	complete	0.5260664421009795	6083.333333333333	780.0333333333333	746496.0	0.0		True	ff2b61fd9b1c7de9176a44d13506bffc432d56ee4a35cedacb565bf84fd9e4d3	research/results/EXP-20260831-0004.json	2026-08-31T12:54:33Z
EXP-20260831-0004	HYP-0027	tensor_ridge_arx_v1	quick	complete	0.28545814683251686	6083.333333333333	719.4222222222222	746496.0	0.0		True	ff2b61fd9b1c7de9176a44d13506bffc432d56ee4a35cedacb565bf84fd9e4d3	research/results/EXP-20260831-0004.json	2026-08-31T12:54:33Z
EXP-20260831-0004	HYP-0027	tensor_rls_arx_v1	quick	complete	0.2854581468422055	6083.333333333333	744.2444444444444	746496.0	0.0		True	ff2b61fd9b1c7de9176a44d13506bffc432d56ee4a35cedacb565bf84fd9e4d3	research/results/EXP-20260831-0004.json	2026-08-31T12:54:33Z
EXP-20260831-0004	HYP-0027	tensor_empirical_gaussian_joint_v1	quick	complete	0.28195917457469566	6083.333333333333	712.8444444444444	746496.0	0.0		True	ff2b61fd9b1c7de9176a44d13506bffc432d56ee4a35cedacb565bf84fd9e4d3	research/results/EXP-20260831-0004.json	2026-08-31T12:54:33Z
EXP-20260831-0004	HYP-0027	tensor_contextual_gaussian_chow_liu_v1	quick	complete	0.3851474796196591	6083.333333333333	797.1777777777778	746496.0	0.0		True	ff2b61fd9b1c7de9176a44d13506bffc432d56ee4a35cedacb565bf84fd9e4d3	research/results/EXP-20260831-0004.json	2026-08-31T12:54:33Z
EXP-20260831-0004	HYP-0027	tensor_autoregressive_v1	quick	complete	0.28545814683251686	6083.333333333333	688.7444444444444	746496.0	0.0		True	ff2b61fd9b1c7de9176a44d13506bffc432d56ee4a35cedacb565bf84fd9e4d3	research/results/EXP-20260831-0004.json	2026-08-31T12:54:33Z
EXP-20260831-0004	HYP-0027	tensor_raw_window_local_linear_v1	quick	complete	0.376458186016454	165150.0	1349.3000000000002	427712.0	0.0		True	ff2b61fd9b1c7de9176a44d13506bffc432d56ee4a35cedacb565bf84fd9e4d3	research/results/EXP-20260831-0004.json	2026-08-31T12:54:33Z
EXP-20260831-0004	HYP-0027	tensor_random_projection_hash_v1	quick	crash							True	ff2b61fd9b1c7de9176a44d13506bffc432d56ee4a35cedacb565bf84fd9e4d3	research/results/EXP-20260831-0004.json	2026-08-31T12:54:33Z
EXP-20260831-0004	HYP-0027	privileged_tensor_support_v1	quick	complete	0.326792613516414	6083.333333333333	897.3444444444444	11363328.0	0.0		True	ff2b61fd9b1c7de9176a44d13506bffc432d56ee4a35cedacb565bf84fd9e4d3	research/results/EXP-20260831-0004.json	2026-08-31T12:54:33Z
EXP-20260831-0005	HYP-0027	shared_predictive_index_v1	quick	complete	0.38529279382741294	45400.0	1604.3111111111111	303464.0	0.0		True	b4b18d9e88d57cde3d0a4e434e1fd75d8d5a61adfe24d51f2274d6297734bc3e	research/results/EXP-20260831-0005.json	2026-08-31T13:59:03Z
EXP-20260831-0005	HYP-0027	independent_predictive_index_v1	quick	complete	0.32545673798951996	45400.0	1389.8777777777777	889080.0	0.0		True	b4b18d9e88d57cde3d0a4e434e1fd75d8d5a61adfe24d51f2274d6297734bc3e	research/results/EXP-20260831-0005.json	2026-08-31T13:59:03Z
EXP-20260831-0005	HYP-0027	cross_family_only_predictive_index_v1	quick	complete	0.2097379714186124	45400.0	1511.5333333333333	910392.0	0.0		True	b4b18d9e88d57cde3d0a4e434e1fd75d8d5a61adfe24d51f2274d6297734bc3e	research/results/EXP-20260831-0005.json	2026-08-31T13:59:03Z
EXP-20260831-0005	HYP-0027	support_only_predictive_index_v1	quick	complete	0.3556154801140492	45400.0	1487.9444444444443	818808.0	0.0		True	b4b18d9e88d57cde3d0a4e434e1fd75d8d5a61adfe24d51f2274d6297734bc3e	research/results/EXP-20260831-0005.json	2026-08-31T13:59:03Z
EXP-20260831-0005	HYP-0027	tensor_persistence_v1	quick	complete	0.5254459842231247	6083.333333333333	701.2	746496.0	0.0		True	b4b18d9e88d57cde3d0a4e434e1fd75d8d5a61adfe24d51f2274d6297734bc3e	research/results/EXP-20260831-0005.json	2026-08-31T13:59:03Z
EXP-20260831-0005	HYP-0027	tensor_ridge_arx_v1	quick	complete	0.2854761430372482	6083.333333333333	757.5111111111112	746496.0	0.0		True	b4b18d9e88d57cde3d0a4e434e1fd75d8d5a61adfe24d51f2274d6297734bc3e	research/results/EXP-20260831-0005.json	2026-08-31T13:59:03Z
EXP-20260831-0005	HYP-0027	tensor_rls_arx_v1	quick	complete	0.28547614303218166	6083.333333333333	744.8444444444444	746496.0	0.0		True	b4b18d9e88d57cde3d0a4e434e1fd75d8d5a61adfe24d51f2274d6297734bc3e	research/results/EXP-20260831-0005.json	2026-08-31T13:59:03Z
EXP-20260831-0005	HYP-0027	tensor_empirical_gaussian_joint_v1	quick	complete	0.28166845455165157	6083.333333333333	732.3666666666667	746496.0	0.0		True	b4b18d9e88d57cde3d0a4e434e1fd75d8d5a61adfe24d51f2274d6297734bc3e	research/results/EXP-20260831-0005.json	2026-08-31T13:59:03Z
EXP-20260831-0005	HYP-0027	tensor_contextual_gaussian_chow_liu_v1	quick	complete	0.38578637303630053	6083.333333333333	701.6111111111111	746496.0	0.0		True	b4b18d9e88d57cde3d0a4e434e1fd75d8d5a61adfe24d51f2274d6297734bc3e	research/results/EXP-20260831-0005.json	2026-08-31T13:59:03Z
EXP-20260831-0005	HYP-0027	tensor_autoregressive_v1	quick	complete	0.2854761430372482	6083.333333333333	744.9888888888888	746496.0	0.0		True	b4b18d9e88d57cde3d0a4e434e1fd75d8d5a61adfe24d51f2274d6297734bc3e	research/results/EXP-20260831-0005.json	2026-08-31T13:59:03Z
EXP-20260831-0005	HYP-0027	tensor_raw_window_local_linear_v1	quick	complete	0.380012401757299	165150.0	1407.5888888888887	427712.0	0.0		True	b4b18d9e88d57cde3d0a4e434e1fd75d8d5a61adfe24d51f2274d6297734bc3e	research/results/EXP-20260831-0005.json	2026-08-31T13:59:03Z
EXP-20260831-0005	HYP-0027	tensor_random_projection_hash_v1	quick	complete	0.3627381632520564	27550.0	1172.6	296960.0	0.0		True	b4b18d9e88d57cde3d0a4e434e1fd75d8d5a61adfe24d51f2274d6297734bc3e	research/results/EXP-20260831-0005.json	2026-08-31T13:59:03Z
EXP-20260831-0005	HYP-0027	privileged_tensor_support_v1	quick	complete	0.32685878389648454	6083.333333333333	837.1777777777778	11363328.0	0.0		True	b4b18d9e88d57cde3d0a4e434e1fd75d8d5a61adfe24d51f2274d6297734bc3e	research/results/EXP-20260831-0005.json	2026-08-31T13:59:03Z
EXP-20260831-0006	HYP-0028	wt_candidate_under_test	quick	complete	0.597938156615788	22560.0	467.3277777777778	16896.0	0.0	0.9999999999999996	True	0e8a15283545f989049bcbb92bc54f2c665b598008347949d249438c11c53b83	research/results/EXP-20260831-0006.json	2026-08-31T16:34:40Z
EXP-20260831-0006	HYP-0028	wt_persistence_v1	quick	complete	0.4816175328692815	960.0	72.0888888888889	0.0	0.0	0.0	True	0e8a15283545f989049bcbb92bc54f2c665b598008347949d249438c11c53b83	research/results/EXP-20260831-0006.json	2026-08-31T16:34:40Z
EXP-20260831-0006	HYP-0028	wt_pooled_mean_v1	quick	complete	0.4882105259395456	960.0	75.91111111111111	2560.0	0.0	0.0	True	0e8a15283545f989049bcbb92bc54f2c665b598008347949d249438c11c53b83	research/results/EXP-20260831-0006.json	2026-08-31T16:34:40Z
EXP-20260831-0006	HYP-0028	wt_control_level_bank_v1	quick	complete	0.49875833362885696	1920.0	78.88888888888889	10240.0	0.0	0.0	True	0e8a15283545f989049bcbb92bc54f2c665b598008347949d249438c11c53b83	research/results/EXP-20260831-0006.json	2026-08-31T16:34:40Z
EXP-20260831-0006	HYP-0028	wt_lms_v1	quick	complete	0.42371847954852815	61440.0	92.63333333333334	253952.0	0.0	0.0	True	0e8a15283545f989049bcbb92bc54f2c665b598008347949d249438c11c53b83	research/results/EXP-20260831-0006.json	2026-08-31T16:34:40Z
EXP-20260831-0006	HYP-0028	wt_rls_v1	quick	complete	0.42512355594332296	61440.0	89.91111111111111	270336.0	0.0	0.0	True	0e8a15283545f989049bcbb92bc54f2c665b598008347949d249438c11c53b83	research/results/EXP-20260831-0006.json	2026-08-31T16:34:40Z
EXP-20260831-0006	HYP-0028	wt_transition_bank_v1	quick	complete	0.4900393434668628	2040.0	114.57222222222224	105168.0	-6.3899386945939e-31	7.247889247959646e-31	True	0e8a15283545f989049bcbb92bc54f2c665b598008347949d249438c11c53b83	research/results/EXP-20260831-0006.json	2026-08-31T16:34:40Z
EXP-20260831-0006	HYP-0028	wt_bounded_replay_v1	quick	complete	0.4481813927927111	7072.0	156.8	264448.0	0.0	0.0	True	0e8a15283545f989049bcbb92bc54f2c665b598008347949d249438c11c53b83	research/results/EXP-20260831-0006.json	2026-08-31T16:34:40Z
EXP-20260831-0006	HYP-0028	wt_ridge_fir_v1	quick	complete	0.41392125764827725	61440.0	84.30000000000001	90112.0	0.0	0.0	True	0e8a15283545f989049bcbb92bc54f2c665b598008347949d249438c11c53b83	research/results/EXP-20260831-0006.json	2026-08-31T16:34:40Z
EXP-20260831-0007	HYP-0028	wt_candidate_under_test	screen	complete	0.5979381566157881	22560.0	467.6240740740741	16896.0	0.0	0.9999999999999996	True	2b71c08b3bb0b7b0dd970ec474f799cba04b102b0c45a2fbc48e5ba1cca74436	research/results/EXP-20260831-0007.json	2026-08-31T17:02:39Z
EXP-20260831-0007	HYP-0028	wt_persistence_v1	screen	complete	0.48161753286928155	960.0	62.33518518518518	0.0	0.0	0.0	True	2b71c08b3bb0b7b0dd970ec474f799cba04b102b0c45a2fbc48e5ba1cca74436	research/results/EXP-20260831-0007.json	2026-08-31T17:02:39Z
EXP-20260831-0007	HYP-0028	wt_pooled_mean_v1	screen	complete	0.4882105259395456	960.0	67.30740740740741	2560.0	0.0	0.0	True	2b71c08b3bb0b7b0dd970ec474f799cba04b102b0c45a2fbc48e5ba1cca74436	research/results/EXP-20260831-0007.json	2026-08-31T17:02:39Z
EXP-20260831-0007	HYP-0028	wt_control_level_bank_v1	screen	complete	0.49875833362885696	1920.0	81.98703703703704	10240.0	0.0	0.0	True	2b71c08b3bb0b7b0dd970ec474f799cba04b102b0c45a2fbc48e5ba1cca74436	research/results/EXP-20260831-0007.json	2026-08-31T17:02:39Z
EXP-20260831-0007	HYP-0028	wt_lms_v1	screen	complete	0.4237184795485315	61440.0	84.23518518518519	253952.0	0.0	0.0	True	2b71c08b3bb0b7b0dd970ec474f799cba04b102b0c45a2fbc48e5ba1cca74436	research/results/EXP-20260831-0007.json	2026-08-31T17:02:39Z
EXP-20260831-0007	HYP-0028	wt_rls_v1	screen	complete	0.4251235559433369	61440.0	108.63333333333333	270336.0	0.0	0.0	True	2b71c08b3bb0b7b0dd970ec474f799cba04b102b0c45a2fbc48e5ba1cca74436	research/results/EXP-20260831-0007.json	2026-08-31T17:02:39Z
EXP-20260831-0007	HYP-0028	wt_transition_bank_v1	screen	complete	0.49003934346686284	2040.0	104.79074074074073	105168.0	-6.3899386945939e-31	7.247889247959646e-31	True	2b71c08b3bb0b7b0dd970ec474f799cba04b102b0c45a2fbc48e5ba1cca74436	research/results/EXP-20260831-0007.json	2026-08-31T17:02:39Z
EXP-20260831-0007	HYP-0028	wt_bounded_replay_v1	screen	complete	0.4481813927927111	7072.0	114.33703703703704	264448.0	0.0	0.0	True	2b71c08b3bb0b7b0dd970ec474f799cba04b102b0c45a2fbc48e5ba1cca74436	research/results/EXP-20260831-0007.json	2026-08-31T17:02:39Z
EXP-20260831-0007	HYP-0028	wt_ridge_fir_v1	screen	complete	0.41392125764827165	61440.0	72.56296296296297	90112.0	0.0	0.0	True	2b71c08b3bb0b7b0dd970ec474f799cba04b102b0c45a2fbc48e5ba1cca74436	research/results/EXP-20260831-0007.json	2026-08-31T17:02:39Z
EXP-20260831-0008	HYP-0028	shared_bounded_recurrent_residual_v1	quick	complete	0.32495339237110005	24500.0	697.5	287232.0	0.0		True	3d573da24d61154a8122e40c3cbc05eb47ac68f78b3504012cdcdd10cb8da9b7	research/results/EXP-20260831-0008.json	2026-08-31T17:51:05Z
EXP-20260831-0008	HYP-0028	independent_bounded_recurrent_residual_v1	quick	complete	0.1531525857100919	24500.0	707.9444444444445	861696.0	0.0		True	3d573da24d61154a8122e40c3cbc05eb47ac68f78b3504012cdcdd10cb8da9b7	research/results/EXP-20260831-0008.json	2026-08-31T17:51:05Z
EXP-20260831-0008	HYP-0028	cross_family_only_bounded_recurrent_residual_v1	quick	complete	0.1939268203104767	24500.0	831.411111111111	861696.0	0.0		True	3d573da24d61154a8122e40c3cbc05eb47ac68f78b3504012cdcdd10cb8da9b7	research/results/EXP-20260831-0008.json	2026-08-31T17:51:05Z
EXP-20260831-0008	HYP-0028	support_only_bounded_recurrent_residual_v1	quick	complete	0.3125612214075954	24500.0	832.8777777777777	861696.0	0.0		True	3d573da24d61154a8122e40c3cbc05eb47ac68f78b3504012cdcdd10cb8da9b7	research/results/EXP-20260831-0008.json	2026-08-31T17:51:05Z
EXP-20260831-0008	HYP-0028	tensor_persistence_v1	quick	complete	0.5260020876210928	6083.333333333333	989.811111111111	746496.0	0.0		True	3d573da24d61154a8122e40c3cbc05eb47ac68f78b3504012cdcdd10cb8da9b7	research/results/EXP-20260831-0008.json	2026-08-31T17:51:05Z
EXP-20260831-0008	HYP-0028	tensor_ridge_arx_v1	quick	complete	0.28556120364394366	6083.333333333333	1081.5444444444445	746496.0	0.0		True	3d573da24d61154a8122e40c3cbc05eb47ac68f78b3504012cdcdd10cb8da9b7	research/results/EXP-20260831-0008.json	2026-08-31T17:51:05Z
EXP-20260831-0008	HYP-0028	tensor_rls_arx_v1	quick	timeout							True	3d573da24d61154a8122e40c3cbc05eb47ac68f78b3504012cdcdd10cb8da9b7	research/results/EXP-20260831-0008.json	2026-08-31T17:51:05Z
EXP-20260831-0008	HYP-0028	tensor_empirical_gaussian_joint_v1	quick	complete	0.28212496541887105	6083.333333333333	1083.8111111111111	746496.0	0.0		True	3d573da24d61154a8122e40c3cbc05eb47ac68f78b3504012cdcdd10cb8da9b7	research/results/EXP-20260831-0008.json	2026-08-31T17:51:05Z
EXP-20260831-0008	HYP-0028	tensor_contextual_gaussian_chow_liu_v1	quick	complete	0.3854096550942661	6083.333333333333	1098.5333333333333	746496.0	0.0		True	3d573da24d61154a8122e40c3cbc05eb47ac68f78b3504012cdcdd10cb8da9b7	research/results/EXP-20260831-0008.json	2026-08-31T17:51:05Z
EXP-20260831-0008	HYP-0028	tensor_autoregressive_v1	quick	complete	0.28556120364394366	6083.333333333333	1079.4777777777776	746496.0	0.0		True	3d573da24d61154a8122e40c3cbc05eb47ac68f78b3504012cdcdd10cb8da9b7	research/results/EXP-20260831-0008.json	2026-08-31T17:51:05Z
EXP-20260831-0008	HYP-0028	tensor_raw_window_local_linear_v1	quick	complete	0.37663383566528424	165150.0	3066.3444444444444	427712.0	0.0		True	3d573da24d61154a8122e40c3cbc05eb47ac68f78b3504012cdcdd10cb8da9b7	research/results/EXP-20260831-0008.json	2026-08-31T17:51:05Z
EXP-20260831-0008	HYP-0028	tensor_random_projection_hash_v1	quick	complete	0.36292243721436435	27550.0	1652.9222222222222	285440.0	0.0		True	3d573da24d61154a8122e40c3cbc05eb47ac68f78b3504012cdcdd10cb8da9b7	research/results/EXP-20260831-0008.json	2026-08-31T17:51:05Z
EXP-20260831-0008	HYP-0028	privileged_tensor_support_v1	quick	complete	0.3255074098456617	6083.333333333333	864.5999999999999	11363328.0	0.0		True	3d573da24d61154a8122e40c3cbc05eb47ac68f78b3504012cdcdd10cb8da9b7	research/results/EXP-20260831-0008.json	2026-08-31T17:51:05Z
EXP-20260831-0009	HYP-0029	shared_local_update_law_v1	quick	complete	0.5300927069475194	11550.0	899.2888888888889	8496.0	0.0		True	4550d527ceba5e408f217eee1e8786fdd7791f371755503aa9fb1831290f3f5a	research/results/EXP-20260831-0009.json	2026-08-31T19:03:16Z
EXP-20260831-0009	HYP-0029	independent_local_update_law_v1	quick	complete	0.2710786316681267	11550.0	855.4000000000001	25488.0	0.0		True	4550d527ceba5e408f217eee1e8786fdd7791f371755503aa9fb1831290f3f5a	research/results/EXP-20260831-0009.json	2026-08-31T19:03:16Z
EXP-20260831-0009	HYP-0029	cross_family_only_local_update_law_v1	quick	complete	0.16709126771441565	11550.0	765.3888888888889	25488.0	0.0		True	4550d527ceba5e408f217eee1e8786fdd7791f371755503aa9fb1831290f3f5a	research/results/EXP-20260831-0009.json	2026-08-31T19:03:16Z
EXP-20260831-0009	HYP-0029	support_only_local_update_law_v1	quick	complete	0.3284009044131071	11550.0	1405.1333333333334	25488.0	0.0		True	4550d527ceba5e408f217eee1e8786fdd7791f371755503aa9fb1831290f3f5a	research/results/EXP-20260831-0009.json	2026-08-31T19:03:16Z
EXP-20260831-0009	HYP-0029	tensor_persistence_v1	quick	complete	0.5250230493234733	6083.333333333333	1010.2666666666667	746496.0	0.0		True	4550d527ceba5e408f217eee1e8786fdd7791f371755503aa9fb1831290f3f5a	research/results/EXP-20260831-0009.json	2026-08-31T19:03:16Z
EXP-20260831-0009	HYP-0029	tensor_ridge_arx_v1	quick	complete	0.2848543962123378	6083.333333333333	1210.8000000000002	746496.0	0.0		True	4550d527ceba5e408f217eee1e8786fdd7791f371755503aa9fb1831290f3f5a	research/results/EXP-20260831-0009.json	2026-08-31T19:03:16Z
EXP-20260831-0009	HYP-0029	tensor_rls_arx_v1	quick	complete	0.2848543962103023	6083.333333333333	971.3000000000001	746496.0	0.0		True	4550d527ceba5e408f217eee1e8786fdd7791f371755503aa9fb1831290f3f5a	research/results/EXP-20260831-0009.json	2026-08-31T19:03:16Z
EXP-20260831-0009	HYP-0029	tensor_empirical_gaussian_joint_v1	quick	complete	0.2817931701764528	6083.333333333333	727.1555555555556	746496.0	0.0		True	4550d527ceba5e408f217eee1e8786fdd7791f371755503aa9fb1831290f3f5a	research/results/EXP-20260831-0009.json	2026-08-31T19:03:16Z
EXP-20260831-0009	HYP-0029	tensor_contextual_gaussian_chow_liu_v1	quick	complete	0.38468485540530173	6083.333333333333	875.0666666666666	746496.0	0.0		True	4550d527ceba5e408f217eee1e8786fdd7791f371755503aa9fb1831290f3f5a	research/results/EXP-20260831-0009.json	2026-08-31T19:03:16Z
EXP-20260831-0009	HYP-0029	tensor_autoregressive_v1	quick	complete	0.2848543962123378	6083.333333333333	871.2444444444445	746496.0	0.0		True	4550d527ceba5e408f217eee1e8786fdd7791f371755503aa9fb1831290f3f5a	research/results/EXP-20260831-0009.json	2026-08-31T19:03:16Z
EXP-20260831-0009	HYP-0029	tensor_raw_window_local_linear_v1	quick	complete	0.37563347119435453	165150.0	2989.8222222222225	427712.0	0.0		True	4550d527ceba5e408f217eee1e8786fdd7791f371755503aa9fb1831290f3f5a	research/results/EXP-20260831-0009.json	2026-08-31T19:03:16Z
EXP-20260831-0009	HYP-0029	tensor_random_projection_hash_v1	quick	complete	0.4939311305920492	27550.0	2073.9777777777776	305600.0	0.0		True	4550d527ceba5e408f217eee1e8786fdd7791f371755503aa9fb1831290f3f5a	research/results/EXP-20260831-0009.json	2026-08-31T19:03:16Z
EXP-20260831-0009	HYP-0029	privileged_tensor_support_v1	quick	complete	0.32351333153026385	6083.333333333333	1869.4333333333334	11363328.0	0.0		True	4550d527ceba5e408f217eee1e8786fdd7791f371755503aa9fb1831290f3f5a	research/results/EXP-20260831-0009.json	2026-08-31T19:03:16Z
EXP-20260901-0002	HYP-0030	experience_operator_compiler	quick	complete	1.0	749.0	5.233333333333333	2472.0	0.0	0.0	True	ba6ad48e4be1d1dd4f6e6a135b18df60f254047a2ea9f925efc3a407fd986f7d	research/results/EXP-20260901-0002.json	2026-08-31T22:41:23Z
EXP-20260901-0002	HYP-0030	experience_operator_independent	quick	complete	1.0	734.0	5.377777777777777	20352.0	0.0	0.0	True	ba6ad48e4be1d1dd4f6e6a135b18df60f254047a2ea9f925efc3a407fd986f7d	research/results/EXP-20260901-0002.json	2026-08-31T22:41:23Z
EXP-20260901-0002	HYP-0030	experience_operator_no_pairing	quick	complete	1.0	734.0	5.444444444444445	20352.0	0.0	0.0	True	ba6ad48e4be1d1dd4f6e6a135b18df60f254047a2ea9f925efc3a407fd986f7d	research/results/EXP-20260901-0002.json	2026-08-31T22:41:23Z
EXP-20260901-0002	HYP-0030	operator_interpreter	quick	complete	1.0	734.0	2.5777777777777775	64.0	0.0	0.0	True	ba6ad48e4be1d1dd4f6e6a135b18df60f254047a2ea9f925efc3a407fd986f7d	research/results/EXP-20260901-0002.json	2026-08-31T22:41:23Z
EXP-20260901-0002	HYP-0030	operator_exact_key_cache	quick	complete	1.0	1306.0	30.022222222222222	40320.0	-1.0261941365343867e-31	0.0	True	ba6ad48e4be1d1dd4f6e6a135b18df60f254047a2ea9f925efc3a407fd986f7d	research/results/EXP-20260901-0002.json	2026-08-31T22:41:23Z
EXP-20260901-0002	HYP-0030	operator_structural_result_cache	quick	complete	1.0	1309.0	11.588888888888889	5984.0	0.0	0.0	True	ba6ad48e4be1d1dd4f6e6a135b18df60f254047a2ea9f925efc3a407fd986f7d	research/results/EXP-20260901-0002.json	2026-08-31T22:41:23Z
EXP-20260901-0002	HYP-0030	operator_canonical_table_cache	quick	complete	1.0	1881.0	27.48888888888889	3616.0	0.0	0.0	True	ba6ad48e4be1d1dd4f6e6a135b18df60f254047a2ea9f925efc3a407fd986f7d	research/results/EXP-20260901-0002.json	2026-08-31T22:41:23Z
EXP-20260901-0002	HYP-0030	operator_anti_unification_cache	quick	complete	1.0	1334.0	179.66666666666666	7024.0	0.016152270355769296	0.0	True	ba6ad48e4be1d1dd4f6e6a135b18df60f254047a2ea9f925efc3a407fd986f7d	research/results/EXP-20260901-0002.json	2026-08-31T22:41:23Z
EXP-20260901-0002	HYP-0030	operator_nearest_canonical	quick	complete	1.0	2410.0	21.977777777777778	9280.0	0.0217740128162927	0.0	True	ba6ad48e4be1d1dd4f6e6a135b18df60f254047a2ea9f925efc3a407fd986f7d	research/results/EXP-20260901-0002.json	2026-08-31T22:41:23Z
EXP-20260901-0002	HYP-0030	operator_random	quick	complete	0.0	730.0	12.077777777777778	64.0	0.0	0.0	True	ba6ad48e4be1d1dd4f6e6a135b18df60f254047a2ea9f925efc3a407fd986f7d	research/results/EXP-20260901-0002.json	2026-08-31T22:41:23Z
EXP-20260901-0003	HYP-0030	experience_operator_compiler	quick	complete	1.0	749.0	5.544444444444444	2472.0	0.0	0.0	True	2a97e6a42b0e42af7b4189e4db033a21cf7669d9143097a70913404f78c2b995	research/results/EXP-20260901-0003.json	2026-08-31T22:56:17Z
EXP-20260901-0003	HYP-0030	experience_operator_independent	quick	complete	1.0	734.0	5.844444444444445	20352.0	0.0	0.0	True	2a97e6a42b0e42af7b4189e4db033a21cf7669d9143097a70913404f78c2b995	research/results/EXP-20260901-0003.json	2026-08-31T22:56:17Z
EXP-20260901-0003	HYP-0030	experience_operator_no_pairing	quick	complete	1.0	734.0	6.5	20352.0	0.0	0.0	True	2a97e6a42b0e42af7b4189e4db033a21cf7669d9143097a70913404f78c2b995	research/results/EXP-20260901-0003.json	2026-08-31T22:56:17Z
EXP-20260901-0003	HYP-0030	operator_interpreter	quick	complete	1.0	734.0	2.8	64.0	0.0	0.0	True	2a97e6a42b0e42af7b4189e4db033a21cf7669d9143097a70913404f78c2b995	research/results/EXP-20260901-0003.json	2026-08-31T22:56:17Z
EXP-20260901-0003	HYP-0030	operator_exact_key_cache	quick	complete	1.0	1306.0	34.233333333333334	40320.0	-1.0261941365343867e-31	0.0	True	2a97e6a42b0e42af7b4189e4db033a21cf7669d9143097a70913404f78c2b995	research/results/EXP-20260901-0003.json	2026-08-31T22:56:17Z
EXP-20260901-0003	HYP-0030	operator_structural_result_cache	quick	complete	1.0	1309.0	14.233333333333333	5984.0	0.0	0.0	True	2a97e6a42b0e42af7b4189e4db033a21cf7669d9143097a70913404f78c2b995	research/results/EXP-20260901-0003.json	2026-08-31T22:56:17Z
EXP-20260901-0003	HYP-0030	operator_canonical_table_cache	quick	complete	1.0	1881.0	22.833333333333332	3616.0	0.0	0.0	True	2a97e6a42b0e42af7b4189e4db033a21cf7669d9143097a70913404f78c2b995	research/results/EXP-20260901-0003.json	2026-08-31T22:56:17Z
EXP-20260901-0003	HYP-0030	operator_anti_unification_cache	quick	complete	1.0	1334.0	97.67777777777778	7024.0	0.016152270355769296	0.0	True	2a97e6a42b0e42af7b4189e4db033a21cf7669d9143097a70913404f78c2b995	research/results/EXP-20260901-0003.json	2026-08-31T22:56:17Z
EXP-20260901-0003	HYP-0030	operator_nearest_canonical	quick	complete	1.0	2410.0	24.61111111111111	9280.0	0.0217740128162927	0.0	True	2a97e6a42b0e42af7b4189e4db033a21cf7669d9143097a70913404f78c2b995	research/results/EXP-20260901-0003.json	2026-08-31T22:56:17Z
EXP-20260901-0003	HYP-0030	operator_random	quick	complete	0.0	730.0	12.222222222222221	64.0	0.0	0.0	True	2a97e6a42b0e42af7b4189e4db033a21cf7669d9143097a70913404f78c2b995	research/results/EXP-20260901-0003.json	2026-08-31T22:56:17Z
EXP-20260901-0004	HYP-0031	wt_candidate_under_test	quick	complete	0.47862658926184803	1000.0	79.18333333333334	5808.0	0.0	0.9473920121063755	True	986141d4382b857d948441240401a20c396bf3cb674b605c975e6ecc74c2257a	research/results/EXP-20260901-0004.json	2026-08-31T23:17:32Z
EXP-20260901-0004	HYP-0031	wt_persistence_v1	quick	complete	0.4816175328692815	960.0	87.15555555555555	0.0	0.0	0.0	True	986141d4382b857d948441240401a20c396bf3cb674b605c975e6ecc74c2257a	research/results/EXP-20260901-0004.json	2026-08-31T23:17:32Z
EXP-20260901-0004	HYP-0031	wt_pooled_mean_v1	quick	complete	0.4882105259395456	960.0	79.19999999999999	2560.0	0.0	0.0	True	986141d4382b857d948441240401a20c396bf3cb674b605c975e6ecc74c2257a	research/results/EXP-20260901-0004.json	2026-08-31T23:17:32Z
EXP-20260901-0004	HYP-0031	wt_control_level_bank_v1	quick	complete	0.49875833362885696	1920.0	80.97777777777777	10240.0	0.0	0.0	True	986141d4382b857d948441240401a20c396bf3cb674b605c975e6ecc74c2257a	research/results/EXP-20260901-0004.json	2026-08-31T23:17:32Z
EXP-20260901-0004	HYP-0031	wt_lms_v1	quick	complete	0.42371847954852615	61440.0	97.22222222222223	253952.0	0.0	0.0	True	986141d4382b857d948441240401a20c396bf3cb674b605c975e6ecc74c2257a	research/results/EXP-20260901-0004.json	2026-08-31T23:17:32Z
EXP-20260901-0004	HYP-0031	wt_rls_v1	quick	complete	0.4251235559433269	61440.0	97.46111111111111	270336.0	0.0	0.0	True	986141d4382b857d948441240401a20c396bf3cb674b605c975e6ecc74c2257a	research/results/EXP-20260901-0004.json	2026-08-31T23:17:32Z
EXP-20260901-0004	HYP-0031	wt_transition_bank_v1	quick	complete	0.4900393434668628	2040.0	113.86111111111111	105168.0	-6.3899386945939e-31	7.247889247959646e-31	True	986141d4382b857d948441240401a20c396bf3cb674b605c975e6ecc74c2257a	research/results/EXP-20260901-0004.json	2026-08-31T23:17:32Z
EXP-20260901-0004	HYP-0031	wt_bounded_replay_v1	quick	complete	0.4481813927927111	7072.0	154.66111111111113	264448.0	0.0	0.0	True	986141d4382b857d948441240401a20c396bf3cb674b605c975e6ecc74c2257a	research/results/EXP-20260901-0004.json	2026-08-31T23:17:32Z
EXP-20260901-0004	HYP-0031	wt_ridge_fir_v1	quick	complete	0.4139212576482827	61440.0	91.30555555555556	90112.0	0.0	0.0	True	986141d4382b857d948441240401a20c396bf3cb674b605c975e6ecc74c2257a	research/results/EXP-20260901-0004.json	2026-08-31T23:17:32Z
EXP-20260901-0007	HYP-0032	layer_local_goodness_byte	quick	complete	0.0015190972222222222	27648.0	102.15555555555555	12608.0	0.0	0.0	True	162d4ef579b8b00cfde25b7716a3ba60eadd210c7856503a7636c6a869b54cfe	research/results/EXP-20260901-0007.json	2026-08-31T23:56:16Z
EXP-20260901-0007	HYP-0032	source_identical_end_to_end_gradient_byte	quick	complete	0.07411024305555555	27648.0	89.16	12608.0	0.0	0.0	True	162d4ef579b8b00cfde25b7716a3ba60eadd210c7856503a7636c6a869b54cfe	research/results/EXP-20260901-0007.json	2026-08-31T23:56:16Z
EXP-20260901-0007	HYP-0032	source_identical_frozen_hidden_byte	quick	complete	0.0006076388888888889	27648.0	75.98666666666666	12608.0	0.0	0.0	True	162d4ef579b8b00cfde25b7716a3ba60eadd210c7856503a7636c6a869b54cfe	research/results/EXP-20260901-0007.json	2026-08-31T23:56:16Z
EXP-20260901-0007	HYP-0032	uniform_byte	quick	complete	0.0	1.0	35.05555555555556	256.0	0.0	0.0	True	162d4ef579b8b00cfde25b7716a3ba60eadd210c7856503a7636c6a869b54cfe	research/results/EXP-20260901-0007.json	2026-08-31T23:56:16Z
EXP-20260901-0007	HYP-0032	empirical_unigram_byte	quick	complete	0.2297092013888889	14848.0	575.28	30616.0	0.0	0.925109929535273	True	162d4ef579b8b00cfde25b7716a3ba60eadd210c7856503a7636c6a869b54cfe	research/results/EXP-20260901-0007.json	2026-08-31T23:56:16Z
EXP-20260901-0007	HYP-0032	ppm_d_order5_byte	quick	complete	0.46608072916666665	1792.0	79.97111111111111	1654032.0	0.0	0.0	True	162d4ef579b8b00cfde25b7716a3ba60eadd210c7856503a7636c6a869b54cfe	research/results/EXP-20260901-0007.json	2026-08-31T23:56:16Z
EXP-20260901-0007	HYP-0032	ctw_depth2_byte	quick	complete	0.2933159722222222	768.0	137.8311111111111	867008.0	0.0	5.130970682671935e-32	True	162d4ef579b8b00cfde25b7716a3ba60eadd210c7856503a7636c6a869b54cfe	research/results/EXP-20260901-0007.json	2026-08-31T23:56:16Z
EXP-20260901-0007	HYP-0032	lz_dictionary_byte	quick	complete	0.38036024305555555	284.0	53.346666666666664	2345496.0	0.0	0.07489007046472694	True	162d4ef579b8b00cfde25b7716a3ba60eadd210c7856503a7636c6a869b54cfe	research/results/EXP-20260901-0007.json	2026-08-31T23:56:16Z
EXP-20260901-0007	HYP-0032	dense_autoregressive_byte	quick	crash							True	162d4ef579b8b00cfde25b7716a3ba60eadd210c7856503a7636c6a869b54cfe	research/results/EXP-20260901-0007.json	2026-08-31T23:56:16Z
EXP-20260901-0009	HYP-0033	orthogonal_reservoir_byte	quick	complete	0.20377604166666666	9743.3125	37.62888888888889	35136.0	0.0	0.00121423127283132	True	380c3f55f287367e5791b799971a027c439b53ce25c9c4853047cb67ef86161c	research/results/EXP-20260901-0009.json	2026-09-01T00:17:02Z
EXP-20260901-0009	HYP-0033	source_identical_no_recurrence_byte	quick	complete	0.20286458333333332	9743.3125	36.06666666666667	35136.0	0.0	0.00121423127283132	True	380c3f55f287367e5791b799971a027c439b53ce25c9c4853047cb67ef86161c	research/results/EXP-20260901-0009.json	2026-09-01T00:17:02Z
EXP-20260901-0009	HYP-0033	source_identical_frozen_readout_reservoir_byte	quick	complete	0.0	9743.3125	35.833333333333336	35136.0	0.0	0.00121423127283132	True	380c3f55f287367e5791b799971a027c439b53ce25c9c4853047cb67ef86161c	research/results/EXP-20260901-0009.json	2026-09-01T00:17:02Z
EXP-20260901-0009	HYP-0033	uniform_byte	quick	complete	0.0	1.0	28.628888888888888	256.0	0.0	0.0	True	380c3f55f287367e5791b799971a027c439b53ce25c9c4853047cb67ef86161c	research/results/EXP-20260901-0009.json	2026-09-01T00:17:02Z
EXP-20260901-0009	HYP-0033	empirical_unigram_byte	quick	complete	0.22161458333333334	14848.0	524.8	31696.0	0.0	0.925109929535273	True	380c3f55f287367e5791b799971a027c439b53ce25c9c4853047cb67ef86161c	research/results/EXP-20260901-0009.json	2026-09-01T00:17:02Z
EXP-20260901-0009	HYP-0033	ppm_d_order5_byte	quick	complete	0.4511935763888889	1792.0	59.937777777777775	1654032.0	0.0	0.0	True	380c3f55f287367e5791b799971a027c439b53ce25c9c4853047cb67ef86161c	research/results/EXP-20260901-0009.json	2026-09-01T00:17:02Z
EXP-20260901-0009	HYP-0033	ctw_depth2_byte	quick	complete	0.28174913194444445	768.0	104.52666666666666	867008.0	0.0	5.130970682671935e-32	True	380c3f55f287367e5791b799971a027c439b53ce25c9c4853047cb67ef86161c	research/results/EXP-20260901-0009.json	2026-09-01T00:17:02Z
EXP-20260901-0009	HYP-0033	lz_dictionary_byte	quick	complete	0.3668619791666667	284.0	51.88222222222222	2353184.0	0.0	0.07489007046472694	True	380c3f55f287367e5791b799971a027c439b53ce25c9c4853047cb67ef86161c	research/results/EXP-20260901-0009.json	2026-09-01T00:17:02Z
EXP-20260901-0009	HYP-0033	dense_autoregressive_byte	quick	crash							True	380c3f55f287367e5791b799971a027c439b53ce25c9c4853047cb67ef86161c	research/results/EXP-20260901-0009.json	2026-09-01T00:17:02Z
EXP-20260901-0011	HYP-0034	local_sparse_predictive_code_masked_byte	quick	complete	0.07286241319444445	5727.615974359201	5334.15	524800.0		0.6460564329053143	True	19946d91c3a2cdf2579797005ae95c9e97a37aa13cfc325e00aaa1e7753b8331	research/results/EXP-20260901-0011.json	2026-09-01T00:46:08Z
EXP-20260901-0011	HYP-0034	source_identical_one_pass_predictive_code_masked_byte	quick	complete	0.06982421875	2603.0	6182.633333333333	524800.0		0.0	True	19946d91c3a2cdf2579797005ae95c9e97a37aa13cfc325e00aaa1e7753b8331	research/results/EXP-20260901-0011.json	2026-09-01T00:46:08Z
EXP-20260901-0011	HYP-0034	source_identical_frozen_code_predictive_byte	quick	complete	0.006727430555555556	5735.064387057613	5768.466666666666	524800.0		0.6470349353739001	True	19946d91c3a2cdf2579797005ae95c9e97a37aa13cfc325e00aaa1e7753b8331	research/results/EXP-20260901-0011.json	2026-09-01T00:46:08Z
EXP-20260901-0011	HYP-0034	uniform_masked_byte	quick	complete	0.0	863.2945457877718	3224.05	526848.0		0.43678928599048816	True	19946d91c3a2cdf2579797005ae95c9e97a37aa13cfc325e00aaa1e7753b8331	research/results/EXP-20260901-0011.json	2026-09-01T00:46:08Z
EXP-20260901-0011	HYP-0034	empirical_unigram_masked_byte	quick	complete	0.08024088541666667	1452.223117216343	3125.983333333333	526848.0		0.5286498464195943	True	19946d91c3a2cdf2579797005ae95c9e97a37aa13cfc325e00aaa1e7753b8331	research/results/EXP-20260901-0011.json	2026-09-01T00:46:08Z
EXP-20260901-0011	HYP-0034	left_to_right_ppm_masked_byte	quick	complete	0.14436848958333334	11503.270736263961	6988.466666666666	1438944.0		0.6601751036094513	True	19946d91c3a2cdf2579797005ae95c9e97a37aa13cfc325e00aaa1e7753b8331	research/results/EXP-20260901-0011.json	2026-09-01T00:46:08Z
EXP-20260901-0011	HYP-0034	context_tree_weighting_masked_byte	quick	complete	0.05712890625	11503.270736263961	12583.066666666668	652760.0		0.6601751036094513	True	19946d91c3a2cdf2579797005ae95c9e97a37aa13cfc325e00aaa1e7753b8331	research/results/EXP-20260901-0011.json	2026-09-01T00:46:08Z
EXP-20260901-0011	HYP-0034	dense_autoregressive_masked_byte	quick	complete	0.08707682291666667	11503.270736263961	4813.75	1837568.0		0.6601751036094513	True	19946d91c3a2cdf2579797005ae95c9e97a37aa13cfc325e00aaa1e7753b8331	research/results/EXP-20260901-0011.json	2026-09-01T00:46:08Z
EXP-20260901-0011	HYP-0034	bidirectional_markov_masked_byte	quick	complete	0.08317057291666667	303574.889783883	4934.316666666667	526848.0		0.6800251471978366	True	19946d91c3a2cdf2579797005ae95c9e97a37aa13cfc325e00aaa1e7753b8331	research/results/EXP-20260901-0011.json	2026-09-01T00:46:08Z
EXP-20260901-0011	HYP-0034	parallel_markov_bp_masked_byte	quick	complete	0.08317057291666667	894494.0008949941	23736.6	2624000.0		0.6148791932288032	True	19946d91c3a2cdf2579797005ae95c9e97a37aa13cfc325e00aaa1e7753b8331	research/results/EXP-20260901-0011.json	2026-09-01T00:46:08Z
EXP-20260901-0011	HYP-0034	oracle_conditional_masked_byte	quick	complete	1.0	863.2945457877718	3294.5833333333335	526848.0		0.43678928599048816	True	19946d91c3a2cdf2579797005ae95c9e97a37aa13cfc325e00aaa1e7753b8331	research/results/EXP-20260901-0011.json	2026-09-01T00:46:08Z
EXP-20260901-0013	HYP-0035	learned_conditional_execution_byte	quick	complete	0.200390625	12072.0	72.92666666666666	45200.0	0.0	0.014285976775902594	True	54b51fa4b89df1de717e37a8a9e9abcc92b79a3b98acbb3eb84334065c45c337	research/results/EXP-20260901-0013.json	2026-09-01T01:06:05Z
EXP-20260901-0013	HYP-0035	source_identical_all_experts_byte	quick	complete	0.20167100694444445	23848.0	53.742222222222225	45200.0	0.0	0.00724511325659401	True	54b51fa4b89df1de717e37a8a9e9abcc92b79a3b98acbb3eb84334065c45c337	research/results/EXP-20260901-0013.json	2026-09-01T01:06:05Z
EXP-20260901-0013	HYP-0035	source_identical_frozen_router_byte	quick	complete	0.2033420138888889	12072.0	65.10666666666667	45200.0	0.0	0.014285976775902594	True	54b51fa4b89df1de717e37a8a9e9abcc92b79a3b98acbb3eb84334065c45c337	research/results/EXP-20260901-0013.json	2026-09-01T01:06:05Z
EXP-20260901-0013	HYP-0035	uniform_byte	quick	complete	0.0	1.0	30.3	256.0	0.0	0.0	True	54b51fa4b89df1de717e37a8a9e9abcc92b79a3b98acbb3eb84334065c45c337	research/results/EXP-20260901-0013.json	2026-09-01T01:06:05Z
EXP-20260901-0013	HYP-0035	empirical_unigram_byte	quick	complete	0.21688368055555557	14848.0	506.5422222222223	30544.0	0.0	0.925109929535273	True	54b51fa4b89df1de717e37a8a9e9abcc92b79a3b98acbb3eb84334065c45c337	research/results/EXP-20260901-0013.json	2026-09-01T01:06:05Z
EXP-20260901-0013	HYP-0035	ppm_d_order5_byte	quick	complete	0.45792100694444443	1792.0	57.36222222222223	1654032.0	0.0	0.0	True	54b51fa4b89df1de717e37a8a9e9abcc92b79a3b98acbb3eb84334065c45c337	research/results/EXP-20260901-0013.json	2026-09-01T01:06:05Z
EXP-20260901-0013	HYP-0035	ctw_depth2_byte	quick	complete	0.28365885416666664	768.0	102.65111111111112	867008.0	0.0	5.130970682671935e-32	True	54b51fa4b89df1de717e37a8a9e9abcc92b79a3b98acbb3eb84334065c45c337	research/results/EXP-20260901-0013.json	2026-09-01T01:06:05Z
EXP-20260901-0013	HYP-0035	lz_dictionary_byte	quick	complete	0.37083333333333335	284.0	64.9	2340176.0	0.0	0.07489007046472694	True	54b51fa4b89df1de717e37a8a9e9abcc92b79a3b98acbb3eb84334065c45c337	research/results/EXP-20260901-0013.json	2026-09-01T01:06:05Z
EXP-20260901-0013	HYP-0035	dense_autoregressive_byte	quick	crash							True	54b51fa4b89df1de717e37a8a9e9abcc92b79a3b98acbb3eb84334065c45c337	research/results/EXP-20260901-0013.json	2026-09-01T01:06:05Z
EXP-20260901-0015	HYP-0036	wt_multiresolution_lifting_v1	quick	crash							True	25b166e767022f11ac51a51ab438d6d701e2ebe729b0e90af201d7d41f97674e	research/results/EXP-20260901-0015.json	2026-09-01T01:34:46Z
EXP-20260901-0015	HYP-0036	wt_source_identical_single_scale_lifting_v1	quick	crash							True	25b166e767022f11ac51a51ab438d6d701e2ebe729b0e90af201d7d41f97674e	research/results/EXP-20260901-0015.json	2026-09-01T01:34:46Z
EXP-20260901-0015	HYP-0036	wt_source_identical_frozen_lifting_v1	quick	crash							True	25b166e767022f11ac51a51ab438d6d701e2ebe729b0e90af201d7d41f97674e	research/results/EXP-20260901-0015.json	2026-09-01T01:34:46Z
EXP-20260901-0015	HYP-0036	wt_persistence_v1	quick	complete	0.4816175328692815	960.0	69.00555555555555	0.0	0.0	0.0	True	25b166e767022f11ac51a51ab438d6d701e2ebe729b0e90af201d7d41f97674e	research/results/EXP-20260901-0015.json	2026-09-01T01:34:46Z
EXP-20260901-0015	HYP-0036	wt_pooled_mean_v1	quick	complete	0.4882105259395456	960.0	81.67777777777778	2560.0	0.0	0.0	True	25b166e767022f11ac51a51ab438d6d701e2ebe729b0e90af201d7d41f97674e	research/results/EXP-20260901-0015.json	2026-09-01T01:34:46Z
EXP-20260901-0015	HYP-0036	wt_control_level_bank_v1	quick	complete	0.49875833362885696	1920.0	64.30000000000001	10240.0	0.0	0.0	True	25b166e767022f11ac51a51ab438d6d701e2ebe729b0e90af201d7d41f97674e	research/results/EXP-20260901-0015.json	2026-09-01T01:34:46Z
EXP-20260901-0015	HYP-0036	wt_lms_v1	quick	complete	0.42371847954852737	61440.0	75.0	253952.0	0.0	0.0	True	25b166e767022f11ac51a51ab438d6d701e2ebe729b0e90af201d7d41f97674e	research/results/EXP-20260901-0015.json	2026-09-01T01:34:46Z
EXP-20260901-0015	HYP-0036	wt_rls_v1	quick	complete	0.42512355594332096	61440.0	75.69999999999999	270336.0	0.0	0.0	True	25b166e767022f11ac51a51ab438d6d701e2ebe729b0e90af201d7d41f97674e	research/results/EXP-20260901-0015.json	2026-09-01T01:34:46Z
EXP-20260901-0015	HYP-0036	wt_transition_bank_v1	quick	complete	0.4900393434668628	2040.0	85.37222222222222	105168.0	-6.3899386945939e-31	7.247889247959646e-31	True	25b166e767022f11ac51a51ab438d6d701e2ebe729b0e90af201d7d41f97674e	research/results/EXP-20260901-0015.json	2026-09-01T01:34:46Z
EXP-20260901-0015	HYP-0036	wt_bounded_replay_v1	quick	complete	0.4481813927927111	7072.0	113.30000000000001	264448.0	0.0	0.0	True	25b166e767022f11ac51a51ab438d6d701e2ebe729b0e90af201d7d41f97674e	research/results/EXP-20260901-0015.json	2026-09-01T01:34:46Z
EXP-20260901-0015	HYP-0036	wt_ridge_fir_v1	quick	complete	0.41392125764826726	61440.0	81.33333333333333	90112.0	0.0	0.0	True	25b166e767022f11ac51a51ab438d6d701e2ebe729b0e90af201d7d41f97674e	research/results/EXP-20260901-0015.json	2026-09-01T01:34:46Z
EXP-20260901-0017	HYP-0036	wt_multiresolution_lifting_v1	quick	complete	0.5343156022373708	13733.333333333334	123.1277777777778	6528.0	0.0	0.64833095634287	True	496cb41fac6c0198ec1320621b08c3e7284d3543aa654cca98a1a55f3fd7137b	research/results/EXP-20260901-0017.json	2026-09-01T01:43:08Z
EXP-20260901-0017	HYP-0036	wt_source_identical_single_scale_lifting_v1	quick	complete	0.5343209591683815	13733.333333333334	123.22222222222223	6528.0	0.0	0.64833095634287	True	496cb41fac6c0198ec1320621b08c3e7284d3543aa654cca98a1a55f3fd7137b	research/results/EXP-20260901-0017.json	2026-09-01T01:43:08Z
EXP-20260901-0017	HYP-0036	wt_source_identical_frozen_lifting_v1	quick	complete	0.49497138921492795	13733.333333333334	122.34444444444443	6528.0	0.0	0.64833095634287	True	496cb41fac6c0198ec1320621b08c3e7284d3543aa654cca98a1a55f3fd7137b	research/results/EXP-20260901-0017.json	2026-09-01T01:43:08Z
EXP-20260901-0017	HYP-0036	wt_persistence_v1	quick	complete	0.4816175328692815	960.0	63.17777777777778	0.0	0.0	0.0	True	496cb41fac6c0198ec1320621b08c3e7284d3543aa654cca98a1a55f3fd7137b	research/results/EXP-20260901-0017.json	2026-09-01T01:43:08Z
EXP-20260901-0017	HYP-0036	wt_pooled_mean_v1	quick	complete	0.4882105259395456	960.0	70.61666666666666	2560.0	0.0	0.0	True	496cb41fac6c0198ec1320621b08c3e7284d3543aa654cca98a1a55f3fd7137b	research/results/EXP-20260901-0017.json	2026-09-01T01:43:08Z
EXP-20260901-0017	HYP-0036	wt_control_level_bank_v1	quick	complete	0.49875833362885696	1920.0	77.49444444444445	10240.0	0.0	0.0	True	496cb41fac6c0198ec1320621b08c3e7284d3543aa654cca98a1a55f3fd7137b	research/results/EXP-20260901-0017.json	2026-09-01T01:43:08Z
EXP-20260901-0017	HYP-0036	wt_lms_v1	quick	complete	0.4237184795485085	61440.0	77.12222222222222	253952.0	0.0	0.0	True	496cb41fac6c0198ec1320621b08c3e7284d3543aa654cca98a1a55f3fd7137b	research/results/EXP-20260901-0017.json	2026-09-01T01:43:08Z
EXP-20260901-0017	HYP-0036	wt_rls_v1	quick	complete	0.42512355594330475	61440.0	97.73333333333333	270336.0	0.0	0.0	True	496cb41fac6c0198ec1320621b08c3e7284d3543aa654cca98a1a55f3fd7137b	research/results/EXP-20260901-0017.json	2026-09-01T01:43:08Z
EXP-20260901-0017	HYP-0036	wt_transition_bank_v1	quick	complete	0.4900393434668628	2040.0	84.95555555555556	105168.0	-6.3899386945939e-31	7.247889247959646e-31	True	496cb41fac6c0198ec1320621b08c3e7284d3543aa654cca98a1a55f3fd7137b	research/results/EXP-20260901-0017.json	2026-09-01T01:43:08Z
EXP-20260901-0017	HYP-0036	wt_bounded_replay_v1	quick	complete	0.4481813927927111	7072.0	105.78888888888889	264448.0	0.0	0.0	True	496cb41fac6c0198ec1320621b08c3e7284d3543aa654cca98a1a55f3fd7137b	research/results/EXP-20260901-0017.json	2026-09-01T01:43:08Z
EXP-20260901-0017	HYP-0036	wt_ridge_fir_v1	quick	complete	0.4139212576482313	61440.0	66.61666666666666	90112.0	0.0	0.0	True	496cb41fac6c0198ec1320621b08c3e7284d3543aa654cca98a1a55f3fd7137b	research/results/EXP-20260901-0017.json	2026-09-01T01:43:08Z
EXP-20260901-0020	HYP-0037	parallel_born_mps_masked_byte	quick	complete	0.11664496527777778	39596.223117216345	9168.833333333334	41632.0		0.733931611575174	True	c32120ae189cecdb5c1cfec97a2dfd0344f535334197606d1fa683da16d9bffe	research/results/EXP-20260901-0020.json	2026-09-01T02:15:21Z
EXP-20260901-0020	HYP-0037	source_identical_sequential_born_mps_masked_byte	quick	complete	0.11664496527777778	24638.50883150206	5984.549999999999	41632.0		0.7046677403426395	True	c32120ae189cecdb5c1cfec97a2dfd0344f535334197606d1fa683da16d9bffe	research/results/EXP-20260901-0020.json	2026-09-01T02:15:21Z
EXP-20260901-0020	HYP-0037	source_identical_frozen_born_mps_masked_byte	quick	complete	0.0	39596.223117216345	8895.166666666666	41632.0		0.733931611575174	True	c32120ae189cecdb5c1cfec97a2dfd0344f535334197606d1fa683da16d9bffe	research/results/EXP-20260901-0020.json	2026-09-01T02:15:21Z
EXP-20260901-0020	HYP-0037	uniform_masked_byte	quick	complete	0.0	863.2945457877718	3135.8	526848.0		0.43678928599048816	True	c32120ae189cecdb5c1cfec97a2dfd0344f535334197606d1fa683da16d9bffe	research/results/EXP-20260901-0020.json	2026-09-01T02:15:21Z
EXP-20260901-0020	HYP-0037	empirical_unigram_masked_byte	quick	complete	0.1162109375	1452.223117216343	3231.2166666666662	526848.0		0.5286498464195943	True	c32120ae189cecdb5c1cfec97a2dfd0344f535334197606d1fa683da16d9bffe	research/results/EXP-20260901-0020.json	2026-09-01T02:15:21Z
EXP-20260901-0020	HYP-0037	left_to_right_ppm_masked_byte	quick	complete	0.10888671875	11503.270736263961	6911.75	1438944.0		0.6601751036094513	True	c32120ae189cecdb5c1cfec97a2dfd0344f535334197606d1fa683da16d9bffe	research/results/EXP-20260901-0020.json	2026-09-01T02:15:21Z
EXP-20260901-0020	HYP-0037	context_tree_weighting_masked_byte	quick	complete	0.10953776041666667	11503.270736263961	12220.699999999999	652760.0		0.6601751036094513	True	c32120ae189cecdb5c1cfec97a2dfd0344f535334197606d1fa683da16d9bffe	research/results/EXP-20260901-0020.json	2026-09-01T02:15:21Z
EXP-20260901-0020	HYP-0037	dense_autoregressive_masked_byte	quick	complete	0.13248697916666666	11503.270736263961	4838.033333333334	1837568.0		0.6601751036094513	True	c32120ae189cecdb5c1cfec97a2dfd0344f535334197606d1fa683da16d9bffe	research/results/EXP-20260901-0020.json	2026-09-01T02:15:21Z
EXP-20260901-0020	HYP-0037	bidirectional_markov_masked_byte	quick	complete	0.12972005208333334	303574.889783883	4828.566666666667	526848.0		0.6800251471978366	True	c32120ae189cecdb5c1cfec97a2dfd0344f535334197606d1fa683da16d9bffe	research/results/EXP-20260901-0020.json	2026-09-01T02:15:21Z
EXP-20260901-0020	HYP-0037	parallel_markov_bp_masked_byte	quick	complete	0.12950303819444445	890983.143752137	23506.033333333333	2624000.0		0.6119182489560117	True	c32120ae189cecdb5c1cfec97a2dfd0344f535334197606d1fa683da16d9bffe	research/results/EXP-20260901-0020.json	2026-09-01T02:15:21Z
EXP-20260901-0020	HYP-0037	oracle_conditional_masked_byte	quick	complete	1.0	863.2945457877718	3270.733333333333	526848.0		0.43678928599048816	True	c32120ae189cecdb5c1cfec97a2dfd0344f535334197606d1fa683da16d9bffe	research/results/EXP-20260901-0020.json	2026-09-01T02:15:21Z
EXP-20260901-0021	HYP-0038	learned_macro_operator_dag	quick	complete	1.0	1516.111111111111	19.22222222222222	110864.0	-0.00031714555591241616	0.8835773560454059	True	0f4f5568b6e2d2e38babcdd947f9144ac26c766e910cbbce4c5d4fdbf21fabb0	research/results/EXP-20260901-0021.json	2026-09-01T02:40:07Z
EXP-20260901-0021	HYP-0038	source_identical_rebuild_macro_operator_dag	quick	complete	1.0	1772.111111111111	71.91111111111111	90736.0	0.08113130159335068	1.0334117044210314	True	0f4f5568b6e2d2e38babcdd947f9144ac26c766e910cbbce4c5d4fdbf21fabb0	research/results/EXP-20260901-0021.json	2026-09-01T02:40:07Z
EXP-20260901-0021	HYP-0038	source_identical_frozen_macro_operator_dag	quick	complete	1.0	1517.0	37.97777777777778	90736.0	0.0	0.8841553588972006	True	0f4f5568b6e2d2e38babcdd947f9144ac26c766e910cbbce4c5d4fdbf21fabb0	research/results/EXP-20260901-0021.json	2026-09-01T02:40:07Z
EXP-20260901-0021	HYP-0038	operator_interpreter	quick	complete	1.0	1518.0	3.688888888888889	64.0	-1.0261941365343867e-31	0.8834607543823727	True	0f4f5568b6e2d2e38babcdd947f9144ac26c766e910cbbce4c5d4fdbf21fabb0	research/results/EXP-20260901-0021.json	2026-09-01T02:40:07Z
EXP-20260901-0021	HYP-0038	operator_exact_key_cache	quick	complete	1.0	2852.6666666666665	170.02222222222224	40320.0	0.0	0.9368327499960345	True	0f4f5568b6e2d2e38babcdd947f9144ac26c766e910cbbce4c5d4fdbf21fabb0	research/results/EXP-20260901-0021.json	2026-09-01T02:40:07Z
EXP-20260901-0021	HYP-0038	operator_structural_result_cache	quick	complete	1.0	2861.0	13.655555555555557	5984.0	0.0	0.937434919356677	True	0f4f5568b6e2d2e38babcdd947f9144ac26c766e910cbbce4c5d4fdbf21fabb0	research/results/EXP-20260901-0021.json	2026-09-01T02:40:07Z
EXP-20260901-0021	HYP-0038	operator_canonical_table_cache	quick	complete	1.0	4195.666666666667	47.12222222222223	3616.0	0.0	0.9570411405859044	True	0f4f5568b6e2d2e38babcdd947f9144ac26c766e910cbbce4c5d4fdbf21fabb0	research/results/EXP-20260901-0021.json	2026-09-01T02:40:07Z
EXP-20260901-0021	HYP-0038	operator_anti_unification_cache	quick	complete	1.0	2880.6666666666665	223.42222222222222	7024.0	0.007496953151797632	0.9257387376449556	True	0f4f5568b6e2d2e38babcdd947f9144ac26c766e910cbbce4c5d4fdbf21fabb0	research/results/EXP-20260901-0021.json	2026-09-01T02:40:07Z
EXP-20260901-0021	HYP-0038	operator_nearest_canonical	quick	complete	1.0	3956.6666666666665	44.47777777777778	9280.0	0.013208041759179159	0.6446172438002497	True	0f4f5568b6e2d2e38babcdd947f9144ac26c766e910cbbce4c5d4fdbf21fabb0	research/results/EXP-20260901-0021.json	2026-09-01T02:40:07Z
EXP-20260901-0021	HYP-0038	operator_random	quick	complete	0.0	1508.6666666666667	10.533333333333333	64.0	-1.0261941365343867e-31	0.8827673731814886	True	0f4f5568b6e2d2e38babcdd947f9144ac26c766e910cbbce4c5d4fdbf21fabb0	research/results/EXP-20260901-0021.json	2026-09-01T02:40:07Z
EXP-20260901-0022	HYP-0039	learned_sparse_continuous_local_rule	quick	complete	0.20833333333333334	59996.0	2802.488888888889	3136.0	0.0	1.7912819298314568	True	6723225103eb721f78597ee4b00a53c64f3bbe1867d4dfad092cebf9bca51c00	research/results/EXP-20260901-0022.json	2026-09-01T03:16:38Z
EXP-20260901-0022	HYP-0039	source_identical_dense_continuous_local_rule	quick	complete	0.20833333333333334	1919252.0	12389.988888888889	3136.0	0.9999753356568473	0.9999868453738053	True	6723225103eb721f78597ee4b00a53c64f3bbe1867d4dfad092cebf9bca51c00	research/results/EXP-20260901-0022.json	2026-09-01T03:16:38Z
EXP-20260901-0022	HYP-0039	source_identical_frozen_continuous_local_rule	quick	complete	0.0	59996.0	1013.4222222222221	3136.0	0.0	1.7912819298314568	True	6723225103eb721f78597ee4b00a53c64f3bbe1867d4dfad092cebf9bca51c00	research/results/EXP-20260901-0022.json	2026-09-01T03:16:38Z
EXP-20260901-0022	HYP-0039	continuous_local_persistence	quick	complete	0.0	4.0	8.877777777777778	64.0	0.0	0.0	True	6723225103eb721f78597ee4b00a53c64f3bbe1867d4dfad092cebf9bca51c00	research/results/EXP-20260901-0022.json	2026-09-01T03:16:38Z
EXP-20260901-0022	HYP-0039	continuous_local_ridge	quick	complete	0.2638888888888889	8362.666666666666	879.5666666666667	480.0	0.0	1.7924812503605776	True	6723225103eb721f78597ee4b00a53c64f3bbe1867d4dfad092cebf9bca51c00	research/results/EXP-20260901-0022.json	2026-09-01T03:16:38Z
EXP-20260901-0022	HYP-0039	continuous_local_quantized_fsm	quick	complete	0.0	1698.6666666666667	422.5111111111111	58280.0	0.0	1.7924812503605787	True	6723225103eb721f78597ee4b00a53c64f3bbe1867d4dfad092cebf9bca51c00	research/results/EXP-20260901-0022.json	2026-09-01T03:16:38Z
EXP-20260901-0022	HYP-0039	continuous_local_kernel_event	quick	complete	0.027777777777777776	1864874.6666666667	4378.355555555555	49344.0	0.0	1.7924812503605776	True	6723225103eb721f78597ee4b00a53c64f3bbe1867d4dfad092cebf9bca51c00	research/results/EXP-20260901-0022.json	2026-09-01T03:16:38Z
EXP-20260901-0022	HYP-0039	privileged_continuous_local_support	quick	complete	1.0	3168.0	80.64444444444445	128.0	0.0	1.7568118595004467	True	6723225103eb721f78597ee4b00a53c64f3bbe1867d4dfad092cebf9bca51c00	research/results/EXP-20260901-0022.json	2026-09-01T03:16:38Z
EXP-20260901-0024	HYP-0040	wt_action_conditioned_predictive_state_v1	quick	complete	0.4657408464691344	14933.333333333334	105.02777777777777	80768.0	0.0	0.648330956342869	True	27f0c78387ff5521bc0975b6efdf4b8c926fac884f120424934ae5145a3ac305	research/results/EXP-20260901-0024.json	2026-09-01T04:00:41Z
EXP-20260901-0024	HYP-0040	wt_source_identical_frozen_predictive_state_v1	quick	complete	0.4250420180408758	14933.333333333334	86.41111111111111	80768.0	0.0	0.648330956342869	True	27f0c78387ff5521bc0975b6efdf4b8c926fac884f120424934ae5145a3ac305	research/results/EXP-20260901-0024.json	2026-09-01T04:00:41Z
EXP-20260901-0024	HYP-0040	wt_source_identical_observation_history_v1	quick	complete	0.442151674678845	14933.333333333334	88.54444444444444	80768.0	0.0	0.648330956342869	True	27f0c78387ff5521bc0975b6efdf4b8c926fac884f120424934ae5145a3ac305	research/results/EXP-20260901-0024.json	2026-09-01T04:00:41Z
EXP-20260901-0024	HYP-0040	wt_persistence_v1	quick	complete	0.4816175328692815	960.0	58.03888888888889	0.0	0.0	0.0	True	27f0c78387ff5521bc0975b6efdf4b8c926fac884f120424934ae5145a3ac305	research/results/EXP-20260901-0024.json	2026-09-01T04:00:41Z
EXP-20260901-0024	HYP-0040	wt_pooled_mean_v1	quick	complete	0.4882105259395456	960.0	61.166666666666664	2560.0	0.0	0.0	True	27f0c78387ff5521bc0975b6efdf4b8c926fac884f120424934ae5145a3ac305	research/results/EXP-20260901-0024.json	2026-09-01T04:00:41Z
EXP-20260901-0024	HYP-0040	wt_control_level_bank_v1	quick	complete	0.49875833362885696	1920.0	66.34444444444445	10240.0	0.0	0.0	True	27f0c78387ff5521bc0975b6efdf4b8c926fac884f120424934ae5145a3ac305	research/results/EXP-20260901-0024.json	2026-09-01T04:00:41Z
EXP-20260901-0024	HYP-0040	wt_lms_v1	quick	complete	0.42371847954853137	61440.0	77.02222222222223	253952.0	0.0	0.0	True	27f0c78387ff5521bc0975b6efdf4b8c926fac884f120424934ae5145a3ac305	research/results/EXP-20260901-0024.json	2026-09-01T04:00:41Z
EXP-20260901-0024	HYP-0040	wt_rls_v1	quick	complete	0.42512355594331774	61440.0	76.93333333333334	270336.0	0.0	0.0	True	27f0c78387ff5521bc0975b6efdf4b8c926fac884f120424934ae5145a3ac305	research/results/EXP-20260901-0024.json	2026-09-01T04:00:41Z
EXP-20260901-0024	HYP-0040	wt_transition_bank_v1	quick	complete	0.4900393434668628	2040.0	87.14444444444445	105168.0	-6.3899386945939e-31	7.247889247959646e-31	True	27f0c78387ff5521bc0975b6efdf4b8c926fac884f120424934ae5145a3ac305	research/results/EXP-20260901-0024.json	2026-09-01T04:00:41Z
EXP-20260901-0024	HYP-0040	wt_bounded_replay_v1	quick	complete	0.4481813927927111	7072.0	104.30000000000001	264448.0	0.0	0.0	True	27f0c78387ff5521bc0975b6efdf4b8c926fac884f120424934ae5145a3ac305	research/results/EXP-20260901-0024.json	2026-09-01T04:00:41Z
EXP-20260901-0024	HYP-0040	wt_ridge_fir_v1	quick	complete	0.4139212576482874	61440.0	71.94444444444444	90112.0	0.0	0.0	True	27f0c78387ff5521bc0975b6efdf4b8c926fac884f120424934ae5145a3ac305	research/results/EXP-20260901-0024.json	2026-09-01T04:00:41Z
EXP-20260901-0024	HYP-0040	wt_coverage_aware_spectral_psr_v1	quick	complete	0.4940234856732089	6524.0	88.44444444444444	80728.0	0.0	0.0	True	27f0c78387ff5521bc0975b6efdf4b8c926fac884f120424934ae5145a3ac305	research/results/EXP-20260901-0024.json	2026-09-01T04:00:41Z
EXP-20260901-0024	HYP-0040	wt_train_only_discretized_cssr_v1	quick	complete	0.49601497910148207	4104.666666666667	562.411111111111	563824.0	0.7166159540745004	0.0	True	27f0c78387ff5521bc0975b6efdf4b8c926fac884f120424934ae5145a3ac305	research/results/EXP-20260901-0024.json	2026-09-01T04:00:41Z
EXP-20260901-0027	HYP-0007	sparse_learned_energy_factor_graph_masked_byte	quick	complete	0.1400824652777778	16448.493578525868	6908.616666666667	1051136.0		1.1409909539370329	True	13e4d284751b039775f9a0152421db1354f4c0a8ac6e63f120301c6c9a141333	research/results/EXP-20260901-0027.json	2026-09-01T04:23:58Z
EXP-20260901-0027	HYP-0007	source_identical_one_sweep_energy_factor_graph_masked_byte	quick	complete	0.1515842013888889	7981.671281898883	5565.233333333334	1051136.0		0.6513463508161849	True	13e4d284751b039775f9a0152421db1354f4c0a8ac6e63f120301c6c9a141333	research/results/EXP-20260901-0027.json	2026-09-01T04:23:58Z
EXP-20260901-0027	HYP-0007	source_identical_frozen_energy_factor_graph_masked_byte	quick	complete	0.15087890625	7980.711212454438	5648.016666666666	1051136.0		0.6512591233072748	True	13e4d284751b039775f9a0152421db1354f4c0a8ac6e63f120301c6c9a141333	research/results/EXP-20260901-0027.json	2026-09-01T04:23:58Z
EXP-20260901-0027	HYP-0007	uniform_masked_byte	quick	complete	0.0	863.2945457877718	3238.383333333333	526848.0		0.43678928599048816	True	13e4d284751b039775f9a0152421db1354f4c0a8ac6e63f120301c6c9a141333	research/results/EXP-20260901-0027.json	2026-09-01T04:23:58Z
EXP-20260901-0027	HYP-0007	empirical_unigram_masked_byte	quick	complete	0.15087890625	1452.223117216343	3242.05	526848.0		0.5286498464195943	True	13e4d284751b039775f9a0152421db1354f4c0a8ac6e63f120301c6c9a141333	research/results/EXP-20260901-0027.json	2026-09-01T04:23:58Z
EXP-20260901-0027	HYP-0007	left_to_right_ppm_masked_byte	quick	complete	0.1728515625	11503.270736263961	6918.583333333333	1438944.0		0.6601751036094513	True	13e4d284751b039775f9a0152421db1354f4c0a8ac6e63f120301c6c9a141333	research/results/EXP-20260901-0027.json	2026-09-01T04:23:58Z
EXP-20260901-0027	HYP-0007	context_tree_weighting_masked_byte	quick	complete	0.14599609375	11503.270736263961	12160.816666666668	652760.0		0.6601751036094513	True	13e4d284751b039775f9a0152421db1354f4c0a8ac6e63f120301c6c9a141333	research/results/EXP-20260901-0027.json	2026-09-01T04:23:58Z
EXP-20260901-0027	HYP-0007	dense_autoregressive_masked_byte	quick	complete	0.14534505208333334	11503.270736263961	4971.716666666666	1837568.0		0.6601751036094513	True	13e4d284751b039775f9a0152421db1354f4c0a8ac6e63f120301c6c9a141333	research/results/EXP-20260901-0027.json	2026-09-01T04:23:58Z
EXP-20260901-0027	HYP-0007	bidirectional_markov_masked_byte	quick	complete	0.14491102430555555	303574.889783883	4978.950000000001	526848.0		0.6800251471978366	True	13e4d284751b039775f9a0152421db1354f4c0a8ac6e63f120301c6c9a141333	research/results/EXP-20260901-0027.json	2026-09-01T04:23:58Z
EXP-20260901-0027	HYP-0007	parallel_markov_bp_masked_byte	quick	complete	0.1457790798611111	893014.889783883	23778.85	2624000.0		0.6137257805406996	True	13e4d284751b039775f9a0152421db1354f4c0a8ac6e63f120301c6c9a141333	research/results/EXP-20260901-0027.json	2026-09-01T04:23:58Z
EXP-20260901-0027	HYP-0007	oracle_conditional_masked_byte	quick	complete	1.0	863.2945457877718	3295.516666666667	526848.0		0.43678928599048816	True	13e4d284751b039775f9a0152421db1354f4c0a8ac6e63f120301c6c9a141333	research/results/EXP-20260901-0027.json	2026-09-01T04:23:58Z
EXP-20260901-0029	HYP-0041	surprise_gated_transition_machine_byte	quick	complete	0.2095269097222222	1024.109375	35.71333333333333	100944.0	0.0	8.254096723517163e-05	True	7b591263f4a6f487a34ba641f24331d3b97d899c61cedff8cc3e84575c08434f	research/results/EXP-20260901-0029.json	2026-09-01T04:46:39Z
EXP-20260901-0029	HYP-0041	source_identical_dense_transition_machine_byte	quick	complete	0.17651909722222223	1024.109375	33.92	100944.0	0.0	8.254096723517163e-05	True	7b591263f4a6f487a34ba641f24331d3b97d899c61cedff8cc3e84575c08434f	research/results/EXP-20260901-0029.json	2026-09-01T04:46:39Z
EXP-20260901-0029	HYP-0041	source_identical_frozen_transition_machine_byte	quick	complete	0.2258029513888889	1024.109375	35.23111111111111	100944.0	0.0	8.254096723517163e-05	True	7b591263f4a6f487a34ba641f24331d3b97d899c61cedff8cc3e84575c08434f	research/results/EXP-20260901-0029.json	2026-09-01T04:46:39Z
EXP-20260901-0029	HYP-0041	uniform_byte	quick	complete	0.0	1.0	28.71333333333333	256.0	0.0	0.0	True	7b591263f4a6f487a34ba641f24331d3b97d899c61cedff8cc3e84575c08434f	research/results/EXP-20260901-0029.json	2026-09-01T04:46:39Z
EXP-20260901-0029	HYP-0041	empirical_unigram_byte	quick	complete	0.2258029513888889	14848.0	503.8244444444444	30904.0	0.0	0.925109929535273	True	7b591263f4a6f487a34ba641f24331d3b97d899c61cedff8cc3e84575c08434f	research/results/EXP-20260901-0029.json	2026-09-01T04:46:39Z
EXP-20260901-0029	HYP-0041	ppm_d_order5_byte	quick	complete	0.4546875	1792.0	57.79555555555556	1654032.0	0.0	0.0	True	7b591263f4a6f487a34ba641f24331d3b97d899c61cedff8cc3e84575c08434f	research/results/EXP-20260901-0029.json	2026-09-01T04:46:39Z
EXP-20260901-0029	HYP-0041	ctw_depth2_byte	quick	complete	0.28923611111111114	768.0	99.45777777777779	867008.0	0.0	5.130970682671935e-32	True	7b591263f4a6f487a34ba641f24331d3b97d899c61cedff8cc3e84575c08434f	research/results/EXP-20260901-0029.json	2026-09-01T04:46:39Z
EXP-20260901-0029	HYP-0041	lz_dictionary_byte	quick	complete	0.37508680555555557	284.0	52.47555555555556	2347216.0	0.0	0.07489007046472694	True	7b591263f4a6f487a34ba641f24331d3b97d899c61cedff8cc3e84575c08434f	research/results/EXP-20260901-0029.json	2026-09-01T04:46:39Z
EXP-20260901-0029	HYP-0041	dense_autoregressive_byte	quick	crash							True	7b591263f4a6f487a34ba641f24331d3b97d899c61cedff8cc3e84575c08434f	research/results/EXP-20260901-0029.json	2026-09-01T04:46:39Z
EXP-20260901-0030	HYP-0042	shared_raw_sensor_probe_learner_v1	quick	complete	0.9340277777777778	83645.33333333333	1220.4444444444443	49728.0	0.9994721073943373	1.0547998467196174	True	9004d71abdf94673605230669f4a5933c52e03479d10c22399b155311cdfb0ab	research/results/EXP-20260901-0030.json	2026-09-01T05:34:49Z
EXP-20260901-0030	HYP-0042	source_identical_support_only_raw_sensor_probe_v1	quick	complete	0.9305555555555556	83645.33333333333	1346.5333333333333	49728.0	0.9994721073943373	1.0547998467196174	True	9004d71abdf94673605230669f4a5933c52e03479d10c22399b155311cdfb0ab	research/results/EXP-20260901-0030.json	2026-09-01T05:34:49Z
EXP-20260901-0030	HYP-0042	source_identical_frozen_raw_sensor_probe_v1	quick	complete	0.9375	83645.33333333333	1764.4888888888888	49728.0	0.9994721073943373	1.0547998467196174	True	9004d71abdf94673605230669f4a5933c52e03479d10c22399b155311cdfb0ab	research/results/EXP-20260901-0030.json	2026-09-01T05:34:49Z
EXP-20260901-0030	HYP-0042	raw_sensor_no_probe_prior_v1	quick	complete	0.07291666666666667	1.0	0.5111111111111111	197504.0	0.0	0.0	True	9004d71abdf94673605230669f4a5933c52e03479d10c22399b155311cdfb0ab	research/results/EXP-20260901-0030.json	2026-09-01T05:34:49Z
EXP-20260901-0030	HYP-0042	raw_sensor_observe_all_v1	quick	complete	1.0	274272.0	865.5222222222222	197504.0	0.9991723232957193	0.0	True	9004d71abdf94673605230669f4a5933c52e03479d10c22399b155311cdfb0ab	research/results/EXP-20260901-0030.json	2026-09-01T05:34:49Z
EXP-20260901-0030	HYP-0042	raw_sensor_random_probe_v1	quick	complete	0.8125	15698.666666666666	168.8	197504.0	0.9971946415977333	1.7191261064272976	True	9004d71abdf94673605230669f4a5933c52e03479d10c22399b155311cdfb0ab	research/results/EXP-20260901-0030.json	2026-09-01T05:34:49Z
EXP-20260901-0030	HYP-0042	raw_sensor_fisher_fixed_probe_v1	quick	complete	0.8680555555555556	15698.666666666666	178.5	197504.0	0.9971946415977333	1.7191261064272976	True	9004d71abdf94673605230669f4a5933c52e03479d10c22399b155311cdfb0ab	research/results/EXP-20260901-0030.json	2026-09-01T05:34:49Z
EXP-20260901-0030	HYP-0042	raw_sensor_gaussian_information_gain_v1	quick	complete	0.9375	82338.66666666667	1165.2666666666667	197504.0	0.9994637352034489	1.0276525721599774	True	9004d71abdf94673605230669f4a5933c52e03479d10c22399b155311cdfb0ab	research/results/EXP-20260901-0030.json	2026-09-01T05:34:49Z
EXP-20260901-0030	HYP-0042	raw_sensor_kernel_information_gain_v1	quick	complete	0.9409722222222222	215618.66666666666	1906.2444444444445	197504.0	0.9997951376810958	0.9481487645806307	True	9004d71abdf94673605230669f4a5933c52e03479d10c22399b155311cdfb0ab	research/results/EXP-20260901-0030.json	2026-09-01T05:34:49Z
EXP-20260901-0030	HYP-0042	privileged_raw_sensor_target_v1	quick	complete	1.0	1.0	0.6222222222222222	197504.0	0.0	0.0	True	9004d71abdf94673605230669f4a5933c52e03479d10c22399b155311cdfb0ab	research/results/EXP-20260901-0030.json	2026-09-01T05:34:49Z
EXP-20260901-0031	HYP-0043	shared_posterior_partition_decision_dag_v1	quick	complete	0.8680555555555556	55.22222222222222	16.0	68072.0	0.4395455200189755	-0.3748664451200421	True	8628ba163d7e9ad52396dca6ad90d4af64fb9a59ab3346a070a06b513ec3919c	research/results/EXP-20260901-0031.json	2026-09-01T06:07:52Z
EXP-20260901-0031	HYP-0043	source_identical_support_only_partition_dag_v1	quick	complete	0.8680555555555556	55.22222222222222	20.366666666666667	68072.0	0.4395455200189755	-0.3748664451200421	True	8628ba163d7e9ad52396dca6ad90d4af64fb9a59ab3346a070a06b513ec3919c	research/results/EXP-20260901-0031.json	2026-09-01T06:07:52Z
EXP-20260901-0031	HYP-0043	source_identical_frozen_partition_dag_v1	quick	complete	0.8680555555555556	55.22222222222222	17.655555555555555	68072.0	0.4395455200189755	-0.3748664451200421	True	8628ba163d7e9ad52396dca6ad90d4af64fb9a59ab3346a070a06b513ec3919c	research/results/EXP-20260901-0031.json	2026-09-01T06:07:52Z
EXP-20260901-0031	HYP-0043	raw_sensor_no_probe_prior_v1	quick	complete	0.052083333333333336	1.0	0.5111111111111111	197504.0	0.0	0.0	True	8628ba163d7e9ad52396dca6ad90d4af64fb9a59ab3346a070a06b513ec3919c	research/results/EXP-20260901-0031.json	2026-09-01T06:07:52Z
EXP-20260901-0031	HYP-0043	raw_sensor_observe_all_v1	quick	complete	1.0	274272.0	1191.6444444444444	197504.0	0.9991723232957193	0.0	True	8628ba163d7e9ad52396dca6ad90d4af64fb9a59ab3346a070a06b513ec3919c	research/results/EXP-20260901-0031.json	2026-09-01T06:07:52Z
EXP-20260901-0031	HYP-0043	raw_sensor_random_probe_v1	quick	complete	0.8576388888888888	15698.666666666666	158.63333333333333	197504.0	0.9971946415977333	1.7191261064272976	True	8628ba163d7e9ad52396dca6ad90d4af64fb9a59ab3346a070a06b513ec3919c	research/results/EXP-20260901-0031.json	2026-09-01T06:07:52Z
EXP-20260901-0031	HYP-0043	raw_sensor_fisher_fixed_probe_v1	quick	complete	0.8576388888888888	15698.666666666666	133.91111111111113	197504.0	0.9971946415977333	1.7191261064272976	True	8628ba163d7e9ad52396dca6ad90d4af64fb9a59ab3346a070a06b513ec3919c	research/results/EXP-20260901-0031.json	2026-09-01T06:07:52Z
EXP-20260901-0031	HYP-0043	raw_sensor_gaussian_information_gain_v1	quick	complete	0.9305555555555556	82338.66666666667	1122.0222222222224	197504.0	0.9994637352034489	1.0276525721599774	True	8628ba163d7e9ad52396dca6ad90d4af64fb9a59ab3346a070a06b513ec3919c	research/results/EXP-20260901-0031.json	2026-09-01T06:07:52Z
EXP-20260901-0031	HYP-0043	raw_sensor_kernel_information_gain_v1	quick	complete	0.9201388888888888	215618.66666666666	1298.6222222222223	197504.0	0.9997951376810958	0.9481487645806307	True	8628ba163d7e9ad52396dca6ad90d4af64fb9a59ab3346a070a06b513ec3919c	research/results/EXP-20260901-0031.json	2026-09-01T06:07:52Z
EXP-20260901-0031	HYP-0043	privileged_raw_sensor_target_v1	quick	complete	1.0	1.0	0.5333333333333333	197504.0	0.0	0.0	True	8628ba163d7e9ad52396dca6ad90d4af64fb9a59ab3346a070a06b513ec3919c	research/results/EXP-20260901-0031.json	2026-09-01T06:07:52Z
EXP-20260901-0032	HYP-0044	recursive_equality_grammar_masked_byte	quick	complete	0.12803819444444445	1917.2072442004703	5235.033333333334	4351.0		0.5634205172006995	True	be6a28c7ea65cc9077c77a899bd3871d22218b982e6cfecd3ccc9d24320ce788	research/results/EXP-20260901-0032.json	2026-09-01T06:50:39Z
EXP-20260901-0032	HYP-0044	source_identical_flat_equality_grammar_masked_byte	quick	complete	0.11197916666666667	1613.9143374544385	4208.116666666667	4351.0		0.5431794068488185	True	be6a28c7ea65cc9077c77a899bd3871d22218b982e6cfecd3ccc9d24320ce788	research/results/EXP-20260901-0032.json	2026-09-01T06:50:39Z
EXP-20260901-0032	HYP-0044	source_identical_frozen_equality_grammar_masked_byte	quick	complete	0.11197916666666667	1452.223117216343	3495.2833333333333	4351.0		0.5286498464195943	True	be6a28c7ea65cc9077c77a899bd3871d22218b982e6cfecd3ccc9d24320ce788	research/results/EXP-20260901-0032.json	2026-09-01T06:50:39Z
EXP-20260901-0032	HYP-0044	uniform_masked_byte	quick	complete	0.0	863.2945457877718	3129.6666666666665	526848.0		0.43678928599048816	True	be6a28c7ea65cc9077c77a899bd3871d22218b982e6cfecd3ccc9d24320ce788	research/results/EXP-20260901-0032.json	2026-09-01T06:50:39Z
EXP-20260901-0032	HYP-0044	empirical_unigram_masked_byte	quick	complete	0.11197916666666667	1452.223117216343	3141.5	526848.0		0.5286498464195943	True	be6a28c7ea65cc9077c77a899bd3871d22218b982e6cfecd3ccc9d24320ce788	research/results/EXP-20260901-0032.json	2026-09-01T06:50:39Z
EXP-20260901-0032	HYP-0044	left_to_right_ppm_masked_byte	quick	complete	0.16422526041666666	11503.270736263961	7052.416666666667	1438944.0		0.6601751036094513	True	be6a28c7ea65cc9077c77a899bd3871d22218b982e6cfecd3ccc9d24320ce788	research/results/EXP-20260901-0032.json	2026-09-01T06:50:39Z
EXP-20260901-0032	HYP-0044	context_tree_weighting_masked_byte	quick	complete	0.12744140625	11503.270736263961	12506.583333333334	652760.0		0.6601751036094513	True	be6a28c7ea65cc9077c77a899bd3871d22218b982e6cfecd3ccc9d24320ce788	research/results/EXP-20260901-0032.json	2026-09-01T06:50:39Z
EXP-20260901-0032	HYP-0044	dense_autoregressive_masked_byte	quick	complete	0.11458333333333333	11503.270736263961	4875.9	1837568.0		0.6601751036094513	True	be6a28c7ea65cc9077c77a899bd3871d22218b982e6cfecd3ccc9d24320ce788	research/results/EXP-20260901-0032.json	2026-09-01T06:50:39Z
EXP-20260901-0032	HYP-0044	bidirectional_markov_masked_byte	quick	complete	0.1208767361111111	303574.889783883	5057.733333333334	526848.0		0.6800251471978366	True	be6a28c7ea65cc9077c77a899bd3871d22218b982e6cfecd3ccc9d24320ce788	research/results/EXP-20260901-0032.json	2026-09-01T06:50:39Z
EXP-20260901-0032	HYP-0044	parallel_markov_bp_masked_byte	quick	complete	0.1208767361111111	894266.4453394386	23148.050000000003	2624000.0		0.6145920835951274	True	be6a28c7ea65cc9077c77a899bd3871d22218b982e6cfecd3ccc9d24320ce788	research/results/EXP-20260901-0032.json	2026-09-01T06:50:39Z
EXP-20260901-0032	HYP-0044	oracle_conditional_masked_byte	quick	complete	1.0	863.2945457877718	3307.3999999999996	526848.0		0.43678928599048816	True	be6a28c7ea65cc9077c77a899bd3871d22218b982e6cfecd3ccc9d24320ce788	research/results/EXP-20260901-0032.json	2026-09-01T06:50:39Z
EXP-20260901-0032	HYP-0044	re_pair_grammar_masked_byte	quick	complete	0.1274956597222222	3751.460840430629	11748.633333333333	3839.0		0.6088800189762353	True	be6a28c7ea65cc9077c77a899bd3871d22218b982e6cfecd3ccc9d24320ce788	research/results/EXP-20260901-0032.json	2026-09-01T06:50:39Z
EXP-20260901-0033	HYP-0045	learned_factorized_flux_reaction_local_rule	quick	complete	0.125	43120.0	4676.177777777778	1312.0	0.0	1.7924812503605776	True	592f52c91c3b5d8a3a1a7b4e1b87ec6cdf3aebc0056547b8bdf1146e2597d410	research/results/EXP-20260901-0033.json	2026-09-01T07:14:41Z
EXP-20260901-0033	HYP-0045	source_identical_monolithic_local_flow_rule	quick	complete	0.3472222222222222	29530.666666666668	2516.988888888889	1312.0	0.0	1.7924812503605776	True	592f52c91c3b5d8a3a1a7b4e1b87ec6cdf3aebc0056547b8bdf1146e2597d410	research/results/EXP-20260901-0033.json	2026-09-01T07:14:41Z
EXP-20260901-0033	HYP-0045	source_identical_frozen_flux_reaction_local_rule	quick	complete	0.0	43120.0	1191.3333333333333	1312.0	0.0	1.7924812503605776	True	592f52c91c3b5d8a3a1a7b4e1b87ec6cdf3aebc0056547b8bdf1146e2597d410	research/results/EXP-20260901-0033.json	2026-09-01T07:14:41Z
EXP-20260901-0033	HYP-0045	continuous_local_persistence	quick	complete	0.0	4.0	8.866666666666667	64.0	0.0	0.0	True	592f52c91c3b5d8a3a1a7b4e1b87ec6cdf3aebc0056547b8bdf1146e2597d410	research/results/EXP-20260901-0033.json	2026-09-01T07:14:41Z
EXP-20260901-0033	HYP-0045	continuous_local_ridge	quick	complete	0.3194444444444444	8362.666666666666	792.5222222222222	480.0	0.0	1.7924812503605776	True	592f52c91c3b5d8a3a1a7b4e1b87ec6cdf3aebc0056547b8bdf1146e2597d410	research/results/EXP-20260901-0033.json	2026-09-01T07:14:41Z
EXP-20260901-0033	HYP-0045	continuous_local_quantized_fsm	quick	complete	0.0	1698.6666666666667	426.4777777777778	58280.0	0.0	1.7924812503605787	True	592f52c91c3b5d8a3a1a7b4e1b87ec6cdf3aebc0056547b8bdf1146e2597d410	research/results/EXP-20260901-0033.json	2026-09-01T07:14:41Z
EXP-20260901-0033	HYP-0045	continuous_local_kernel_event	quick	complete	0.0	1864874.6666666667	4569.4	49344.0	0.0	1.7924812503605776	True	592f52c91c3b5d8a3a1a7b4e1b87ec6cdf3aebc0056547b8bdf1146e2597d410	research/results/EXP-20260901-0033.json	2026-09-01T07:14:41Z
EXP-20260901-0033	HYP-0045	privileged_continuous_local_support	quick	complete	1.0	3168.0	93.03333333333335	128.0	0.0	1.7568118595004467	True	592f52c91c3b5d8a3a1a7b4e1b87ec6cdf3aebc0056547b8bdf1146e2597d410	research/results/EXP-20260901-0033.json	2026-09-01T07:14:41Z
EXP-20260901-0034	HYP-0046	learned_dyadic_lifted_local_propagator	quick	complete	0.3472222222222222	406.0	38.233333333333334	109760.0	0.0	0.0	True	109c1664c0466f9ac94fac49dd537027bb8ee11132b158804ee4e5c12b6a4712	research/results/EXP-20260901-0034.json	2026-09-01T07:42:37Z
EXP-20260901-0034	HYP-0046	source_identical_sequential_lifted_local_propagator	quick	complete	0.3472222222222222	131726.0	507.27777777777777	9408.0	0.0	1.9994970266940129	True	109c1664c0466f9ac94fac49dd537027bb8ee11132b158804ee4e5c12b6a4712	research/results/EXP-20260901-0034.json	2026-09-01T07:42:37Z
EXP-20260901-0034	HYP-0046	source_identical_frozen_lift_dyadic_local_propagator	quick	complete	0.0	406.0	50.31111111111111	109760.0	0.0	0.0	True	109c1664c0466f9ac94fac49dd537027bb8ee11132b158804ee4e5c12b6a4712	research/results/EXP-20260901-0034.json	2026-09-01T07:42:37Z
EXP-20260901-0034	HYP-0046	continuous_local_persistence	quick	complete	0.0	4.0	9.61111111111111	64.0	0.0	0.0	True	109c1664c0466f9ac94fac49dd537027bb8ee11132b158804ee4e5c12b6a4712	research/results/EXP-20260901-0034.json	2026-09-01T07:42:37Z
EXP-20260901-0034	HYP-0046	continuous_local_ridge	quick	complete	0.3472222222222222	8362.666666666666	832.0111111111112	480.0	0.0	1.7924812503605776	True	109c1664c0466f9ac94fac49dd537027bb8ee11132b158804ee4e5c12b6a4712	research/results/EXP-20260901-0034.json	2026-09-01T07:42:37Z
EXP-20260901-0034	HYP-0046	continuous_local_quantized_fsm	quick	complete	0.0	1698.6666666666667	472.7444444444444	58128.0	0.0	1.7924812503605787	True	109c1664c0466f9ac94fac49dd537027bb8ee11132b158804ee4e5c12b6a4712	research/results/EXP-20260901-0034.json	2026-09-01T07:42:37Z
EXP-20260901-0034	HYP-0046	continuous_local_kernel_event	quick	complete	0.0	1864874.6666666667	4766.477777777778	49344.0	0.0	1.7924812503605776	True	109c1664c0466f9ac94fac49dd537027bb8ee11132b158804ee4e5c12b6a4712	research/results/EXP-20260901-0034.json	2026-09-01T07:42:37Z
EXP-20260901-0034	HYP-0046	privileged_continuous_local_support	quick	complete	1.0	3168.0	85.71111111111111	128.0	0.0	1.7568118595004467	True	109c1664c0466f9ac94fac49dd537027bb8ee11132b158804ee4e5c12b6a4712	research/results/EXP-20260901-0034.json	2026-09-01T07:42:37Z
EXP-20260901-0036	HYP-0047	learned_amortized_constraint_order_vm	quick	complete	1.0	27656.5	4803.544444444445	1768.0	0.04288686980485688	-0.028327574310667195	True	2122dd7a6639ccff5efcb5f0ee438733cd0908ac2554967e6f58e096c5fbff67	research/results/EXP-20260901-0036.json	2026-09-01T08:18:33Z
EXP-20260901-0036	HYP-0047	source_identical_support_only_constraint_order_vm	quick	complete	1.0	47980.61111111111	7433.222222222223	1768.0	-0.0039717853958644465	-0.04611090604971155	True	2122dd7a6639ccff5efcb5f0ee438733cd0908ac2554967e6f58e096c5fbff67	research/results/EXP-20260901-0036.json	2026-09-01T08:18:33Z
EXP-20260901-0036	HYP-0047	source_identical_frozen_constraint_order_vm	quick	complete	1.0	32323.61111111111	6231.9	1768.0	-0.005898557911111333	-0.06416375986505288	True	2122dd7a6639ccff5efcb5f0ee438733cd0908ac2554967e6f58e096c5fbff67	research/results/EXP-20260901-0036.json	2026-09-01T08:18:33Z
EXP-20260901-0036	HYP-0047	random_whole_io	quick	complete	0.4444444444444444	5.666666666666667	2.822222222222222	64.0	0.0	0.5352400796046689	True	2122dd7a6639ccff5efcb5f0ee438733cd0908ac2554967e6f58e096c5fbff67	research/results/EXP-20260901-0036.json	2026-09-01T08:18:33Z
EXP-20260901-0036	HYP-0047	nearest_whole_io	quick	complete	0.5833333333333334	306.3333333333333	22.677777777777777	64.0	0.0	0.1066796071748942	True	2122dd7a6639ccff5efcb5f0ee438733cd0908ac2554967e6f58e096c5fbff67	research/results/EXP-20260901-0036.json	2026-09-01T08:18:33Z
EXP-20260901-0036	HYP-0047	dense_whole_io	quick	complete	0.4722222222222222	5207.111111111111	28.12222222222222	24192.0	0.41255266209751035	-0.0006642397655438746	True	2122dd7a6639ccff5efcb5f0ee438733cd0908ac2554967e6f58e096c5fbff67	research/results/EXP-20260901-0036.json	2026-09-01T08:18:33Z
EXP-20260901-0036	HYP-0047	enumerative_mdl_vm	quick	complete	1.0	128401.33333333333	1390.6222222222223	1448.0	0.0	-0.007694907143410134	True	2122dd7a6639ccff5efcb5f0ee438733cd0908ac2554967e6f58e096c5fbff67	research/results/EXP-20260901-0036.json	2026-09-01T08:18:33Z
EXP-20260901-0036	HYP-0047	oracle_latent_vm	quick	complete	1.0	23.0	2.3444444444444446	72.0	0.0	0.9264326407226124	True	2122dd7a6639ccff5efcb5f0ee438733cd0908ac2554967e6f58e096c5fbff67	research/results/EXP-20260901-0036.json	2026-09-01T08:18:33Z
EXP-20260901-0037	HYP-0048	evolved_anonymous_local_rule_program	quick	complete	0.0	5538.666666666667	199.65555555555554	94304.0	0.0	1.657323934485602	True	3d03626743b8cdf13ef2732b151abafec483d1bc12952a6d03ce78d8fe6afab9	research/results/EXP-20260901-0037.json	2026-09-01T09:11:10Z
EXP-20260901-0037	HYP-0048	source_identical_shuffled_fitness_local_rule_program	quick	complete	0.0	5867.666666666667	197.5	94304.0	0.0	1.6168878429779745	True	3d03626743b8cdf13ef2732b151abafec483d1bc12952a6d03ce78d8fe6afab9	research/results/EXP-20260901-0037.json	2026-09-01T09:11:10Z
EXP-20260901-0037	HYP-0048	source_identical_frozen_population_local_rule_program	quick	complete	0.0	2132.0	135.05555555555554	94304.0	0.0	1.527274109388802	True	3d03626743b8cdf13ef2732b151abafec483d1bc12952a6d03ce78d8fe6afab9	research/results/EXP-20260901-0037.json	2026-09-01T09:11:10Z
EXP-20260901-0037	HYP-0048	continuous_local_persistence	quick	complete	0.0	4.0	8.644444444444444	64.0	0.0	0.0	True	3d03626743b8cdf13ef2732b151abafec483d1bc12952a6d03ce78d8fe6afab9	research/results/EXP-20260901-0037.json	2026-09-01T09:11:10Z
EXP-20260901-0037	HYP-0048	continuous_local_ridge	quick	complete	0.3194444444444444	8362.666666666666	746.8111111111111	480.0	0.0	1.7924812503605776	True	3d03626743b8cdf13ef2732b151abafec483d1bc12952a6d03ce78d8fe6afab9	research/results/EXP-20260901-0037.json	2026-09-01T09:11:10Z
EXP-20260901-0037	HYP-0048	continuous_local_quantized_fsm	quick	complete	0.0	1698.6666666666667	421.8666666666667	58280.0	0.0	1.7924812503605787	True	3d03626743b8cdf13ef2732b151abafec483d1bc12952a6d03ce78d8fe6afab9	research/results/EXP-20260901-0037.json	2026-09-01T09:11:10Z
EXP-20260901-0037	HYP-0048	continuous_local_kernel_event	quick	complete	0.0	1864874.6666666667	3729.1777777777775	49344.0	0.0	1.7924812503605776	True	3d03626743b8cdf13ef2732b151abafec483d1bc12952a6d03ce78d8fe6afab9	research/results/EXP-20260901-0037.json	2026-09-01T09:11:10Z
EXP-20260901-0037	HYP-0048	privileged_continuous_local_support	quick	complete	1.0	3168.0	81.74444444444445	128.0	0.0	1.7568118595004467	True	3d03626743b8cdf13ef2732b151abafec483d1bc12952a6d03ce78d8fe6afab9	research/results/EXP-20260901-0037.json	2026-09-01T09:11:10Z
EXP-20260901-0038	HYP-0049	shared_invariant_residual_module_v1	quick	complete	0.43733233083440404	7184.722222222223	3528.188888888889	3568.0	0.003931221716045136		True	b3d1f754db88d603b49978b8b0f5cc5d9443074221c6f47b5ce306e086db1bc2	research/results/EXP-20260901-0038.json	2026-09-01T09:52:40Z
EXP-20260901-0038	HYP-0049	independent_invariant_residual_module_v1	quick	complete	0.18626491651297478	6965.798611111111	3523.711111111111	8064.0	-0.00980532384729177		True	b3d1f754db88d603b49978b8b0f5cc5d9443074221c6f47b5ce306e086db1bc2	research/results/EXP-20260901-0038.json	2026-09-01T09:52:40Z
EXP-20260901-0038	HYP-0049	cross_family_only_invariant_residual_module_v1	quick	complete	0.2746934553914777	6844.704861111111	3524.866666666667	9216.0	0.01467165092456803		True	b3d1f754db88d603b49978b8b0f5cc5d9443074221c6f47b5ce306e086db1bc2	research/results/EXP-20260901-0038.json	2026-09-01T09:52:40Z
EXP-20260901-0038	HYP-0049	support_only_invariant_residual_module_v1	quick	complete	0.30482188472876026	7200.0	3530.4555555555553	7104.0	0.0		True	b3d1f754db88d603b49978b8b0f5cc5d9443074221c6f47b5ce306e086db1bc2	research/results/EXP-20260901-0038.json	2026-09-01T09:52:40Z
EXP-20260901-0038	HYP-0049	pooled_without_invariance_residual_module_v1	quick	complete	0.4356593417277059	7200.0	3539.988888888889	3904.0	0.0		True	b3d1f754db88d603b49978b8b0f5cc5d9443074221c6f47b5ce306e086db1bc2	research/results/EXP-20260901-0038.json	2026-09-01T09:52:40Z
EXP-20260901-0038	HYP-0049	frozen_partition_invariant_residual_module_v1	quick	complete	0.45780554211949465	7200.0	3522.8	2584.0	0.0		True	b3d1f754db88d603b49978b8b0f5cc5d9443074221c6f47b5ce306e086db1bc2	research/results/EXP-20260901-0038.json	2026-09-01T09:52:40Z
EXP-20260901-0038	HYP-0049	tensor_persistence_v1	quick	complete	0.5254271906375674	6083.333333333333	997.5888888888888	746496.0	0.0		True	b3d1f754db88d603b49978b8b0f5cc5d9443074221c6f47b5ce306e086db1bc2	research/results/EXP-20260901-0038.json	2026-09-01T09:52:40Z
EXP-20260901-0038	HYP-0049	tensor_ridge_arx_v1	quick	complete	0.2833559767005712	6083.333333333333	1069.9888888888888	746496.0	0.0		True	b3d1f754db88d603b49978b8b0f5cc5d9443074221c6f47b5ce306e086db1bc2	research/results/EXP-20260901-0038.json	2026-09-01T09:52:40Z
EXP-20260901-0038	HYP-0049	tensor_rls_arx_v1	quick	complete	0.28335597669703944	6083.333333333333	1818.288888888889	746496.0	0.0		True	b3d1f754db88d603b49978b8b0f5cc5d9443074221c6f47b5ce306e086db1bc2	research/results/EXP-20260901-0038.json	2026-09-01T09:52:40Z
EXP-20260901-0038	HYP-0049	tensor_empirical_gaussian_joint_v1	quick	complete	0.28003655910985487	6083.333333333333	1108.9222222222222	746496.0	0.0		True	b3d1f754db88d603b49978b8b0f5cc5d9443074221c6f47b5ce306e086db1bc2	research/results/EXP-20260901-0038.json	2026-09-01T09:52:40Z
EXP-20260901-0038	HYP-0049	tensor_contextual_gaussian_chow_liu_v1	quick	complete	0.3845026187700384	6083.333333333333	1213.4333333333334	746496.0	0.0		True	b3d1f754db88d603b49978b8b0f5cc5d9443074221c6f47b5ce306e086db1bc2	research/results/EXP-20260901-0038.json	2026-09-01T09:52:40Z
EXP-20260901-0038	HYP-0049	tensor_autoregressive_v1	quick	complete	0.2833559767005712	6083.333333333333	1065.7555555555555	746496.0	0.0		True	b3d1f754db88d603b49978b8b0f5cc5d9443074221c6f47b5ce306e086db1bc2	research/results/EXP-20260901-0038.json	2026-09-01T09:52:40Z
EXP-20260901-0038	HYP-0049	tensor_raw_window_local_linear_v1	quick	complete	0.37421963934371366	165150.0	2900.8222222222225	427712.0	0.0		True	b3d1f754db88d603b49978b8b0f5cc5d9443074221c6f47b5ce306e086db1bc2	research/results/EXP-20260901-0038.json	2026-09-01T09:52:40Z
EXP-20260901-0038	HYP-0049	tensor_random_projection_hash_v1	quick	complete	0.5294869861668716	27550.0	1805.7222222222222	313088.0	0.0		True	b3d1f754db88d603b49978b8b0f5cc5d9443074221c6f47b5ce306e086db1bc2	research/results/EXP-20260901-0038.json	2026-09-01T09:52:40Z
EXP-20260901-0038	HYP-0049	privileged_tensor_support_v1	quick	complete	0.32378711421689554	6083.333333333333	1846.0777777777778	11363328.0	0.0		True	b3d1f754db88d603b49978b8b0f5cc5d9443074221c6f47b5ce306e086db1bc2	research/results/EXP-20260901-0038.json	2026-09-01T09:52:40Z
EXP-20260901-0039	HYP-0050	learned_pushdown_masked_byte	quick	complete	1.0	774.3786857540917	179.81666666666663	616.0		0.012484623274408645	True	17840c66d7b800c49c3a79801033cce9117ca6a42e87b9ba1cd851dccc6d41af	research/results/EXP-20260901-0039.json	2026-09-01T10:40:46Z
EXP-20260901-0039	HYP-0050	source_identical_finite_state_pushdown_masked_byte	quick	complete	0.5222222222222223	774.3786857540917	170.76666666666665	616.0		0.012484623274408645	True	17840c66d7b800c49c3a79801033cce9117ca6a42e87b9ba1cd851dccc6d41af	research/results/EXP-20260901-0039.json	2026-09-01T10:40:46Z
EXP-20260901-0039	HYP-0050	source_identical_frozen_pushdown_masked_byte	quick	complete	0.0	774.3786857540917	313.6333333333333	616.0		0.012484623274408645	True	17840c66d7b800c49c3a79801033cce9117ca6a42e87b9ba1cd851dccc6d41af	research/results/EXP-20260901-0039.json	2026-09-01T10:40:46Z
EXP-20260901-0039	HYP-0050	uniform_masked_byte	quick	complete	0.0	514.9689635318695	121.8	526848.0		0.0028016446472728515	True	17840c66d7b800c49c3a79801033cce9117ca6a42e87b9ba1cd851dccc6d41af	research/results/EXP-20260901-0039.json	2026-09-01T10:40:46Z
EXP-20260901-0039	HYP-0050	empirical_unigram_masked_byte	quick	complete	0.0	769.9689635318695	148.05	526848.0		0.001873761835962225	True	17840c66d7b800c49c3a79801033cce9117ca6a42e87b9ba1cd851dccc6d41af	research/results/EXP-20260901-0039.json	2026-09-01T10:40:46Z
EXP-20260901-0039	HYP-0050	left_to_right_ppm_masked_byte	quick	complete	0.5777777777777778	5121.968963531869	224.91666666666666	104184.0		0.0002816693275354533	True	17840c66d7b800c49c3a79801033cce9117ca6a42e87b9ba1cd851dccc6d41af	research/results/EXP-20260901-0039.json	2026-09-01T10:40:46Z
EXP-20260901-0039	HYP-0050	context_tree_weighting_masked_byte	quick	complete	0.32569444444444445	5121.968963531869	463.31666666666666	14408.0		0.0002816693275354533	True	17840c66d7b800c49c3a79801033cce9117ca6a42e87b9ba1cd851dccc6d41af	research/results/EXP-20260901-0039.json	2026-09-01T10:40:46Z
EXP-20260901-0039	HYP-0050	dense_autoregressive_masked_byte	quick	complete	0.36527777777777776	5121.968963531869	205.9333333333333	1837568.0		0.0002816693275354533	True	17840c66d7b800c49c3a79801033cce9117ca6a42e87b9ba1cd851dccc6d41af	research/results/EXP-20260901-0039.json	2026-09-01T10:40:46Z
EXP-20260901-0039	HYP-0050	bidirectional_markov_masked_byte	quick	complete	0.33402777777777776	131585.96896353186	191.16666666666666	526848.0		1.0963899159105225e-05	True	17840c66d7b800c49c3a79801033cce9117ca6a42e87b9ba1cd851dccc6d41af	research/results/EXP-20260901-0039.json	2026-09-01T10:40:46Z
EXP-20260901-0039	HYP-0050	parallel_markov_bp_masked_byte	quick	complete	0.33402777777777776	104762.85785242077	403.8833333333334	2624000.0		0.4104013667383706	True	17840c66d7b800c49c3a79801033cce9117ca6a42e87b9ba1cd851dccc6d41af	research/results/EXP-20260901-0039.json	2026-09-01T10:40:46Z
EXP-20260901-0039	HYP-0050	oracle_conditional_masked_byte	quick	crash							True	17840c66d7b800c49c3a79801033cce9117ca6a42e87b9ba1cd851dccc6d41af	research/results/EXP-20260901-0039.json	2026-09-01T10:40:46Z
EXP-20260901-0039	HYP-0050	re_pair_grammar_masked_byte	quick	complete	0.4003472222222222	1120.693269087425	511.06666666666666	4124.0		0.7263185223655114	True	17840c66d7b800c49c3a79801033cce9117ca6a42e87b9ba1cd851dccc6d41af	research/results/EXP-20260901-0039.json	2026-09-01T10:40:46Z
EXP-20260901-0040	HYP-0050	learned_pushdown_masked_byte	quick	complete	1.0	774.8745190874251	125.71666666666665	616.0		0.014165895153479845	True	92e9380eba2992c2e872e904987c7ef84d922dedec2727c4bfdd88f0000dce26	research/results/EXP-20260901-0040.json	2026-09-01T11:10:12Z
EXP-20260901-0040	HYP-0050	source_identical_finite_state_pushdown_masked_byte	quick	complete	0.5222222222222223	774.8745190874251	126.06666666666666	616.0		0.014165895153479845	True	92e9380eba2992c2e872e904987c7ef84d922dedec2727c4bfdd88f0000dce26	research/results/EXP-20260901-0040.json	2026-09-01T11:10:12Z
EXP-20260901-0040	HYP-0050	source_identical_frozen_pushdown_masked_byte	quick	complete	0.0	774.8745190874251	304.75	616.0		0.014165895153479845	True	92e9380eba2992c2e872e904987c7ef84d922dedec2727c4bfdd88f0000dce26	research/results/EXP-20260901-0040.json	2026-09-01T11:10:12Z
EXP-20260901-0040	HYP-0050	uniform_masked_byte	quick	complete	0.0	514.9689635318695	133.5	526848.0		0.0028016446472728515	True	92e9380eba2992c2e872e904987c7ef84d922dedec2727c4bfdd88f0000dce26	research/results/EXP-20260901-0040.json	2026-09-01T11:10:12Z
EXP-20260901-0040	HYP-0050	empirical_unigram_masked_byte	quick	complete	0.0	769.9689635318695	136.85	526848.0		0.001873761835962225	True	92e9380eba2992c2e872e904987c7ef84d922dedec2727c4bfdd88f0000dce26	research/results/EXP-20260901-0040.json	2026-09-01T11:10:12Z
EXP-20260901-0040	HYP-0050	left_to_right_ppm_masked_byte	quick	complete	0.5465277777777778	5121.968963531869	211.1833333333333	104184.0		0.0002816693275354533	True	92e9380eba2992c2e872e904987c7ef84d922dedec2727c4bfdd88f0000dce26	research/results/EXP-20260901-0040.json	2026-09-01T11:10:12Z
EXP-20260901-0040	HYP-0050	context_tree_weighting_masked_byte	quick	complete	0.33402777777777776	5121.968963531869	414.73333333333335	14408.0		0.0002816693275354533	True	92e9380eba2992c2e872e904987c7ef84d922dedec2727c4bfdd88f0000dce26	research/results/EXP-20260901-0040.json	2026-09-01T11:10:12Z
EXP-20260901-0040	HYP-0050	dense_autoregressive_masked_byte	quick	complete	0.34791666666666665	5121.968963531869	207.66666666666666	1837568.0		0.0002816693275354533	True	92e9380eba2992c2e872e904987c7ef84d922dedec2727c4bfdd88f0000dce26	research/results/EXP-20260901-0040.json	2026-09-01T11:10:12Z
EXP-20260901-0040	HYP-0050	bidirectional_markov_masked_byte	quick	complete	0.3423611111111111	131585.96896353186	182.51666666666668	526848.0		1.0963899159105225e-05	True	92e9380eba2992c2e872e904987c7ef84d922dedec2727c4bfdd88f0000dce26	research/results/EXP-20260901-0040.json	2026-09-01T11:10:12Z
EXP-20260901-0040	HYP-0050	parallel_markov_bp_masked_byte	quick	complete	0.3423611111111111	104671.83563019853	375.75	2624000.0		0.4500807947356573	True	92e9380eba2992c2e872e904987c7ef84d922dedec2727c4bfdd88f0000dce26	research/results/EXP-20260901-0040.json	2026-09-01T11:10:12Z
EXP-20260901-0040	HYP-0050	privileged_conditional_masked_byte_v2	quick	crash							True	92e9380eba2992c2e872e904987c7ef84d922dedec2727c4bfdd88f0000dce26	research/results/EXP-20260901-0040.json	2026-09-01T11:10:12Z
EXP-20260901-0040	HYP-0050	re_pair_grammar_masked_byte	quick	complete	0.38090277777777776	1101.2963940874251	497.55	4124.0		0.7009890974236375	True	92e9380eba2992c2e872e904987c7ef84d922dedec2727c4bfdd88f0000dce26	research/results/EXP-20260901-0040.json	2026-09-01T11:10:12Z
EXP-20260901-0041	HYP-0050	learned_pushdown_masked_byte	quick	complete	1.0	775.4134079763139	122.91666666666667	616.0		0.011349684003996758	True	3af1054bedec3a7543911174f7a2626ae8eac563d9b1b364b690504a39d0b5b1	research/results/EXP-20260901-0041.json	2026-09-01T11:31:53Z
EXP-20260901-0041	HYP-0050	source_identical_finite_state_pushdown_masked_byte	quick	complete	0.5222222222222223	775.4134079763139	120.85000000000001	616.0		0.011349684003996758	True	3af1054bedec3a7543911174f7a2626ae8eac563d9b1b364b690504a39d0b5b1	research/results/EXP-20260901-0041.json	2026-09-01T11:31:53Z
EXP-20260901-0041	HYP-0050	source_identical_frozen_pushdown_masked_byte	quick	complete	0.0	775.4134079763139	311.46666666666664	616.0		0.011349684003996758	True	3af1054bedec3a7543911174f7a2626ae8eac563d9b1b364b690504a39d0b5b1	research/results/EXP-20260901-0041.json	2026-09-01T11:31:53Z
EXP-20260901-0041	HYP-0050	uniform_masked_byte	quick	complete	0.0	514.9689635318695	113.05	526848.0		0.0028016446472728515	True	3af1054bedec3a7543911174f7a2626ae8eac563d9b1b364b690504a39d0b5b1	research/results/EXP-20260901-0041.json	2026-09-01T11:31:53Z
EXP-20260901-0041	HYP-0050	empirical_unigram_masked_byte	quick	complete	0.0	769.9689635318695	122.48333333333333	526848.0		0.001873761835962225	True	3af1054bedec3a7543911174f7a2626ae8eac563d9b1b364b690504a39d0b5b1	research/results/EXP-20260901-0041.json	2026-09-01T11:31:53Z
EXP-20260901-0041	HYP-0050	left_to_right_ppm_masked_byte	quick	complete	0.5569444444444445	5121.968963531869	205.0	104184.0		0.0002816693275354533	True	3af1054bedec3a7543911174f7a2626ae8eac563d9b1b364b690504a39d0b5b1	research/results/EXP-20260901-0041.json	2026-09-01T11:31:53Z
EXP-20260901-0041	HYP-0050	context_tree_weighting_masked_byte	quick	complete	0.33402777777777776	5121.968963531869	444.81666666666666	14408.0		0.0002816693275354533	True	3af1054bedec3a7543911174f7a2626ae8eac563d9b1b364b690504a39d0b5b1	research/results/EXP-20260901-0041.json	2026-09-01T11:31:53Z
EXP-20260901-0041	HYP-0050	dense_autoregressive_masked_byte	quick	complete	0.31319444444444444	5121.968963531869	236.03333333333333	1837568.0		0.0002816693275354533	True	3af1054bedec3a7543911174f7a2626ae8eac563d9b1b364b690504a39d0b5b1	research/results/EXP-20260901-0041.json	2026-09-01T11:31:53Z
EXP-20260901-0041	HYP-0050	bidirectional_markov_masked_byte	quick	complete	0.3423611111111111	131585.96896353186	191.03333333333333	526848.0		1.0963899159105225e-05	True	3af1054bedec3a7543911174f7a2626ae8eac563d9b1b364b690504a39d0b5b1	research/results/EXP-20260901-0041.json	2026-09-01T11:31:53Z
EXP-20260901-0041	HYP-0050	parallel_markov_bp_masked_byte	quick	complete	0.3423611111111111	106264.72451908742	392.56666666666666	2624000.0		0.39305116917811306	True	3af1054bedec3a7543911174f7a2626ae8eac563d9b1b364b690504a39d0b5b1	research/results/EXP-20260901-0041.json	2026-09-01T11:31:53Z
EXP-20260901-0041	HYP-0050	privileged_conditional_masked_byte_v2	quick	complete	1.0	514.9689635318695	123.88333333333333	526848.0		0.0028016446472728515	True	3af1054bedec3a7543911174f7a2626ae8eac563d9b1b364b690504a39d0b5b1	research/results/EXP-20260901-0041.json	2026-09-01T11:31:53Z
EXP-20260901-0041	HYP-0050	re_pair_grammar_masked_byte	quick	complete	0.4881944444444444	1127.563407976314	461.95	4124.0		0.6949998105775502	True	3af1054bedec3a7543911174f7a2626ae8eac563d9b1b364b690504a39d0b5b1	research/results/EXP-20260901-0041.json	2026-09-01T11:31:53Z
EXP-20260901-0042	HYP-0050	learned_pushdown_masked_byte	screen	complete	1.0	773.5638709392769	131.4611111111111	616.0		0.008706282080607572	True	d5d4afe7e290742f80a0b22f83705f0532e90f5d02929313cc5882aa8ae3fbcb	research/results/EXP-20260901-0042.json	2026-09-01T12:01:42Z
EXP-20260901-0042	HYP-0050	source_identical_finite_state_pushdown_masked_byte	screen	complete	0.5222222222222223	773.5638709392769	133.2111111111111	616.0		0.008706282080607572	True	d5d4afe7e290742f80a0b22f83705f0532e90f5d02929313cc5882aa8ae3fbcb	research/results/EXP-20260901-0042.json	2026-09-01T12:01:42Z
EXP-20260901-0042	HYP-0050	source_identical_frozen_pushdown_masked_byte	screen	complete	0.031712962962962964	773.5638709392769	123.33888888888889	616.0		0.008706282080607572	True	d5d4afe7e290742f80a0b22f83705f0532e90f5d02929313cc5882aa8ae3fbcb	research/results/EXP-20260901-0042.json	2026-09-01T12:01:42Z
EXP-20260901-0042	HYP-0050	uniform_masked_byte	screen	complete	0.0	514.9689635318696	128.64999999999998	526848.0		0.0028016446472728515	True	d5d4afe7e290742f80a0b22f83705f0532e90f5d02929313cc5882aa8ae3fbcb	research/results/EXP-20260901-0042.json	2026-09-01T12:01:42Z
EXP-20260901-0042	HYP-0050	empirical_unigram_masked_byte	screen	complete	0.0	769.9689635318696	128.30555555555554	526848.0		0.001873761835962225	True	d5d4afe7e290742f80a0b22f83705f0532e90f5d02929313cc5882aa8ae3fbcb	research/results/EXP-20260901-0042.json	2026-09-01T12:01:42Z
EXP-20260901-0042	HYP-0050	left_to_right_ppm_masked_byte	screen	complete	0.5694444444444444	5121.968963531869	205.28333333333333	151776.0		0.0002816693275354533	True	d5d4afe7e290742f80a0b22f83705f0532e90f5d02929313cc5882aa8ae3fbcb	research/results/EXP-20260901-0042.json	2026-09-01T12:01:42Z
EXP-20260901-0042	HYP-0050	context_tree_weighting_masked_byte	screen	complete	0.33055555555555555	5121.968963531869	412.5888888888889	16448.0		0.0002816693275354533	True	d5d4afe7e290742f80a0b22f83705f0532e90f5d02929313cc5882aa8ae3fbcb	research/results/EXP-20260901-0042.json	2026-09-01T12:01:42Z
EXP-20260901-0042	HYP-0050	dense_autoregressive_masked_byte	screen	complete	0.3298611111111111	5121.968963531869	200.64999999999998	1837568.0		0.0002816693275354533	True	d5d4afe7e290742f80a0b22f83705f0532e90f5d02929313cc5882aa8ae3fbcb	research/results/EXP-20260901-0042.json	2026-09-01T12:01:42Z
EXP-20260901-0042	HYP-0050	bidirectional_markov_masked_byte	screen	complete	0.35694444444444445	131585.9689635319	202.5	526848.0		1.0963899159105225e-05	True	d5d4afe7e290742f80a0b22f83705f0532e90f5d02929313cc5882aa8ae3fbcb	research/results/EXP-20260901-0042.json	2026-09-01T12:01:42Z
EXP-20260901-0042	HYP-0050	parallel_markov_bp_masked_byte	screen	complete	0.35694444444444445	103731.27266723558	447.01666666666665	2624000.0		0.4102236789219195	True	d5d4afe7e290742f80a0b22f83705f0532e90f5d02929313cc5882aa8ae3fbcb	research/results/EXP-20260901-0042.json	2026-09-01T12:01:42Z
EXP-20260901-0042	HYP-0050	privileged_conditional_masked_byte_v2	screen	complete	1.0	514.9689635318696	132.39999999999998	526848.0		0.0028016446472728515	True	d5d4afe7e290742f80a0b22f83705f0532e90f5d02929313cc5882aa8ae3fbcb	research/results/EXP-20260901-0042.json	2026-09-01T12:01:42Z
EXP-20260901-0042	HYP-0050	re_pair_grammar_masked_byte	screen	complete	0.43368055555555557	1086.6489403837213	474.7055555555556	4049.0		0.5803378314175234	True	d5d4afe7e290742f80a0b22f83705f0532e90f5d02929313cc5882aa8ae3fbcb	research/results/EXP-20260901-0042.json	2026-09-01T12:01:42Z
EXP-20260901-0044	HYP-0050	learned_pushdown_masked_byte	screen	complete	0.0	774.2528578706108	98.46111111111111	616.0		0.0026239051101661173	True	255b2cf930aafa44e080c0b9776f77f08b6fd51eefab21fe84dce548b166222c	research/results/EXP-20260901-0044.json	2026-09-01T12:41:55Z
EXP-20260901-0044	HYP-0050	source_identical_finite_state_pushdown_masked_byte	screen	complete	0.0	774.2528578706108	97.27222222222223	616.0		0.0026239051101661173	True	255b2cf930aafa44e080c0b9776f77f08b6fd51eefab21fe84dce548b166222c	research/results/EXP-20260901-0044.json	2026-09-01T12:41:55Z
EXP-20260901-0044	HYP-0050	source_identical_frozen_pushdown_masked_byte	screen	complete	0.0	774.2528578706108	92.92222222222222	616.0		0.0026239051101661173	True	255b2cf930aafa44e080c0b9776f77f08b6fd51eefab21fe84dce548b166222c	research/results/EXP-20260901-0044.json	2026-09-01T12:41:55Z
EXP-20260901-0044	HYP-0050	uniform_masked_byte	screen	complete	0.0	514.5283208335737	91.01111111111112	526848.0		0.003811911794121829	True	255b2cf930aafa44e080c0b9776f77f08b6fd51eefab21fe84dce548b166222c	research/results/EXP-20260901-0044.json	2026-09-01T12:41:55Z
EXP-20260901-0044	HYP-0050	empirical_unigram_masked_byte	screen	complete	0.0	769.5283208335737	101.57222222222222	526848.0		0.0025486880512573173	True	255b2cf930aafa44e080c0b9776f77f08b6fd51eefab21fe84dce548b166222c	research/results/EXP-20260901-0044.json	2026-09-01T12:41:55Z
EXP-20260901-0044	HYP-0050	left_to_right_ppm_masked_byte	screen	complete	0.05381944444444445	5121.528320833573	156.57222222222222	151776.0		0.0003829333596663121	True	255b2cf930aafa44e080c0b9776f77f08b6fd51eefab21fe84dce548b166222c	research/results/EXP-20260901-0044.json	2026-09-01T12:41:55Z
EXP-20260901-0044	HYP-0050	context_tree_weighting_masked_byte	screen	complete	0.11458333333333333	5121.528320833573	342.06111111111113	16448.0		0.0003829333596663121	True	255b2cf930aafa44e080c0b9776f77f08b6fd51eefab21fe84dce548b166222c	research/results/EXP-20260901-0044.json	2026-09-01T12:41:55Z
EXP-20260901-0044	HYP-0050	dense_autoregressive_masked_byte	screen	complete	0.11805555555555555	5121.528320833573	147.14999999999998	1837568.0		0.0003829333596663121	True	255b2cf930aafa44e080c0b9776f77f08b6fd51eefab21fe84dce548b166222c	research/results/EXP-20260901-0044.json	2026-09-01T12:41:55Z
EXP-20260901-0044	HYP-0050	bidirectional_markov_masked_byte	screen	complete	0.4027777777777778	131585.52832083357	164.91111111111113	526848.0		1.4904297658023162e-05	True	255b2cf930aafa44e080c0b9776f77f08b6fd51eefab21fe84dce548b166222c	research/results/EXP-20260901-0044.json	2026-09-01T12:41:55Z
EXP-20260901-0044	HYP-0050	parallel_markov_bp_masked_byte	screen	complete	0.4027777777777778	156114.12091342616	393.6611111111111	2624000.0		0.4575592226607097	True	255b2cf930aafa44e080c0b9776f77f08b6fd51eefab21fe84dce548b166222c	research/results/EXP-20260901-0044.json	2026-09-01T12:41:55Z
EXP-20260901-0044	HYP-0050	privileged_conditional_masked_byte_v2	screen	complete	1.0	514.5283208335737	90.07222222222222	526848.0		0.003811911794121829	True	255b2cf930aafa44e080c0b9776f77f08b6fd51eefab21fe84dce548b166222c	research/results/EXP-20260901-0044.json	2026-09-01T12:41:55Z
EXP-20260901-0044	HYP-0050	re_pair_grammar_masked_byte	screen	complete	0.19386574074074073	1262.9762375002404	423.81666666666666	4049.0		0.6460532182231254	True	255b2cf930aafa44e080c0b9776f77f08b6fd51eefab21fe84dce548b166222c	research/results/EXP-20260901-0044.json	2026-09-01T12:41:55Z
EXP-20260901-0045	HYP-0051	learned_verified_incumbent_program_vm	quick	complete	1.0	33017.958333333336	5213.277777777777	6728.0	0.019316180134262593	0.04305873194334599	True	fa038f3b9f91a6009a02f7481d63f99cf56ca3c99d6a291faead563a1c6f18da	research/results/EXP-20260901-0045.json	2026-09-01T13:17:25Z
EXP-20260901-0045	HYP-0051	source_identical_support_only_verified_incumbent_program_vm	quick	complete	1.0	36822.34722222222	5353.488888888889	1768.0	0.00480482396922991	0.03249154306982128	True	fa038f3b9f91a6009a02f7481d63f99cf56ca3c99d6a291faead563a1c6f18da	research/results/EXP-20260901-0045.json	2026-09-01T13:17:25Z
EXP-20260901-0045	HYP-0051	source_identical_frozen_verified_incumbent_program_vm	quick	complete	1.0	33115.833333333336	5492.9	1768.0	0.007070540940438903	0.04017115287719658	True	fa038f3b9f91a6009a02f7481d63f99cf56ca3c99d6a291faead563a1c6f18da	research/results/EXP-20260901-0045.json	2026-09-01T13:17:25Z
EXP-20260901-0045	HYP-0051	random_whole_io	quick	complete	0.4722222222222222	5.666666666666667	2.9000000000000004	64.0	0.0	0.5352400796046689	True	fa038f3b9f91a6009a02f7481d63f99cf56ca3c99d6a291faead563a1c6f18da	research/results/EXP-20260901-0045.json	2026-09-01T13:17:25Z
EXP-20260901-0045	HYP-0051	nearest_whole_io	quick	complete	0.6111111111111112	306.3333333333333	24.77777777777778	64.0	0.0	0.1066796071748942	True	fa038f3b9f91a6009a02f7481d63f99cf56ca3c99d6a291faead563a1c6f18da	research/results/EXP-20260901-0045.json	2026-09-01T13:17:25Z
EXP-20260901-0045	HYP-0051	dense_whole_io	quick	complete	0.5833333333333334	5207.111111111111	27.188888888888886	24192.0	0.41255266209751035	-0.0006642397655438746	True	fa038f3b9f91a6009a02f7481d63f99cf56ca3c99d6a291faead563a1c6f18da	research/results/EXP-20260901-0045.json	2026-09-01T13:17:25Z
EXP-20260901-0045	HYP-0051	enumerative_mdl_vm	quick	complete	1.0	128401.33333333333	1428.7333333333333	1448.0	0.0	-0.007694907143410134	True	fa038f3b9f91a6009a02f7481d63f99cf56ca3c99d6a291faead563a1c6f18da	research/results/EXP-20260901-0045.json	2026-09-01T13:17:25Z
EXP-20260901-0045	HYP-0051	oracle_latent_vm	quick	complete	1.0	23.0	9.68888888888889	72.0	0.0	0.9264326407226124	True	fa038f3b9f91a6009a02f7481d63f99cf56ca3c99d6a291faead563a1c6f18da	research/results/EXP-20260901-0045.json	2026-09-01T13:17:25Z
EXP-20260901-0048	HYP-0052	wt_error_triggered_eligibility_trace_v1	quick	complete	0.4998936889760663	9600.0	105.9	90272.0	0.0	0.4600863742371055	True	a14c7bc2cd1d26f82a78de459c4f39dc4257a49b81cda521962a27a3196e54fc	research/results/EXP-20260901-0048.json	2026-09-01T14:14:13Z
EXP-20260901-0048	HYP-0052	wt_source_identical_frozen_eligibility_trace_v1	quick	complete	0.49875833362885696	9600.0	131.6277777777778	13472.0	0.0	0.4600863742371055	True	a14c7bc2cd1d26f82a78de459c4f39dc4257a49b81cda521962a27a3196e54fc	research/results/EXP-20260901-0048.json	2026-09-01T14:14:13Z
EXP-20260901-0048	HYP-0052	wt_source_identical_shuffled_eligibility_trace_v1	quick	complete	0.49946839554051625	9600.0	141.67222222222222	90272.0	0.0	0.4600863742371055	True	a14c7bc2cd1d26f82a78de459c4f39dc4257a49b81cda521962a27a3196e54fc	research/results/EXP-20260901-0048.json	2026-09-01T14:14:13Z
EXP-20260901-0048	HYP-0052	wt_source_identical_dense_eligibility_trace_v1	quick	complete	0.5001243054463402	9600.0	103.86111111111111	90272.0	0.0	0.4600863742371055	True	a14c7bc2cd1d26f82a78de459c4f39dc4257a49b81cda521962a27a3196e54fc	research/results/EXP-20260901-0048.json	2026-09-01T14:14:13Z
EXP-20260901-0048	HYP-0052	wt_persistence_v1	quick	complete	0.4816175328692815	960.0	81.26111111111112	0.0	0.0	0.0	True	a14c7bc2cd1d26f82a78de459c4f39dc4257a49b81cda521962a27a3196e54fc	research/results/EXP-20260901-0048.json	2026-09-01T14:14:13Z
EXP-20260901-0048	HYP-0052	wt_pooled_mean_v1	quick	complete	0.4882105259395456	960.0	78.94999999999999	2560.0	0.0	0.0	True	a14c7bc2cd1d26f82a78de459c4f39dc4257a49b81cda521962a27a3196e54fc	research/results/EXP-20260901-0048.json	2026-09-01T14:14:13Z
EXP-20260901-0048	HYP-0052	wt_control_level_bank_v1	quick	complete	0.49875833362885696	1920.0	81.08888888888889	10240.0	0.0	0.0	True	a14c7bc2cd1d26f82a78de459c4f39dc4257a49b81cda521962a27a3196e54fc	research/results/EXP-20260901-0048.json	2026-09-01T14:14:13Z
EXP-20260901-0048	HYP-0052	wt_lms_v1	quick	complete	0.4237184795485242	61440.0	101.89444444444445	253952.0	0.0	0.0	True	a14c7bc2cd1d26f82a78de459c4f39dc4257a49b81cda521962a27a3196e54fc	research/results/EXP-20260901-0048.json	2026-09-01T14:14:13Z
EXP-20260901-0048	HYP-0052	wt_rls_v1	quick	complete	0.42512355594333323	61440.0	96.83888888888889	270336.0	0.0	0.0	True	a14c7bc2cd1d26f82a78de459c4f39dc4257a49b81cda521962a27a3196e54fc	research/results/EXP-20260901-0048.json	2026-09-01T14:14:13Z
EXP-20260901-0048	HYP-0052	wt_transition_bank_v1	quick	complete	0.4900393434668628	2040.0	86.41666666666667	105168.0	-6.3899386945939e-31	7.247889247959646e-31	True	a14c7bc2cd1d26f82a78de459c4f39dc4257a49b81cda521962a27a3196e54fc	research/results/EXP-20260901-0048.json	2026-09-01T14:14:13Z
EXP-20260901-0048	HYP-0052	wt_bounded_replay_v1	quick	complete	0.4481813927927111	7072.0	161.41666666666666	264448.0	0.0	0.0	True	a14c7bc2cd1d26f82a78de459c4f39dc4257a49b81cda521962a27a3196e54fc	research/results/EXP-20260901-0048.json	2026-09-01T14:14:13Z
EXP-20260901-0048	HYP-0052	wt_ridge_fir_v1	quick	complete	0.4139212576482687	61440.0	90.93333333333334	90112.0	0.0	0.0	True	a14c7bc2cd1d26f82a78de459c4f39dc4257a49b81cda521962a27a3196e54fc	research/results/EXP-20260901-0048.json	2026-09-01T14:14:13Z
EXP-20260901-0048	HYP-0052	wt_coverage_aware_spectral_psr_v1	quick	complete	0.4940234856732089	6524.0	102.65	80728.0	0.0	0.0	True	a14c7bc2cd1d26f82a78de459c4f39dc4257a49b81cda521962a27a3196e54fc	research/results/EXP-20260901-0048.json	2026-09-01T14:14:13Z
EXP-20260901-0048	HYP-0052	wt_train_only_discretized_cssr_v1	quick	timeout							True	a14c7bc2cd1d26f82a78de459c4f39dc4257a49b81cda521962a27a3196e54fc	research/results/EXP-20260901-0048.json	2026-09-01T14:14:13Z
EXP-20260901-0049	HYP-0053	error_novelty_split_local_expert_tree_v1	quick	complete	0.3472222222222222	9103.347222222223	772.8666666666667	7024.0	6.119548109605751e-05	1.7874848075296874	True	f6edede708347df8473cdf10f2aa9fb8ef2167a3d81959b30c15ca3c7bf7fe07	research/results/EXP-20260901-0049.json	2026-09-01T14:46:16Z
EXP-20260901-0049	HYP-0053	source_identical_shuffled_split_local_expert_tree_v1	quick	complete	0.4722222222222222	9181.583333333334	800.1777777777778	7024.0	-7.361807470217661e-05	1.7903763850200674	True	f6edede708347df8473cdf10f2aa9fb8ef2167a3d81959b30c15ca3c7bf7fe07	research/results/EXP-20260901-0049.json	2026-09-01T14:46:16Z
EXP-20260901-0049	HYP-0053	source_identical_frozen_partition_local_expert_tree_v1	quick	complete	0.20833333333333334	8889.333333333334	788.6888888888889	528.0	0.0	1.7908627238835086	True	f6edede708347df8473cdf10f2aa9fb8ef2167a3d81959b30c15ca3c7bf7fe07	research/results/EXP-20260901-0049.json	2026-09-01T14:46:16Z
EXP-20260901-0049	HYP-0053	continuous_local_persistence	quick	complete	0.0	4.0	7.98888888888889	64.0	0.0	0.0	True	f6edede708347df8473cdf10f2aa9fb8ef2167a3d81959b30c15ca3c7bf7fe07	research/results/EXP-20260901-0049.json	2026-09-01T14:46:16Z
EXP-20260901-0049	HYP-0053	continuous_local_ridge	quick	complete	0.20833333333333334	8362.666666666666	733.0666666666666	480.0	0.0	1.7924812503605776	True	f6edede708347df8473cdf10f2aa9fb8ef2167a3d81959b30c15ca3c7bf7fe07	research/results/EXP-20260901-0049.json	2026-09-01T14:46:16Z
EXP-20260901-0049	HYP-0053	continuous_local_quantized_fsm	quick	complete	0.0	1698.6666666666667	458.5666666666667	58128.0	0.0	1.7924812503605787	True	f6edede708347df8473cdf10f2aa9fb8ef2167a3d81959b30c15ca3c7bf7fe07	research/results/EXP-20260901-0049.json	2026-09-01T14:46:16Z
EXP-20260901-0049	HYP-0053	continuous_local_kernel_event	quick	complete	0.0	1864874.6666666667	3688.733333333333	49344.0	0.0	1.7924812503605776	True	f6edede708347df8473cdf10f2aa9fb8ef2167a3d81959b30c15ca3c7bf7fe07	research/results/EXP-20260901-0049.json	2026-09-01T14:46:16Z
EXP-20260901-0049	HYP-0053	privileged_continuous_local_support	quick	complete	1.0	3168.0	86.80000000000001	128.0	0.0	1.7568118595004467	True	f6edede708347df8473cdf10f2aa9fb8ef2167a3d81959b30c15ca3c7bf7fe07	research/results/EXP-20260901-0049.json	2026-09-01T14:46:16Z
EXP-20260901-0051	HYP-0054	learned_predictive_coordinate_chart_v1	quick	complete	0.2222222222222222	15680.0	2169.266666666667	816.0	0.0	1.7924812503605776	True	481e7c0828afae3e473fd763de14eb60498dacbf966a64b6975602cbad8aa65d	research/results/EXP-20260901-0051.json	2026-09-01T15:26:21Z
EXP-20260901-0051	HYP-0054	source_identical_shuffled_predictive_coordinate_chart_v1	quick	complete	0.20833333333333334	15680.0	1881.5333333333333	816.0	0.0	1.7924812503605776	True	481e7c0828afae3e473fd763de14eb60498dacbf966a64b6975602cbad8aa65d	research/results/EXP-20260901-0051.json	2026-09-01T15:26:21Z
EXP-20260901-0051	HYP-0054	source_identical_frozen_predictive_coordinate_chart_v1	quick	complete	0.2222222222222222	15680.0	2329.688888888889	816.0	0.0	1.7924812503605776	True	481e7c0828afae3e473fd763de14eb60498dacbf966a64b6975602cbad8aa65d	research/results/EXP-20260901-0051.json	2026-09-01T15:26:21Z
EXP-20260901-0051	HYP-0054	continuous_local_persistence	quick	complete	0.0	4.0	10.455555555555556	64.0	0.0	0.0	True	481e7c0828afae3e473fd763de14eb60498dacbf966a64b6975602cbad8aa65d	research/results/EXP-20260901-0051.json	2026-09-01T15:26:21Z
EXP-20260901-0051	HYP-0054	continuous_local_ridge	quick	complete	0.3611111111111111	8362.666666666666	781.5333333333333	480.0	0.0	1.7924812503605776	True	481e7c0828afae3e473fd763de14eb60498dacbf966a64b6975602cbad8aa65d	research/results/EXP-20260901-0051.json	2026-09-01T15:26:21Z
EXP-20260901-0051	HYP-0054	continuous_local_quantized_fsm	quick	complete	0.0	1698.6666666666667	444.44444444444446	58280.0	0.0	1.7924812503605787	True	481e7c0828afae3e473fd763de14eb60498dacbf966a64b6975602cbad8aa65d	research/results/EXP-20260901-0051.json	2026-09-01T15:26:21Z
EXP-20260901-0051	HYP-0054	continuous_local_kernel_event	quick	complete	0.013888888888888888	1864874.6666666667	4030.9222222222224	49344.0	0.0	1.7924812503605776	True	481e7c0828afae3e473fd763de14eb60498dacbf966a64b6975602cbad8aa65d	research/results/EXP-20260901-0051.json	2026-09-01T15:26:21Z
EXP-20260901-0051	HYP-0054	privileged_continuous_local_support	quick	complete	1.0	3168.0	84.98888888888888	128.0	0.0	1.7568118595004467	True	481e7c0828afae3e473fd763de14eb60498dacbf966a64b6975602cbad8aa65d	research/results/EXP-20260901-0051.json	2026-09-01T15:26:21Z
EXP-20260901-0054	HYP-0012	learned_discrete_address_index_v1	quick	complete	0.4097222222222222	7119.666666666667	538.7111111111111	442688.0	0.15615285740940907	0.5328460695201231	True	0669cca273e3e1a72205bb3440fb99417d120b41e6460aaee0e46dd13d71ff74	research/results/EXP-20260901-0054.json	2026-09-01T16:39:24Z
EXP-20260901-0054	HYP-0012	source_identical_dense_scan_v1	quick	complete	0.9722222222222222	248880.0	16139.5	440712.0	0.9290565622311932	0.9804151157647049	True	0669cca273e3e1a72205bb3440fb99417d120b41e6460aaee0e46dd13d71ff74	research/results/EXP-20260901-0054.json	2026-09-01T16:39:24Z
EXP-20260901-0054	HYP-0012	source_identical_frozen_encoder_index_v1	quick	complete	0.6597222222222222	5230.666666666667	476.8333333333333	454528.0	0.21492677654039766	0.39576897784588105	True	0669cca273e3e1a72205bb3440fb99417d120b41e6460aaee0e46dd13d71ff74	research/results/EXP-20260901-0054.json	2026-09-01T16:39:24Z
EXP-20260901-0054	HYP-0012	source_identical_shuffled_representation_index_v1	quick	complete	0.4791666666666667	4159.333333333333	582.6111111111111	452488.0	0.01581211350964146	0.27056495977724765	True	0669cca273e3e1a72205bb3440fb99417d120b41e6460aaee0e46dd13d71ff74	research/results/EXP-20260901-0054.json	2026-09-01T16:39:24Z
EXP-20260901-0054	HYP-0012	raw_nearest_neighbour_scan_v1	quick	complete	1.0	369432.0	161.77777777777777	1254792.0	0.9994838576493542	0.9998767200754439	True	0669cca273e3e1a72205bb3440fb99417d120b41e6460aaee0e46dd13d71ff74	research/results/EXP-20260901-0054.json	2026-09-01T16:39:24Z
EXP-20260901-0054	HYP-0012	local_dense_transition_gru_v1	quick	complete	0.0	56153.666666666664	597.8888888888889	25588.0	0.0	0.9991893840662585	True	0669cca273e3e1a72205bb3440fb99417d120b41e6460aaee0e46dd13d71ff74	research/results/EXP-20260901-0054.json	2026-09-01T16:39:24Z
EXP-20260901-0054	HYP-0012	privileged_exact_entity_key_v1	quick	complete	1.0	28.333333333333332	0.6888888888888889	76824.0	5.579564776494485e-32	0.11343385522742727	True	0669cca273e3e1a72205bb3440fb99417d120b41e6460aaee0e46dd13d71ff74	research/results/EXP-20260901-0054.json	2026-09-01T16:39:24Z
EXP-20260901-0056	HYP-0012	learned_balanced_hierarchical_router_v1	quick	complete	0.9236111111111112	9899.868055555555	629.9555555555556	469457.0	0.1275533489127686	0.6169023686098606	True	8c9925cc27ede6b289f00f6b9c221be861b0425dffe7f2b716519d3360e5cfdb	research/results/EXP-20260901-0056.json	2026-09-01T17:43:38Z
EXP-20260901-0056	HYP-0012	source_identical_dense_hierarchical_representation_v1	quick	complete	0.9236111111111112	248880.0	6549.166666666667	469457.0	0.9290565622311932	0.9804151157647049	True	8c9925cc27ede6b289f00f6b9c221be861b0425dffe7f2b716519d3360e5cfdb	research/results/EXP-20260901-0056.json	2026-09-01T17:43:38Z
EXP-20260901-0056	HYP-0012	source_identical_frozen_hierarchical_router_v1	quick	complete	1.0	9849.152777777777	688.4	469457.0	0.1356336353855485	0.6380098367523741	True	8c9925cc27ede6b289f00f6b9c221be861b0425dffe7f2b716519d3360e5cfdb	research/results/EXP-20260901-0056.json	2026-09-01T17:43:38Z
EXP-20260901-0056	HYP-0012	source_identical_shuffled_hierarchical_router_v1	quick	complete	0.8055555555555556	10843.826388888889	662.6111111111111	469457.0	0.11945784958776655	0.6611927649053985	True	8c9925cc27ede6b289f00f6b9c221be861b0425dffe7f2b716519d3360e5cfdb	research/results/EXP-20260901-0056.json	2026-09-01T17:43:38Z
EXP-20260901-0056	HYP-0012	raw_balanced_kd_tree_v1	quick	complete	1.0	4010.3055555555557	101.93333333333334	1283601.0	0.2589529266836575	0.9741066266912208	True	8c9925cc27ede6b289f00f6b9c221be861b0425dffe7f2b716519d3360e5cfdb	research/results/EXP-20260901-0056.json	2026-09-01T17:43:38Z
EXP-20260901-0056	HYP-0012	raw_nearest_neighbour_scan_v1	quick	complete	1.0	369432.0	183.2555555555556	1254792.0	0.9994838576493542	0.9998767200754439	True	8c9925cc27ede6b289f00f6b9c221be861b0425dffe7f2b716519d3360e5cfdb	research/results/EXP-20260901-0056.json	2026-09-01T17:43:38Z
EXP-20260901-0056	HYP-0012	local_dense_transition_gru_v1	quick	complete	0.0	56153.666666666664	718.6111111111111	25588.0	0.0	0.9991893840662585	True	8c9925cc27ede6b289f00f6b9c221be861b0425dffe7f2b716519d3360e5cfdb	research/results/EXP-20260901-0056.json	2026-09-01T17:43:38Z
EXP-20260901-0056	HYP-0012	privileged_exact_entity_key_v1	quick	complete	1.0	28.333333333333332	0.7444444444444445	76824.0	5.579564776494485e-32	0.11343385522742727	True	8c9925cc27ede6b289f00f6b9c221be861b0425dffe7f2b716519d3360e5cfdb	research/results/EXP-20260901-0056.json	2026-09-01T17:43:38Z
EXP-20260901-0057	HYP-0055	shared_sparse_set_memory_v1	quick	complete	0.010416666666666666	3780.25	63.42083333333333	12752.0		0.00835795414907927	True	c00479d9c3a78b49542d52e38c190284cde1392478ce20c19db9d139d05b4a4a	research/results/EXP-20260901-0057.json	2026-09-01T18:28:09Z
EXP-20260901-0057	HYP-0055	independent_sparse_set_memory_v1	quick	complete	0.0	3780.25	52.166666666666664	108848.0		0.00835795414907927	True	c00479d9c3a78b49542d52e38c190284cde1392478ce20c19db9d139d05b4a4a	research/results/EXP-20260901-0057.json	2026-09-01T18:28:09Z
EXP-20260901-0057	HYP-0055	source_identical_dense_set_attention_v1	quick	complete	0.010416666666666666	4004.25	78.06666666666666	12752.0		0.007889858303225545	True	c00479d9c3a78b49542d52e38c190284cde1392478ce20c19db9d139d05b4a4a	research/results/EXP-20260901-0057.json	2026-09-01T18:28:09Z
EXP-20260901-0057	HYP-0055	source_identical_frozen_sparse_router_v1	quick	complete	0.0	3780.25	50.520833333333336	10832.0		0.00835795414907927	True	c00479d9c3a78b49542d52e38c190284cde1392478ce20c19db9d139d05b4a4a	research/results/EXP-20260901-0057.json	2026-09-01T18:28:09Z
EXP-20260901-0057	HYP-0055	specialist_contextual_chow_liu_suite_v2	quick	complete	0.984375	396.7864583333333	51.395833333333336	5800.0		1.3895806840957359	True	c00479d9c3a78b49542d52e38c190284cde1392478ce20c19db9d139d05b4a4a	research/results/EXP-20260901-0057.json	2026-09-01T18:28:09Z
EXP-20260901-0057	HYP-0055	specialist_empirical_joint_suite_v2	quick	complete	0.9270833333333334	1733.5677083333333	115.65833333333335	88720.0		0.7779357890601635	True	c00479d9c3a78b49542d52e38c190284cde1392478ce20c19db9d139d05b4a4a	research/results/EXP-20260901-0057.json	2026-09-01T18:28:09Z
EXP-20260901-0057	HYP-0055	specialist_autoregressive_suite_v2	quick	complete	0.8072916666666666	550.9583333333334	55.23333333333333	72336.0		1.0485139360871751	True	c00479d9c3a78b49542d52e38c190284cde1392478ce20c19db9d139d05b4a4a	research/results/EXP-20260901-0057.json	2026-09-01T18:28:09Z
EXP-20260901-0057	HYP-0055	oracle_cross_family_suite_v2	quick	complete	1.0	104.0	14.15	2472.0		0.580756023479124	True	c00479d9c3a78b49542d52e38c190284cde1392478ce20c19db9d139d05b4a4a	research/results/EXP-20260901-0057.json	2026-09-01T18:28:09Z
EXP-20260901-0059	HYP-0056	learned_certified_pattern_bound_program_vm	quick	complete	1.0	53215.34722222222	7240.644444444445	22862.0	0.022064668761349146	-0.011234808196136106	True	a256edfcab4c5e0836f526d1fdfb3fad6cd9cb439cc7b12347946f038906b5ee	research/results/EXP-20260901-0059.json	2026-09-01T19:01:02Z
EXP-20260901-0059	HYP-0056	source_identical_support_only_certified_pattern_bound_program_vm	quick	complete	1.0	78303.11111111111	9101.555555555555	23228.0	-0.008243832839575454	0.03931281770790835	True	a256edfcab4c5e0836f526d1fdfb3fad6cd9cb439cc7b12347946f038906b5ee	research/results/EXP-20260901-0059.json	2026-09-01T19:01:02Z
EXP-20260901-0059	HYP-0056	source_identical_frozen_certified_pattern_bound_program_vm	quick	complete	1.0	52271.791666666664	7488.299999999999	13033.0	-0.012195753686138561	-0.005854034758687687	True	a256edfcab4c5e0836f526d1fdfb3fad6cd9cb439cc7b12347946f038906b5ee	research/results/EXP-20260901-0059.json	2026-09-01T19:01:02Z
EXP-20260901-0059	HYP-0056	random_whole_io	quick	complete	0.375	5.666666666666667	2.411111111111111	64.0	0.0	0.5352400796046689	True	a256edfcab4c5e0836f526d1fdfb3fad6cd9cb439cc7b12347946f038906b5ee	research/results/EXP-20260901-0059.json	2026-09-01T19:01:02Z
EXP-20260901-0059	HYP-0056	nearest_whole_io	quick	complete	0.5833333333333334	306.3333333333333	22.72222222222222	64.0	0.0	0.1066796071748942	True	a256edfcab4c5e0836f526d1fdfb3fad6cd9cb439cc7b12347946f038906b5ee	research/results/EXP-20260901-0059.json	2026-09-01T19:01:02Z
EXP-20260901-0059	HYP-0056	dense_whole_io	quick	complete	0.5972222222222222	5207.111111111111	25.61111111111111	24192.0	0.41255266209751035	-0.0006642397655438746	True	a256edfcab4c5e0836f526d1fdfb3fad6cd9cb439cc7b12347946f038906b5ee	research/results/EXP-20260901-0059.json	2026-09-01T19:01:02Z
EXP-20260901-0059	HYP-0056	enumerative_mdl_vm	quick	complete	1.0	128401.33333333333	1324.111111111111	1448.0	0.0	-0.007694907143410134	True	a256edfcab4c5e0836f526d1fdfb3fad6cd9cb439cc7b12347946f038906b5ee	research/results/EXP-20260901-0059.json	2026-09-01T19:01:02Z
EXP-20260901-0059	HYP-0056	oracle_latent_vm	quick	complete	1.0	23.0	2.4000000000000004	72.0	0.0	0.9264326407226124	True	a256edfcab4c5e0836f526d1fdfb3fad6cd9cb439cc7b12347946f038906b5ee	research/results/EXP-20260901-0059.json	2026-09-01T19:01:02Z
EXP-20260901-0060	HYP-0057	wt_learned_particle_proposal_predictive_state_v1	quick	complete	0.47726901570237307	13623.0	228.3722222222222	22784.0	0.0	0.8099294316492389	True	9f284865944636ed877153e08beec5e68cc6a282fa8f8ce0c0a15e9b0b9e8283	research/results/EXP-20260901-0060.json	2026-09-01T20:20:31Z
EXP-20260901-0060	HYP-0057	wt_source_identical_bootstrap_particle_proposal_v1	quick	complete	0.4769556758405877	12879.0	215.10555555555555	22784.0	0.0	0.8666084718000058	True	9f284865944636ed877153e08beec5e68cc6a282fa8f8ce0c0a15e9b0b9e8283	research/results/EXP-20260901-0060.json	2026-09-01T20:20:31Z
EXP-20260901-0060	HYP-0057	wt_source_identical_deterministic_posterior_mean_v1	quick	complete	0.4796905708313107	9783.0	125.07777777777778	22784.0	0.0	0.7430031893494439	True	9f284865944636ed877153e08beec5e68cc6a282fa8f8ce0c0a15e9b0b9e8283	research/results/EXP-20260901-0060.json	2026-09-01T20:20:31Z
EXP-20260901-0060	HYP-0057	wt_persistence_v1	quick	complete	0.4816175328692815	960.0	79.98333333333333	0.0	0.0	0.0	True	9f284865944636ed877153e08beec5e68cc6a282fa8f8ce0c0a15e9b0b9e8283	research/results/EXP-20260901-0060.json	2026-09-01T20:20:31Z
EXP-20260901-0060	HYP-0057	wt_pooled_mean_v1	quick	complete	0.4882105259395456	960.0	79.75	2560.0	0.0	0.0	True	9f284865944636ed877153e08beec5e68cc6a282fa8f8ce0c0a15e9b0b9e8283	research/results/EXP-20260901-0060.json	2026-09-01T20:20:31Z
EXP-20260901-0060	HYP-0057	wt_control_level_bank_v1	quick	complete	0.49875833362885696	1920.0	87.94444444444444	10240.0	0.0	0.0	True	9f284865944636ed877153e08beec5e68cc6a282fa8f8ce0c0a15e9b0b9e8283	research/results/EXP-20260901-0060.json	2026-09-01T20:20:31Z
EXP-20260901-0060	HYP-0057	wt_lms_v1	quick	complete	0.42371847954849545	61440.0	88.92777777777778	253952.0	0.0	0.0	True	9f284865944636ed877153e08beec5e68cc6a282fa8f8ce0c0a15e9b0b9e8283	research/results/EXP-20260901-0060.json	2026-09-01T20:20:31Z
EXP-20260901-0060	HYP-0057	wt_rls_v1	quick	complete	0.42512355594329265	61440.0	90.62222222222222	270336.0	0.0	0.0	True	9f284865944636ed877153e08beec5e68cc6a282fa8f8ce0c0a15e9b0b9e8283	research/results/EXP-20260901-0060.json	2026-09-01T20:20:31Z
EXP-20260901-0060	HYP-0057	wt_transition_bank_v1	quick	complete	0.4900393434668628	2040.0	109.19444444444444	105168.0	-6.3899386945939e-31	7.247889247959646e-31	True	9f284865944636ed877153e08beec5e68cc6a282fa8f8ce0c0a15e9b0b9e8283	research/results/EXP-20260901-0060.json	2026-09-01T20:20:31Z
EXP-20260901-0060	HYP-0057	wt_bounded_replay_v1	quick	complete	0.4481813927927111	7072.0	135.4611111111111	264448.0	0.0	0.0	True	9f284865944636ed877153e08beec5e68cc6a282fa8f8ce0c0a15e9b0b9e8283	research/results/EXP-20260901-0060.json	2026-09-01T20:20:31Z
EXP-20260901-0060	HYP-0057	wt_ridge_fir_v1	quick	complete	0.4139212576482435	61440.0	93.77777777777777	90112.0	0.0	0.0	True	9f284865944636ed877153e08beec5e68cc6a282fa8f8ce0c0a15e9b0b9e8283	research/results/EXP-20260901-0060.json	2026-09-01T20:20:31Z
EXP-20260901-0060	HYP-0057	wt_coverage_aware_spectral_psr_v1	quick	complete	0.49402348567320903	6524.0	112.50555555555555	80728.0	0.0	0.0	True	9f284865944636ed877153e08beec5e68cc6a282fa8f8ce0c0a15e9b0b9e8283	research/results/EXP-20260901-0060.json	2026-09-01T20:20:31Z
EXP-20260901-0060	HYP-0057	wt_train_only_discretized_cssr_v1	quick	timeout							True	9f284865944636ed877153e08beec5e68cc6a282fa8f8ce0c0a15e9b0b9e8283	research/results/EXP-20260901-0060.json	2026-09-01T20:20:31Z
EXP-20260901-0062	HYP-0058	selective_diagonal_state_space_byte_v1	quick	complete	0.23116319444444444	9221.6875	69.62	50560.0	0.0	0.0004766081290657728	True	7829d4faa79746d425ade35a0211c6e736666c64a41d9c545ee57ba0e6d6afda	research/results/EXP-20260901-0062.json	2026-09-01T21:07:44Z
EXP-20260901-0062	HYP-0058	source_identical_fixed_selection_state_space_byte_v1	quick	complete	0.22102864583333334	9219.9375	66.56444444444445	50560.0	0.0	0.00033003549067148777	True	7829d4faa79746d425ade35a0211c6e736666c64a41d9c545ee57ba0e6d6afda	research/results/EXP-20260901-0062.json	2026-09-01T21:07:44Z
EXP-20260901-0062	HYP-0058	source_identical_recurrence_disabled_state_space_byte_v1	quick	complete	0.2574652777777778	9218.1875	67.14888888888889	50560.0	0.0	0.00018339530638921555	True	7829d4faa79746d425ade35a0211c6e736666c64a41d9c545ee57ba0e6d6afda	research/results/EXP-20260901-0062.json	2026-09-01T21:07:44Z
EXP-20260901-0062	HYP-0058	uniform_byte	quick	complete	0.0	1.0	27.035555555555554	256.0	0.0	0.0	True	7829d4faa79746d425ade35a0211c6e736666c64a41d9c545ee57ba0e6d6afda	research/results/EXP-20260901-0062.json	2026-09-01T21:07:44Z
EXP-20260901-0062	HYP-0058	empirical_unigram_byte	quick	complete	0.2205295138888889	14848.0	736.2488888888888	31480.0	0.0	0.925109929535273	True	7829d4faa79746d425ade35a0211c6e736666c64a41d9c545ee57ba0e6d6afda	research/results/EXP-20260901-0062.json	2026-09-01T21:07:44Z
EXP-20260901-0062	HYP-0058	ppm_d_order5_byte	quick	complete	0.45499131944444443	1792.0	71.95333333333333	1654032.0	0.0	0.0	True	7829d4faa79746d425ade35a0211c6e736666c64a41d9c545ee57ba0e6d6afda	research/results/EXP-20260901-0062.json	2026-09-01T21:07:44Z
EXP-20260901-0062	HYP-0058	ctw_depth2_byte	quick	complete	0.28433159722222223	768.0	136.03333333333333	867008.0	0.0	5.130970682671935e-32	True	7829d4faa79746d425ade35a0211c6e736666c64a41d9c545ee57ba0e6d6afda	research/results/EXP-20260901-0062.json	2026-09-01T21:07:44Z
EXP-20260901-0062	HYP-0058	lz_dictionary_byte	quick	complete	0.37233072916666665	284.0	63.35777777777778	2347752.0	0.0	0.07489007046472694	True	7829d4faa79746d425ade35a0211c6e736666c64a41d9c545ee57ba0e6d6afda	research/results/EXP-20260901-0062.json	2026-09-01T21:07:44Z
EXP-20260901-0062	HYP-0058	dense_autoregressive_byte	quick	crash							True	7829d4faa79746d425ade35a0211c6e736666c64a41d9c545ee57ba0e6d6afda	research/results/EXP-20260901-0062.json	2026-09-01T21:07:44Z
EXP-20260902-0001	HYP-0059	shared_anonymous_prolongation_v1	quick	complete	1.0	6850501.333333333	23309.69999699543	27491988.0	1.3053262900877092		True	afd488bdf4bb67c1be3e8e7d2738aa1ca28d1bf00bee5e608a4bbdb329a1f45b	research/results/EXP-20260902-0001.json	2026-09-02T01:35:17Z
EXP-20260902-0001	HYP-0059	independent_anonymous_prolongation_v1	quick	complete	1.0	6850501.333333333	22786.566677192848	27491988.0	1.3053262900877092		True	afd488bdf4bb67c1be3e8e7d2738aa1ca28d1bf00bee5e608a4bbdb329a1f45b	research/results/EXP-20260902-0001.json	2026-09-02T01:35:17Z
EXP-20260902-0001	HYP-0059	cross_family_only_anonymous_prolongation_v1	quick	complete	1.0	6850501.333333333	25163.400006325293	27491988.0	1.3053262900877092		True	afd488bdf4bb67c1be3e8e7d2738aa1ca28d1bf00bee5e608a4bbdb329a1f45b	research/results/EXP-20260902-0001.json	2026-09-02T01:35:17Z
EXP-20260902-0001	HYP-0059	support_only_anonymous_prolongation_v1	quick	complete	1.0	6850501.333333333	25440.866670881707	27491988.0	1.3053262900877092		True	afd488bdf4bb67c1be3e8e7d2738aa1ca28d1bf00bee5e608a4bbdb329a1f45b	research/results/EXP-20260902-0001.json	2026-09-02T01:35:17Z
EXP-20260902-0001	HYP-0059	target_standard_sa_v1	quick	complete	1.0	3932666.0	16484.400005235027	14617164.0	1.0403271068215687		True	afd488bdf4bb67c1be3e8e7d2738aa1ca28d1bf00bee5e608a4bbdb329a1f45b	research/results/EXP-20260902-0001.json	2026-09-02T01:35:17Z
EXP-20260902-0001	HYP-0059	target_adaptive_sa_v1	quick	complete	1.0	3932428.0	16242.366652780524	14596616.0	1.0403313342990914		True	afd488bdf4bb67c1be3e8e7d2738aa1ca28d1bf00bee5e608a4bbdb329a1f45b	research/results/EXP-20260902-0001.json	2026-09-02T01:35:17Z
EXP-20260902-0001	HYP-0059	source_frozen_hierarchy_v1	quick	complete	0.6666666666666666	254577473.33333334	459248.2666679037	14617164.0	-0.0191908499313998		True	afd488bdf4bb67c1be3e8e7d2738aa1ca28d1bf00bee5e608a4bbdb329a1f45b	research/results/EXP-20260902-0001.json	2026-09-02T01:35:17Z
EXP-20260902-0001	HYP-0059	fixed_pr_numeric_refresh_v1	quick	complete	0.6666666666666666	253952748.66666666	308357.86667497206	14617164.0	-0.05756084826584574		True	afd488bdf4bb67c1be3e8e7d2738aa1ca28d1bf00bee5e608a4bbdb329a1f45b	research/results/EXP-20260902-0001.json	2026-09-02T01:35:17Z
EXP-20260902-0001	HYP-0059	unpreconditioned_cg_v1	quick	complete	1.0	15110822.0	5853.433336596936	0.0	0.6169418271723772		True	afd488bdf4bb67c1be3e8e7d2738aa1ca28d1bf00bee5e608a4bbdb329a1f45b	research/results/EXP-20260902-0001.json	2026-09-02T01:35:17Z
EXP-20260906-0001	HYP-0028	wt01_r0_u0_c0_v1	quick	complete	0.5458278828969947	470.0	96.72222222222223	16896.0	-6.3899386945939e-31	7.247889247959646e-31	True	56d9783f1503f9dd4d3546ce66acdd733e6fe03c6c3236cf1e2185df8f731997	research/results/EXP-20260906-0001.json	2026-09-05T22:59:07Z
EXP-20260906-0001	HYP-0028	wt01_r0_u0_c1_v1	quick	complete	0.5458278828969947	470.0	141.7388888888889	16896.0	-6.3899386945939e-31	7.247889247959646e-31	True	56d9783f1503f9dd4d3546ce66acdd733e6fe03c6c3236cf1e2185df8f731997	research/results/EXP-20260906-0001.json	2026-09-05T22:59:07Z
EXP-20260906-0001	HYP-0028	wt01_r0_u1_c0_v1	quick	complete	0.5475088277768422	470.0	107.30000000000001	16896.0	-6.3899386945939e-31	7.247889247959646e-31	True	56d9783f1503f9dd4d3546ce66acdd733e6fe03c6c3236cf1e2185df8f731997	research/results/EXP-20260906-0001.json	2026-09-05T22:59:07Z
EXP-20260906-0001	HYP-0028	wt01_r0_u1_c1_v1	quick	complete	0.5475088277768422	470.0	107.38333333333334	16896.0	-6.3899386945939e-31	7.247889247959646e-31	True	56d9783f1503f9dd4d3546ce66acdd733e6fe03c6c3236cf1e2185df8f731997	research/results/EXP-20260906-0001.json	2026-09-05T22:59:07Z
EXP-20260906-0001	HYP-0028	wt01_r1_u0_c0_v1	quick	complete	0.5974981661232965	22560.0	363.59444444444443	16896.0	0.0	0.9999999999999996	True	56d9783f1503f9dd4d3546ce66acdd733e6fe03c6c3236cf1e2185df8f731997	research/results/EXP-20260906-0001.json	2026-09-05T22:59:07Z
EXP-20260906-0001	HYP-0028	wt01_r1_u0_c1_v1	quick	complete	0.5974981661232965	22560.0	483.46111111111105	16896.0	0.0	0.9999999999999996	True	56d9783f1503f9dd4d3546ce66acdd733e6fe03c6c3236cf1e2185df8f731997	research/results/EXP-20260906-0001.json	2026-09-05T22:59:07Z
EXP-20260906-0001	HYP-0028	wt01_r1_u1_c0_v1	quick	complete	0.6002948944659505	22560.0	381.85	16896.0	0.0	0.9999999999999996	True	56d9783f1503f9dd4d3546ce66acdd733e6fe03c6c3236cf1e2185df8f731997	research/results/EXP-20260906-0001.json	2026-09-05T22:59:07Z
EXP-20260906-0001	HYP-0028	wt01_r1_u1_c1_v1	quick	complete	0.6002948944659505	22560.0	483.0444444444444	16896.0	0.0	0.9999999999999996	True	56d9783f1503f9dd4d3546ce66acdd733e6fe03c6c3236cf1e2185df8f731997	research/results/EXP-20260906-0001.json	2026-09-05T22:59:07Z
EXP-20260906-0001	HYP-0028	wt01_var2_rls_bound_v1	quick	complete	0.6002948944659505	22560.0	459.5055555555556	16896.0	0.0	0.9999999999999996	True	56d9783f1503f9dd4d3546ce66acdd733e6fe03c6c3236cf1e2185df8f731997	research/results/EXP-20260906-0001.json	2026-09-05T22:59:07Z
EXP-20260906-0002	HYP-0012	dense_transformer_v1	quick	complete	0.1898148148148148	93978562.8352682	59501.009027777785	45835780.0	0.5855107286918013	0.42645321572056966	True	7b8b1affe2409b67a41ca36a636248c6b6ac589f35a4d43577e2dfaa36b09bcc	research/results/EXP-20260906-0002.json	2026-09-06T00:38:05Z
EXP-20260906-0002	HYP-0012	bm25_iterative_reader_v1	quick	complete	0.7550925925925926	3538944.0	3069.8222222222225	45835780.0	-2.0523882730687733e-31	0.0	True	7b8b1affe2409b67a41ca36a636248c6b6ac589f35a4d43577e2dfaa36b09bcc	research/results/EXP-20260906-0002.json	2026-09-06T00:38:05Z
EXP-20260906-0002	HYP-0012	symbolic_last_write_graph_v1	quick	complete	1.0	2560.0	1.5652777777777778	49152.0	0.5671222089814756	0.4036774610288014	True	7b8b1affe2409b67a41ca36a636248c6b6ac589f35a4d43577e2dfaa36b09bcc	research/results/EXP-20260906-0002.json	2026-09-06T00:38:05Z
EXP-20261002-0001	HYP-0012	dense_pair_transformer_v2	quick	complete	0.2365740740740741	1388081899493.2036	572516.5	43192294.0	0.9997852490480481	0.9999999998976136	True	56cbab4e331a7f7305524fa6526d45dd26c5a3fd0c7d94ad2d717d7723c2adc7	research/results/EXP-20261002-0001.json	2026-10-02T22:19:07Z
EXP-20261002-0001	HYP-0012	bm25_pair_transformer_v2	quick	complete	0.4884259259259259	19661609385.733334	7069.0	43292404.0	-0.00957205723116749	0.9909263224172428	True	56cbab4e331a7f7305524fa6526d45dd26c5a3fd0c7d94ad2d717d7723c2adc7	research/results/EXP-20261002-0001.json	2026-10-02T22:19:07Z
EXP-20261002-0001	HYP-0012	frozen_bm25_pair_transformer_v2	quick	complete	0.1513888888888889	10671195862.029629	3435.9	43292404.0	0.006008094084725877	0.26317354389960723	True	56cbab4e331a7f7305524fa6526d45dd26c5a3fd0c7d94ad2d717d7723c2adc7	research/results/EXP-20261002-0001.json	2026-10-02T22:19:07Z
EXP-20261002-0001	HYP-0012	symbolic_last_write_graph_v2	quick	complete	1.0	162.3546296296296	2.7	29440.0	0.00010491789028194178	0.33547868414975063	True	56cbab4e331a7f7305524fa6526d45dd26c5a3fd0c7d94ad2d717d7723c2adc7	research/results/EXP-20261002-0001.json	2026-10-02T22:19:07Z
EXP-20261004-0001	HYP-0012	muc02_random_neg_s0	quick	complete	0.33564814814814814	19760015857.112503	6618.8	43292428.0	-0.0012903621132976048	0.9952253400277201	True	6cab99485ac9662eb1e209b2eda80b72ca76e171ad2b15266da8000728897993	research/results/EXP-20261004-0001.json	2026-10-03T22:13:27Z
EXP-20261004-0001	HYP-0012	muc02_hard_neg_s0	quick	complete	0.35324074074074074	19807250955.011112	7105.0	43292428.0	-0.0015058827345337826	0.9979934657954552	True	6cab99485ac9662eb1e209b2eda80b72ca76e171ad2b15266da8000728897993	research/results/EXP-20261004-0001.json	2026-10-03T22:13:27Z
EXP-20261004-0001	HYP-0012	muc02_random_neg_s1	quick	complete	0.34305555555555556	19830868505.09537	11373.5	43292432.0	-0.000429565276256622	0.9999999965235982	True	6cab99485ac9662eb1e209b2eda80b72ca76e171ad2b15266da8000728897993	research/results/EXP-20261004-0001.json	2026-10-03T22:13:27Z
EXP-20261004-0001	HYP-0012	muc02_hard_neg_s1	quick	complete	0.7444444444444445	19563202950.497223	6690.7	43292432.0	-0.004971843542143486	0.9835330516669879	True	6cab99485ac9662eb1e209b2eda80b72ca76e171ad2b15266da8000728897993	research/results/EXP-20261004-0001.json	2026-10-03T22:13:27Z
EXP-20261004-0001	HYP-0012	muc02_random_neg_s2	quick	complete	0.32962962962962966	19838741024.93565	6708.0	43292410.0	6.385440023507735e-08	0.9999999966541314	True	6cab99485ac9662eb1e209b2eda80b72ca76e171ad2b15266da8000728897993	research/results/EXP-20261004-0001.json	2026-10-03T22:13:27Z
EXP-20261004-0001	HYP-0012	muc02_hard_neg_s2	quick	complete	0.4694444444444444	18610628441.524075	6698.4	43292410.0	-0.03752394291416368	0.9278841299698337	True	6cab99485ac9662eb1e209b2eda80b72ca76e171ad2b15266da8000728897993	research/results/EXP-20261004-0001.json	2026-10-03T22:13:27Z
EXP-20261004-0001	HYP-0012	muc02_random_neg_s3	quick	complete	0.30833333333333335	19838741024.948612	6746.2	43292384.0	6.418422118379832e-08	0.9999999965496996	True	6cab99485ac9662eb1e209b2eda80b72ca76e171ad2b15266da8000728897993	research/results/EXP-20261004-0001.json	2026-10-03T22:13:27Z
EXP-20261004-0001	HYP-0012	muc02_hard_neg_s3	quick	complete	0.32407407407407407	16638563194.261112	6608.4	43292384.0	0.013033265150903063	0.8024310283846369	True	6cab99485ac9662eb1e209b2eda80b72ca76e171ad2b15266da8000728897993	research/results/EXP-20261004-0001.json	2026-10-03T22:13:27Z
EXP-20261004-0001	HYP-0012	muc02_random_neg_s4	quick	complete	0.33796296296296297	19838741020.684723	6725.0	43292492.0	6.379619781961485e-08	0.9999999964849494	True	6cab99485ac9662eb1e209b2eda80b72ca76e171ad2b15266da8000728897993	research/results/EXP-20261004-0001.json	2026-10-03T22:13:27Z
EXP-20261004-0001	HYP-0012	muc02_hard_neg_s4	quick	complete	0.12685185185185185	8785728233.24398	2000.9	43292492.0	0.013612009126515522	0.03136788397476695	True	6cab99485ac9662eb1e209b2eda80b72ca76e171ad2b15266da8000728897993	research/results/EXP-20261004-0001.json	2026-10-03T22:13:27Z
EXP-20261004-0001	HYP-0012	symbolic_last_write_graph_v2	quick	complete	1.0	162.34	2.9	29440.0	8.023379887335076e-05	0.3355646038772927	True	6cab99485ac9662eb1e209b2eda80b72ca76e171ad2b15266da8000728897993	research/results/EXP-20261004-0001.json	2026-10-03T22:13:27Z
EXP-20261004-0002	HYP-0012	muc03_hard_192_s0	quick	complete	0.3365740740740741	19838741026.30602	6603.8	43292436.0	6.408496109152174e-08	0.9999999967131667	True	9cefbd6f57c77642344d0da109824dc057240fd501ad909fb9bce386dd5d6829	research/results/EXP-20261004-0002.json	2026-10-04T00:03:04Z
EXP-20261004-0002	HYP-0012	muc03_hard_768_s0	quick	complete	0.6037037037037037	18862548975.912037	6596.5	43292436.0	-0.015202996327636395	0.9451152416971159	True	9cefbd6f57c77642344d0da109824dc057240fd501ad909fb9bce386dd5d6829	research/results/EXP-20261004-0002.json	2026-10-04T00:03:04Z
EXP-20261004-0002	HYP-0012	muc03_hard_192_s1	quick	complete	0.5805555555555556	19744270830.90648	6686.9	43292412.0	6.403577439996448e-08	0.9947209007853877	True	9cefbd6f57c77642344d0da109824dc057240fd501ad909fb9bce386dd5d6829	research/results/EXP-20261004-0002.json	2026-10-04T00:03:04Z
EXP-20261004-0002	HYP-0012	muc03_hard_768_s1	quick	complete	0.7810185185185186	19449051485.934258	6683.6	43292412.0	0.014102728277789115	0.9804514638278987	True	9cefbd6f57c77642344d0da109824dc057240fd501ad909fb9bce386dd5d6829	research/results/EXP-20261004-0002.json	2026-10-04T00:03:04Z
EXP-20261004-0002	HYP-0012	muc03_hard_192_s2	quick	complete	0.5111111111111111	15993016865.26528	6489.4	43292434.0	0.024512153568672784	0.7582877625069033	True	9cefbd6f57c77642344d0da109824dc057240fd501ad909fb9bce386dd5d6829	research/results/EXP-20261004-0002.json	2026-10-04T00:03:04Z
EXP-20261004-0002	HYP-0012	muc03_hard_768_s2	quick	complete	0.8444444444444444	19409688882.546295	6686.3	43292434.0	-0.00415697397030561	0.9770981514918455	True	9cefbd6f57c77642344d0da109824dc057240fd501ad909fb9bce386dd5d6829	research/results/EXP-20261004-0002.json	2026-10-04T00:03:04Z
EXP-20261004-0002	HYP-0012	muc03_hard_192_s3	quick	complete	0.29212962962962963	19838741022.459724	6678.9	43292398.0	6.430123082164728e-08	0.9999999964713386	True	9cefbd6f57c77642344d0da109824dc057240fd501ad909fb9bce386dd5d6829	research/results/EXP-20261004-0002.json	2026-10-04T00:03:04Z
EXP-20261004-0002	HYP-0012	muc03_hard_768_s3	quick	complete	0.7138888888888889	18567329646.53148	6618.8	43292398.0	-0.012287935461351717	0.931748996687471	True	9cefbd6f57c77642344d0da109824dc057240fd501ad909fb9bce386dd5d6829	research/results/EXP-20261004-0002.json	2026-10-04T00:03:04Z
EXP-20261004-0002	HYP-0012	muc03_hard_192_s4	quick	complete	0.30000000000000004	15599391013.146297	6461.4	43292420.0	0.0016880876548662326	0.7300800315981497	True	9cefbd6f57c77642344d0da109824dc057240fd501ad909fb9bce386dd5d6829	research/results/EXP-20261004-0002.json	2026-10-04T00:03:04Z
EXP-20261004-0002	HYP-0012	muc03_hard_768_s4	quick	complete	0.9731481481481481	18402006806.54537	6610.6	43292420.0	-0.0002312113720423853	0.9278841335444886	True	9cefbd6f57c77642344d0da109824dc057240fd501ad909fb9bce386dd5d6829	research/results/EXP-20261004-0002.json	2026-10-04T00:03:04Z
EXP-20261004-0002	HYP-0012	symbolic_last_write_graph_v2	quick	complete	1.0	162.3461111111111	2.9	29440.0	8.393905185690292e-05	0.3359811970136436	True	9cefbd6f57c77642344d0da109824dc057240fd501ad909fb9bce386dd5d6829	research/results/EXP-20261004-0002.json	2026-10-04T00:03:04Z
EXP-20261004-0003	HYP-0012	muc03_hard_768_s0	quick	complete	0.9370370370370371	18083169878.899536	6601.5	43292372.0	-0.011988241602511756	0.9073891282453647	True	2c0838c456ee57c12980444365d8eea3ec468447b5d4975484b82200c6f2dbf4	research/results/EXP-20261004-0003.json	2026-10-04T01:43:46Z
EXP-20261004-0003	HYP-0012	muc03_hard_8192_s0	quick	complete	0.9370370370370371	18799568862.863426	6599.9	43292372.0	-0.004999904207178238	0.9480820904347896	True	2c0838c456ee57c12980444365d8eea3ec468447b5d4975484b82200c6f2dbf4	research/results/EXP-20261004-0003.json	2026-10-04T01:43:46Z
EXP-20261004-0003	HYP-0012	muc03_hard_768_s1	quick	complete	0.7708333333333334	19563202935.39861	6647.7	43292424.0	-0.012005314489536373	0.9858356346044245	True	2c0838c456ee57c12980444365d8eea3ec468447b5d4975484b82200c6f2dbf4	research/results/EXP-20261004-0003.json	2026-10-04T01:43:46Z
EXP-20261004-0003	HYP-0012	muc03_hard_8192_s1	quick	complete	0.9324074074074075	18287855318.302315	6603.8	43292424.0	-0.004653855463141121	0.9212100914864123	True	2c0838c456ee57c12980444365d8eea3ec468447b5d4975484b82200c6f2dbf4	research/results/EXP-20261004-0003.json	2026-10-04T01:43:46Z
EXP-20261004-0003	HYP-0012	muc03_hard_768_s2	quick	complete	0.8648148148148148	19205003455.649075	6829.7	43292428.0	-0.0070808751630517044	0.9651058306462903	True	2c0838c456ee57c12980444365d8eea3ec468447b5d4975484b82200c6f2dbf4	research/results/EXP-20261004-0003.json	2026-10-04T01:43:46Z
EXP-20261004-0003	HYP-0012	muc03_hard_8192_s2	quick	complete	0.9777777777777779	18370516743.420834	6696.0	43292428.0	-0.000925928144167997	0.9267760716502842	True	2c0838c456ee57c12980444365d8eea3ec468447b5d4975484b82200c6f2dbf4	research/results/EXP-20261004-0003.json	2026-10-04T01:43:46Z
EXP-20261004-0003	HYP-0012	muc03_hard_768_s3	quick	complete	0.9601851851851853	18390198032.449074	6606.0	43292420.0	-0.001157797956689623	0.9278841330826776	True	2c0838c456ee57c12980444365d8eea3ec468447b5d4975484b82200c6f2dbf4	research/results/EXP-20261004-0003.json	2026-10-04T01:43:46Z
EXP-20261004-0003	HYP-0012	muc03_hard_8192_s3	quick	complete	0.9805555555555555	18354771710.282406	6783.7	43292420.0	-0.0011577979607554115	0.9259439081038585	True	2c0838c456ee57c12980444365d8eea3ec468447b5d4975484b82200c6f2dbf4	research/results/EXP-20261004-0003.json	2026-10-04T01:43:46Z
EXP-20261004-0003	HYP-0012	muc03_hard_768_s4	quick	complete	0.9550925925925926	18484668223.165276	6615.9	43292410.0	-0.005312549635257718	0.9322994331952164	True	2c0838c456ee57c12980444365d8eea3ec468447b5d4975484b82200c6f2dbf4	research/results/EXP-20261004-0003.json	2026-10-04T01:43:46Z
EXP-20261004-0003	HYP-0012	muc03_hard_8192_s4	quick	complete	0.9759259259259259	18362644226.125	6589.5	43292410.0	-0.0030181439176255424	0.9253885976741313	True	2c0838c456ee57c12980444365d8eea3ec468447b5d4975484b82200c6f2dbf4	research/results/EXP-20261004-0003.json	2026-10-04T01:43:46Z
EXP-20261004-0003	HYP-0012	symbolic_last_write_graph_v2	quick	complete	1.0	162.32537037037036	3.7	29440.0	0.0001209631212097166	0.33537345295733567	True	2c0838c456ee57c12980444365d8eea3ec468447b5d4975484b82200c6f2dbf4	research/results/EXP-20261004-0003.json	2026-10-04T01:43:46Z
EXP-20261004-0004	HYP-0012	pvm01_dense_s0	quick	crash							True	38dee71b14eac4f135e6aa232fe715f19030680043db9e54a669b6dc6091ae32	research/results/EXP-20261004-0004.json	2026-10-04T15:58:19Z
EXP-20261004-0004	HYP-0012	pvm01_dense_s1	quick	stopped							True	38dee71b14eac4f135e6aa232fe715f19030680043db9e54a669b6dc6091ae32	research/results/EXP-20261004-0004.json	2026-10-04T15:58:19Z
EXP-20261004-0004	HYP-0012	pvm01_dense_s2	quick	stopped							True	38dee71b14eac4f135e6aa232fe715f19030680043db9e54a669b6dc6091ae32	research/results/EXP-20261004-0004.json	2026-10-04T15:58:19Z
EXP-20261004-0004	HYP-0012	pvm01_dense_s3	quick	stopped							True	38dee71b14eac4f135e6aa232fe715f19030680043db9e54a669b6dc6091ae32	research/results/EXP-20261004-0004.json	2026-10-04T15:58:19Z
EXP-20261004-0004	HYP-0012	pvm01_dense_s4	quick	stopped							True	38dee71b14eac4f135e6aa232fe715f19030680043db9e54a669b6dc6091ae32	research/results/EXP-20261004-0004.json	2026-10-04T15:58:19Z
EXP-20261004-0004	HYP-0012	pvm01_pointer_s0	quick	stopped							True	38dee71b14eac4f135e6aa232fe715f19030680043db9e54a669b6dc6091ae32	research/results/EXP-20261004-0004.json	2026-10-04T15:58:19Z
EXP-20261004-0004	HYP-0012	pvm01_pointer_s1	quick	stopped							True	38dee71b14eac4f135e6aa232fe715f19030680043db9e54a669b6dc6091ae32	research/results/EXP-20261004-0004.json	2026-10-04T15:58:19Z
EXP-20261004-0004	HYP-0012	pvm01_pointer_s2	quick	stopped							True	38dee71b14eac4f135e6aa232fe715f19030680043db9e54a669b6dc6091ae32	research/results/EXP-20261004-0004.json	2026-10-04T15:58:19Z
EXP-20261004-0004	HYP-0012	pvm01_pointer_s3	quick	stopped							True	38dee71b14eac4f135e6aa232fe715f19030680043db9e54a669b6dc6091ae32	research/results/EXP-20261004-0004.json	2026-10-04T15:58:19Z
EXP-20261004-0004	HYP-0012	pvm01_pointer_s4	quick	stopped							True	38dee71b14eac4f135e6aa232fe715f19030680043db9e54a669b6dc6091ae32	research/results/EXP-20261004-0004.json	2026-10-04T15:58:19Z
EXP-20261004-0004	HYP-0012	pvm01_untrained_s0	quick	stopped							True	38dee71b14eac4f135e6aa232fe715f19030680043db9e54a669b6dc6091ae32	research/results/EXP-20261004-0004.json	2026-10-04T15:58:19Z
EXP-20261004-0004	HYP-0012	pvm01_untrained_s1	quick	stopped							True	38dee71b14eac4f135e6aa232fe715f19030680043db9e54a669b6dc6091ae32	research/results/EXP-20261004-0004.json	2026-10-04T15:58:19Z
EXP-20261004-0004	HYP-0012	pvm01_untrained_s2	quick	stopped							True	38dee71b14eac4f135e6aa232fe715f19030680043db9e54a669b6dc6091ae32	research/results/EXP-20261004-0004.json	2026-10-04T15:58:19Z
EXP-20261004-0004	HYP-0012	pvm01_untrained_s3	quick	stopped							True	38dee71b14eac4f135e6aa232fe715f19030680043db9e54a669b6dc6091ae32	research/results/EXP-20261004-0004.json	2026-10-04T15:58:19Z
EXP-20261004-0004	HYP-0012	pvm01_untrained_s4	quick	stopped							True	38dee71b14eac4f135e6aa232fe715f19030680043db9e54a669b6dc6091ae32	research/results/EXP-20261004-0004.json	2026-10-04T15:58:19Z
EXP-20261004-0004	HYP-0012	pvm01_shuffled_s0	quick	stopped							True	38dee71b14eac4f135e6aa232fe715f19030680043db9e54a669b6dc6091ae32	research/results/EXP-20261004-0004.json	2026-10-04T15:58:19Z
EXP-20261004-0004	HYP-0012	pvm01_shuffled_s1	quick	stopped							True	38dee71b14eac4f135e6aa232fe715f19030680043db9e54a669b6dc6091ae32	research/results/EXP-20261004-0004.json	2026-10-04T15:58:19Z
EXP-20261004-0004	HYP-0012	pvm01_shuffled_s2	quick	stopped							True	38dee71b14eac4f135e6aa232fe715f19030680043db9e54a669b6dc6091ae32	research/results/EXP-20261004-0004.json	2026-10-04T15:58:19Z
EXP-20261004-0004	HYP-0012	pvm01_shuffled_s3	quick	stopped							True	38dee71b14eac4f135e6aa232fe715f19030680043db9e54a669b6dc6091ae32	research/results/EXP-20261004-0004.json	2026-10-04T15:58:19Z
EXP-20261004-0004	HYP-0012	pvm01_shuffled_s4	quick	stopped							True	38dee71b14eac4f135e6aa232fe715f19030680043db9e54a669b6dc6091ae32	research/results/EXP-20261004-0004.json	2026-10-04T15:58:19Z
EXP-20261004-0004	HYP-0012	pvm01_exact_nn_s0	quick	stopped							True	38dee71b14eac4f135e6aa232fe715f19030680043db9e54a669b6dc6091ae32	research/results/EXP-20261004-0004.json	2026-10-04T15:58:19Z
EXP-20261004-0004	HYP-0012	pvm01_exact_nn_s1	quick	stopped							True	38dee71b14eac4f135e6aa232fe715f19030680043db9e54a669b6dc6091ae32	research/results/EXP-20261004-0004.json	2026-10-04T15:58:19Z
EXP-20261004-0004	HYP-0012	pvm01_exact_nn_s2	quick	stopped							True	38dee71b14eac4f135e6aa232fe715f19030680043db9e54a669b6dc6091ae32	research/results/EXP-20261004-0004.json	2026-10-04T15:58:19Z
EXP-20261004-0004	HYP-0012	pvm01_exact_nn_s3	quick	stopped							True	38dee71b14eac4f135e6aa232fe715f19030680043db9e54a669b6dc6091ae32	research/results/EXP-20261004-0004.json	2026-10-04T15:58:19Z
EXP-20261004-0004	HYP-0012	pvm01_exact_nn_s4	quick	stopped							True	38dee71b14eac4f135e6aa232fe715f19030680043db9e54a669b6dc6091ae32	research/results/EXP-20261004-0004.json	2026-10-04T15:58:19Z
EXP-20261004-0004	HYP-0012	pvm01_ridge_s0	quick	stopped							True	38dee71b14eac4f135e6aa232fe715f19030680043db9e54a669b6dc6091ae32	research/results/EXP-20261004-0004.json	2026-10-04T15:58:19Z
EXP-20261004-0004	HYP-0012	pvm01_ridge_s1	quick	stopped							True	38dee71b14eac4f135e6aa232fe715f19030680043db9e54a669b6dc6091ae32	research/results/EXP-20261004-0004.json	2026-10-04T15:58:19Z
EXP-20261004-0004	HYP-0012	pvm01_ridge_s2	quick	stopped							True	38dee71b14eac4f135e6aa232fe715f19030680043db9e54a669b6dc6091ae32	research/results/EXP-20261004-0004.json	2026-10-04T15:58:19Z
EXP-20261004-0004	HYP-0012	pvm01_ridge_s3	quick	stopped							True	38dee71b14eac4f135e6aa232fe715f19030680043db9e54a669b6dc6091ae32	research/results/EXP-20261004-0004.json	2026-10-04T15:58:19Z
EXP-20261004-0004	HYP-0012	pvm01_ridge_s4	quick	stopped							True	38dee71b14eac4f135e6aa232fe715f19030680043db9e54a669b6dc6091ae32	research/results/EXP-20261004-0004.json	2026-10-04T15:58:19Z
EXP-20261004-0004	HYP-0012	pvm01_kernel_s0	quick	stopped							True	38dee71b14eac4f135e6aa232fe715f19030680043db9e54a669b6dc6091ae32	research/results/EXP-20261004-0004.json	2026-10-04T15:58:19Z
EXP-20261004-0004	HYP-0012	pvm01_kernel_s1	quick	stopped							True	38dee71b14eac4f135e6aa232fe715f19030680043db9e54a669b6dc6091ae32	research/results/EXP-20261004-0004.json	2026-10-04T15:58:19Z
EXP-20261004-0004	HYP-0012	pvm01_kernel_s2	quick	stopped							True	38dee71b14eac4f135e6aa232fe715f19030680043db9e54a669b6dc6091ae32	research/results/EXP-20261004-0004.json	2026-10-04T15:58:19Z
EXP-20261004-0004	HYP-0012	pvm01_kernel_s3	quick	stopped							True	38dee71b14eac4f135e6aa232fe715f19030680043db9e54a669b6dc6091ae32	research/results/EXP-20261004-0004.json	2026-10-04T15:58:19Z
EXP-20261004-0004	HYP-0012	pvm01_kernel_s4	quick	stopped							True	38dee71b14eac4f135e6aa232fe715f19030680043db9e54a669b6dc6091ae32	research/results/EXP-20261004-0004.json	2026-10-04T15:58:19Z
EXP-20261004-0004	HYP-0012	pvm01_raw_s0	quick	stopped							True	38dee71b14eac4f135e6aa232fe715f19030680043db9e54a669b6dc6091ae32	research/results/EXP-20261004-0004.json	2026-10-04T15:58:19Z
EXP-20261004-0004	HYP-0012	pvm01_raw_s1	quick	stopped							True	38dee71b14eac4f135e6aa232fe715f19030680043db9e54a669b6dc6091ae32	research/results/EXP-20261004-0004.json	2026-10-04T15:58:19Z
EXP-20261004-0004	HYP-0012	pvm01_raw_s2	quick	stopped							True	38dee71b14eac4f135e6aa232fe715f19030680043db9e54a669b6dc6091ae32	research/results/EXP-20261004-0004.json	2026-10-04T15:58:19Z
EXP-20261004-0004	HYP-0012	pvm01_raw_s3	quick	stopped							True	38dee71b14eac4f135e6aa232fe715f19030680043db9e54a669b6dc6091ae32	research/results/EXP-20261004-0004.json	2026-10-04T15:58:19Z
EXP-20261004-0004	HYP-0012	pvm01_raw_s4	quick	stopped							True	38dee71b14eac4f135e6aa232fe715f19030680043db9e54a669b6dc6091ae32	research/results/EXP-20261004-0004.json	2026-10-04T15:58:19Z
EXP-20261004-0005	HYP-0012	pvm01_dense_s0	quick	complete	0.9996527777777777	894208.0	1427.1999971242622	764416.0	0.21630257340448936	0.0	True	fd6fb7981b307b90176ad063acd652a6d205e8c40414855a6b845ce489426952	research/results/EXP-20261004-0005.json	2026-10-04T17:26:20Z
EXP-20261004-0005	HYP-0012	pvm01_dense_s1	quick	complete	1.0	894208.0	1412.5000016065314	764416.0	0.21630257340448936	0.0	True	fd6fb7981b307b90176ad063acd652a6d205e8c40414855a6b845ce489426952	research/results/EXP-20261004-0005.json	2026-10-04T17:26:20Z
EXP-20261004-0005	HYP-0012	pvm01_dense_s2	quick	complete	1.0	894208.0	3540.7999966992065	764416.0	0.21630257340448936	0.0	True	fd6fb7981b307b90176ad063acd652a6d205e8c40414855a6b845ce489426952	research/results/EXP-20261004-0005.json	2026-10-04T17:26:20Z
EXP-20261004-0005	HYP-0012	pvm01_dense_s3	quick	complete	0.9996527777777777	894208.0	1379.100009216927	764416.0	0.21630257340448936	0.0	True	fd6fb7981b307b90176ad063acd652a6d205e8c40414855a6b845ce489426952	research/results/EXP-20261004-0005.json	2026-10-04T17:26:20Z
EXP-20261004-0005	HYP-0012	pvm01_dense_s4	quick	complete	1.0	894208.0	1387.8000027034432	764416.0	0.21630257340448936	0.0	True	fd6fb7981b307b90176ad063acd652a6d205e8c40414855a6b845ce489426952	research/results/EXP-20261004-0005.json	2026-10-04T17:26:20Z
EXP-20261004-0005	HYP-0012	pvm01_pointer_s0	quick	complete	0.9993055555555556	70144.0	369.3000035127625	230400.0	0.3079064252786213	0.0	True	fd6fb7981b307b90176ad063acd652a6d205e8c40414855a6b845ce489426952	research/results/EXP-20261004-0005.json	2026-10-04T17:26:20Z
EXP-20261004-0005	HYP-0012	pvm01_pointer_s1	quick	complete	1.0	70144.0	361.30000080447644	230400.0	0.3079064252786213	0.0	True	fd6fb7981b307b90176ad063acd652a6d205e8c40414855a6b845ce489426952	research/results/EXP-20261004-0005.json	2026-10-04T17:26:20Z
EXP-20261004-0005	HYP-0012	pvm01_pointer_s2	quick	complete	1.0	70144.0	380.8000037679449	230400.0	0.3079064252786213	0.0	True	fd6fb7981b307b90176ad063acd652a6d205e8c40414855a6b845ce489426952	research/results/EXP-20261004-0005.json	2026-10-04T17:26:20Z
EXP-20261004-0005	HYP-0012	pvm01_pointer_s3	quick	complete	0.9996527777777777	70144.0	342.70000469405204	230400.0	0.3079064252786213	0.0	True	fd6fb7981b307b90176ad063acd652a6d205e8c40414855a6b845ce489426952	research/results/EXP-20261004-0005.json	2026-10-04T17:26:20Z
EXP-20261004-0005	HYP-0012	pvm01_pointer_s4	quick	complete	0.9996527777777777	70144.0	443.29999946057796	230400.0	0.3079064252786213	0.0	True	fd6fb7981b307b90176ad063acd652a6d205e8c40414855a6b845ce489426952	research/results/EXP-20261004-0005.json	2026-10-04T17:26:20Z
EXP-20261004-0005	HYP-0012	pvm01_untrained_s0	quick	complete	0.25	70144.0	419.39999209716916	230400.0	0.3079064252786213	0.0	True	fd6fb7981b307b90176ad063acd652a6d205e8c40414855a6b845ce489426952	research/results/EXP-20261004-0005.json	2026-10-04T17:26:20Z
EXP-20261004-0005	HYP-0012	pvm01_untrained_s1	quick	complete	0.25	70144.0	421.4000073261559	230400.0	0.3079064252786213	0.0	True	fd6fb7981b307b90176ad063acd652a6d205e8c40414855a6b845ce489426952	research/results/EXP-20261004-0005.json	2026-10-04T17:26:20Z
EXP-20261004-0005	HYP-0012	pvm01_untrained_s2	quick	complete	0.2496527777777778	70144.0	414.699999964796	230400.0	0.3079064252786213	0.0	True	fd6fb7981b307b90176ad063acd652a6d205e8c40414855a6b845ce489426952	research/results/EXP-20261004-0005.json	2026-10-04T17:26:20Z
EXP-20261004-0005	HYP-0012	pvm01_untrained_s3	quick	complete	0.2496527777777778	70144.0	363.69998997543007	230400.0	0.3079064252786213	0.0	True	fd6fb7981b307b90176ad063acd652a6d205e8c40414855a6b845ce489426952	research/results/EXP-20261004-0005.json	2026-10-04T17:26:20Z
EXP-20261004-0005	HYP-0012	pvm01_untrained_s4	quick	complete	0.25	70144.0	402.3999936180189	230400.0	0.3079064252786213	0.0	True	fd6fb7981b307b90176ad063acd652a6d205e8c40414855a6b845ce489426952	research/results/EXP-20261004-0005.json	2026-10-04T17:26:20Z
EXP-20261004-0005	HYP-0012	pvm01_shuffled_s0	quick	complete	0.25	70144.0	441.3999995449558	230400.0	0.3079064252786213	0.0	True	fd6fb7981b307b90176ad063acd652a6d205e8c40414855a6b845ce489426952	research/results/EXP-20261004-0005.json	2026-10-04T17:26:20Z
EXP-20261004-0005	HYP-0012	pvm01_shuffled_s1	quick	complete	0.24930555555555556	70144.0	487.8000036114827	230400.0	0.3079064252786213	0.0	True	fd6fb7981b307b90176ad063acd652a6d205e8c40414855a6b845ce489426952	research/results/EXP-20261004-0005.json	2026-10-04T17:26:20Z
EXP-20261004-0005	HYP-0012	pvm01_shuffled_s2	quick	complete	0.2496527777777778	70144.0	441.1999980220571	230400.0	0.3079064252786213	0.0	True	fd6fb7981b307b90176ad063acd652a6d205e8c40414855a6b845ce489426952	research/results/EXP-20261004-0005.json	2026-10-04T17:26:20Z
EXP-20261004-0005	HYP-0012	pvm01_shuffled_s3	quick	complete	0.24687499999999998	70144.0	403.50000199396163	230400.0	0.3079064252786213	0.0	True	fd6fb7981b307b90176ad063acd652a6d205e8c40414855a6b845ce489426952	research/results/EXP-20261004-0005.json	2026-10-04T17:26:20Z
EXP-20261004-0005	HYP-0012	pvm01_shuffled_s4	quick	complete	0.25069444444444444	70144.0	483.19999768864363	230400.0	0.3079064252786213	0.0	True	fd6fb7981b307b90176ad063acd652a6d205e8c40414855a6b845ce489426952	research/results/EXP-20261004-0005.json	2026-10-04T17:26:20Z
EXP-20261004-0005	HYP-0012	pvm01_exact_nn_s0	quick	complete	0.9993055555555556	70144.0	281.69999131932855	230400.0	0.3079064252786213	0.0	True	fd6fb7981b307b90176ad063acd652a6d205e8c40414855a6b845ce489426952	research/results/EXP-20261004-0005.json	2026-10-04T17:26:20Z
EXP-20261004-0005	HYP-0012	pvm01_exact_nn_s1	quick	complete	1.0	70144.0	349.9999875202775	230400.0	0.3079064252786213	0.0	True	fd6fb7981b307b90176ad063acd652a6d205e8c40414855a6b845ce489426952	research/results/EXP-20261004-0005.json	2026-10-04T17:26:20Z
EXP-20261004-0005	HYP-0012	pvm01_exact_nn_s2	quick	complete	1.0	70144.0	273.0999985942617	230400.0	0.3079064252786213	0.0	True	fd6fb7981b307b90176ad063acd652a6d205e8c40414855a6b845ce489426952	research/results/EXP-20261004-0005.json	2026-10-04T17:26:20Z
EXP-20261004-0005	HYP-0012	pvm01_exact_nn_s3	quick	complete	0.9996527777777777	70144.0	399.5000006398186	230400.0	0.3079064252786213	0.0	True	fd6fb7981b307b90176ad063acd652a6d205e8c40414855a6b845ce489426952	research/results/EXP-20261004-0005.json	2026-10-04T17:26:20Z
EXP-20261004-0005	HYP-0012	pvm01_exact_nn_s4	quick	complete	0.9996527777777777	70144.0	230.40000814944506	230400.0	0.3079064252786213	0.0	True	fd6fb7981b307b90176ad063acd652a6d205e8c40414855a6b845ce489426952	research/results/EXP-20261004-0005.json	2026-10-04T17:26:20Z
EXP-20261004-0005	HYP-0012	pvm01_ridge_s0	quick	complete	0.9993055555555556	36864.0	10.799994925037026	311808.0	0.6462406251802889	0.0	True	fd6fb7981b307b90176ad063acd652a6d205e8c40414855a6b845ce489426952	research/results/EXP-20261004-0005.json	2026-10-04T17:26:20Z
EXP-20261004-0005	HYP-0012	pvm01_ridge_s1	quick	complete	1.0	36864.0	10.9999964479357	311808.0	0.6462406251802889	0.0	True	fd6fb7981b307b90176ad063acd652a6d205e8c40414855a6b845ce489426952	research/results/EXP-20261004-0005.json	2026-10-04T17:26:20Z
EXP-20261004-0005	HYP-0012	pvm01_ridge_s2	quick	complete	1.0	36864.0	10.000003385357559	311808.0	0.6462406251802889	0.0	True	fd6fb7981b307b90176ad063acd652a6d205e8c40414855a6b845ce489426952	research/results/EXP-20261004-0005.json	2026-10-04T17:26:20Z
EXP-20261004-0005	HYP-0012	pvm01_ridge_s3	quick	complete	0.9996527777777777	36864.0	10.30000566970557	311808.0	0.6462406251802889	0.0	True	fd6fb7981b307b90176ad063acd652a6d205e8c40414855a6b845ce489426952	research/results/EXP-20261004-0005.json	2026-10-04T17:26:20Z
EXP-20261004-0005	HYP-0012	pvm01_ridge_s4	quick	complete	0.9996527777777777	36864.0	10.900010238401592	311808.0	0.6462406251802889	0.0	True	fd6fb7981b307b90176ad063acd652a6d205e8c40414855a6b845ce489426952	research/results/EXP-20261004-0005.json	2026-10-04T17:26:20Z
EXP-20261004-0005	HYP-0012	pvm01_kernel_s0	quick	complete	0.9989583333333333	159744.0	36.49998689070344	803328.0	0.13514209534067576	0.0	True	fd6fb7981b307b90176ad063acd652a6d205e8c40414855a6b845ce489426952	research/results/EXP-20261004-0005.json	2026-10-04T17:26:20Z
EXP-20261004-0005	HYP-0012	pvm01_kernel_s1	quick	complete	0.9996527777777777	159744.0	37.4000082956627	803328.0	0.13514209534067576	0.0	True	fd6fb7981b307b90176ad063acd652a6d205e8c40414855a6b845ce489426952	research/results/EXP-20261004-0005.json	2026-10-04T17:26:20Z
EXP-20261004-0005	HYP-0012	pvm01_kernel_s2	quick	complete	1.0	159744.0	35.99999763537198	803328.0	0.13514209534067576	0.0	True	fd6fb7981b307b90176ad063acd652a6d205e8c40414855a6b845ce489426952	research/results/EXP-20261004-0005.json	2026-10-04T17:26:20Z
EXP-20261004-0005	HYP-0012	pvm01_kernel_s3	quick	complete	0.9996527777777777	159744.0	36.80000372696668	803328.0	0.13514209534067576	0.0	True	fd6fb7981b307b90176ad063acd652a6d205e8c40414855a6b845ce489426952	research/results/EXP-20261004-0005.json	2026-10-04T17:26:20Z
EXP-20261004-0005	HYP-0012	pvm01_kernel_s4	quick	complete	0.9996527777777777	159744.0	41.799998143687844	803328.0	0.13514209534067576	0.0	True	fd6fb7981b307b90176ad063acd652a6d205e8c40414855a6b845ce489426952	research/results/EXP-20261004-0005.json	2026-10-04T17:26:20Z
EXP-20261004-0005	HYP-0012	pvm01_raw_s0	quick	complete	0.2496527777777778	28736.0	8.899995009414852	278528.0	0.9947600953410888	0.0	True	fd6fb7981b307b90176ad063acd652a6d205e8c40414855a6b845ce489426952	research/results/EXP-20261004-0005.json	2026-10-04T17:26:20Z
EXP-20261004-0005	HYP-0012	pvm01_raw_s1	quick	complete	0.25	28736.0	8.999995770864189	278528.0	0.9947600953410888	0.0	True	fd6fb7981b307b90176ad063acd652a6d205e8c40414855a6b845ce489426952	research/results/EXP-20261004-0005.json	2026-10-04T17:26:20Z
EXP-20261004-0005	HYP-0012	pvm01_raw_s2	quick	complete	0.25	28736.0	8.000002708286047	278528.0	0.9947600953410888	0.0	True	fd6fb7981b307b90176ad063acd652a6d205e8c40414855a6b845ce489426952	research/results/EXP-20261004-0005.json	2026-10-04T17:26:20Z
EXP-20261004-0005	HYP-0012	pvm01_raw_s3	quick	complete	0.25	28736.0	9.499999578110874	278528.0	0.9947600953410888	0.0	True	fd6fb7981b307b90176ad063acd652a6d205e8c40414855a6b845ce489426952	research/results/EXP-20261004-0005.json	2026-10-04T17:26:20Z
EXP-20261004-0005	HYP-0012	pvm01_raw_s4	quick	complete	0.2486111111111111	28736.0	7.999988156370819	278528.0	0.9947600953410888	0.0	True	fd6fb7981b307b90176ad063acd652a6d205e8c40414855a6b845ce489426952	research/results/EXP-20261004-0005.json	2026-10-04T17:26:20Z
EXP-20261004-0006	HYP-0012	pvm01_dense_s0	quick	complete	1.0	337152.0	1438.2999943336472	764416.0	0.06472324445402389	0.0	True	8b8311ed576c06b164dd1d8db5254cf1ed4f8943695e634e401af1936e0302ef	research/results/EXP-20261004-0006.json	2026-10-04T18:49:12Z
EXP-20261004-0006	HYP-0012	pvm01_dense_s1	quick	complete	1.0	337152.0	1576.0999958729371	764416.0	0.06472324445402389	0.0	True	8b8311ed576c06b164dd1d8db5254cf1ed4f8943695e634e401af1936e0302ef	research/results/EXP-20261004-0006.json	2026-10-04T18:49:12Z
EXP-20261004-0006	HYP-0012	pvm01_dense_s2	quick	complete	1.0	337152.0	1785.1999873528257	764416.0	0.06472324445402389	0.0	True	8b8311ed576c06b164dd1d8db5254cf1ed4f8943695e634e401af1936e0302ef	research/results/EXP-20261004-0006.json	2026-10-04T18:49:12Z
EXP-20261004-0006	HYP-0012	pvm01_dense_s3	quick	complete	1.0	337152.0	1113.2999934488907	764416.0	0.06472324445402389	0.0	True	8b8311ed576c06b164dd1d8db5254cf1ed4f8943695e634e401af1936e0302ef	research/results/EXP-20261004-0006.json	2026-10-04T18:49:12Z
EXP-20261004-0006	HYP-0012	pvm01_dense_s4	quick	complete	1.0	337152.0	1488.099995185621	764416.0	0.06472324445402389	0.0	True	8b8311ed576c06b164dd1d8db5254cf1ed4f8943695e634e401af1936e0302ef	research/results/EXP-20261004-0006.json	2026-10-04T18:49:12Z
EXP-20261004-0006	HYP-0012	pvm01_pointer_s0	quick	complete	1.0	70144.0	330.1999968243763	230400.0	0.3079064252786213	0.0	True	8b8311ed576c06b164dd1d8db5254cf1ed4f8943695e634e401af1936e0302ef	research/results/EXP-20261004-0006.json	2026-10-04T18:49:12Z
EXP-20261004-0006	HYP-0012	pvm01_pointer_s1	quick	complete	1.0	70144.0	365.1000006357208	230400.0	0.3079064252786213	0.0	True	8b8311ed576c06b164dd1d8db5254cf1ed4f8943695e634e401af1936e0302ef	research/results/EXP-20261004-0006.json	2026-10-04T18:49:12Z
EXP-20261004-0006	HYP-0012	pvm01_pointer_s2	quick	complete	1.0	70144.0	366.69999826699495	230400.0	0.3079064252786213	0.0	True	8b8311ed576c06b164dd1d8db5254cf1ed4f8943695e634e401af1936e0302ef	research/results/EXP-20261004-0006.json	2026-10-04T18:49:12Z
EXP-20261004-0006	HYP-0012	pvm01_pointer_s3	quick	complete	1.0	70144.0	369.70000655855983	230400.0	0.3079064252786213	0.0	True	8b8311ed576c06b164dd1d8db5254cf1ed4f8943695e634e401af1936e0302ef	research/results/EXP-20261004-0006.json	2026-10-04T18:49:12Z
EXP-20261004-0006	HYP-0012	pvm01_pointer_s4	quick	complete	1.0	70144.0	362.69999691285193	230400.0	0.3079064252786213	0.0	True	8b8311ed576c06b164dd1d8db5254cf1ed4f8943695e634e401af1936e0302ef	research/results/EXP-20261004-0006.json	2026-10-04T18:49:12Z
EXP-20261004-0006	HYP-0012	pvm01_ridge_s0	quick	complete	1.0	36864.0	11.70000177808106	311808.0	0.6462406251802889	0.0	True	8b8311ed576c06b164dd1d8db5254cf1ed4f8943695e634e401af1936e0302ef	research/results/EXP-20261004-0006.json	2026-10-04T18:49:12Z
EXP-20261004-0006	HYP-0012	pvm01_ridge_s1	quick	complete	1.0	36864.0	10.9999964479357	311808.0	0.6462406251802889	0.0	True	8b8311ed576c06b164dd1d8db5254cf1ed4f8943695e634e401af1936e0302ef	research/results/EXP-20261004-0006.json	2026-10-04T18:49:12Z
EXP-20261004-0006	HYP-0012	pvm01_ridge_s2	quick	complete	1.0	36864.0	10.500007192604244	311808.0	0.6462406251802889	0.0	True	8b8311ed576c06b164dd1d8db5254cf1ed4f8943695e634e401af1936e0302ef	research/results/EXP-20261004-0006.json	2026-10-04T18:49:12Z
EXP-20261004-0006	HYP-0012	pvm01_ridge_s3	quick	complete	1.0	36864.0	11.299998732283711	311808.0	0.6462406251802889	0.0	True	8b8311ed576c06b164dd1d8db5254cf1ed4f8943695e634e401af1936e0302ef	research/results/EXP-20261004-0006.json	2026-10-04T18:49:12Z
EXP-20261004-0006	HYP-0012	pvm01_ridge_s4	quick	complete	1.0	36864.0	10.500007192604244	311808.0	0.6462406251802889	0.0	True	8b8311ed576c06b164dd1d8db5254cf1ed4f8943695e634e401af1936e0302ef	research/results/EXP-20261004-0006.json	2026-10-04T18:49:12Z
EXP-20261004-0006	HYP-0012	pvm01_kernel_s0	quick	complete	1.0	28672.0	37.999998312443495	803328.0	1.0000000000000002	0.0	True	8b8311ed576c06b164dd1d8db5254cf1ed4f8943695e634e401af1936e0302ef	research/results/EXP-20261004-0006.json	2026-10-04T18:49:12Z
EXP-20261004-0006	HYP-0012	pvm01_kernel_s1	quick	complete	1.0	28672.0	36.89998993650079	803328.0	1.0000000000000002	0.0	True	8b8311ed576c06b164dd1d8db5254cf1ed4f8943695e634e401af1936e0302ef	research/results/EXP-20261004-0006.json	2026-10-04T18:49:12Z
EXP-20261004-0006	HYP-0012	pvm01_kernel_s2	quick	complete	1.0	28672.0	36.299999919719994	803328.0	1.0000000000000002	0.0	True	8b8311ed576c06b164dd1d8db5254cf1ed4f8943695e634e401af1936e0302ef	research/results/EXP-20261004-0006.json	2026-10-04T18:49:12Z
EXP-20261004-0006	HYP-0012	pvm01_kernel_s3	quick	complete	1.0	28672.0	37.49999450519681	803328.0	1.0000000000000002	0.0	True	8b8311ed576c06b164dd1d8db5254cf1ed4f8943695e634e401af1936e0302ef	research/results/EXP-20261004-0006.json	2026-10-04T18:49:12Z
EXP-20261004-0006	HYP-0012	pvm01_kernel_s4	quick	complete	1.0	28672.0	36.699988413602114	803328.0	1.0000000000000002	0.0	True	8b8311ed576c06b164dd1d8db5254cf1ed4f8943695e634e401af1936e0302ef	research/results/EXP-20261004-0006.json	2026-10-04T18:49:12Z
EXP-20261004-0006	HYP-0012	pvm01_raw_s0	quick	complete	0.2496527777777778	28672.0	8.899995009414852	278528.0	1.0000000000000002	0.0	True	8b8311ed576c06b164dd1d8db5254cf1ed4f8943695e634e401af1936e0302ef	research/results/EXP-20261004-0006.json	2026-10-04T18:49:12Z
EXP-20261004-0006	HYP-0012	pvm01_raw_s1	quick	complete	0.25	28672.0	8.000002708286047	278528.0	1.0000000000000002	0.0	True	8b8311ed576c06b164dd1d8db5254cf1ed4f8943695e634e401af1936e0302ef	research/results/EXP-20261004-0006.json	2026-10-04T18:49:12Z
EXP-20261004-0006	HYP-0012	pvm01_raw_s2	quick	complete	0.24895833333333334	28672.0	9.099996532313526	278528.0	1.0000000000000002	0.0	True	8b8311ed576c06b164dd1d8db5254cf1ed4f8943695e634e401af1936e0302ef	research/results/EXP-20261004-0006.json	2026-10-04T18:49:12Z
EXP-20261004-0006	HYP-0012	pvm01_raw_s3	quick	complete	0.25	28672.0	8.100003469735384	278528.0	1.0000000000000002	0.0	True	8b8311ed576c06b164dd1d8db5254cf1ed4f8943695e634e401af1936e0302ef	research/results/EXP-20261004-0006.json	2026-10-04T18:49:12Z
EXP-20261004-0006	HYP-0012	pvm01_raw_s4	quick	complete	0.2496527777777778	28672.0	8.400005754083395	278528.0	1.0000000000000002	0.0	True	8b8311ed576c06b164dd1d8db5254cf1ed4f8943695e634e401af1936e0302ef	research/results/EXP-20261004-0006.json	2026-10-04T18:49:12Z
EXP-20261004-0006	HYP-0012	pvm01_delta_s0	quick	complete	0.9968750000000001	238080.0	69.500005338341	484352.0	0.0	0.0	True	8b8311ed576c06b164dd1d8db5254cf1ed4f8943695e634e401af1936e0302ef	research/results/EXP-20261004-0006.json	2026-10-04T18:49:12Z
EXP-20261004-0006	HYP-0012	pvm01_delta_s1	quick	complete	0.9996527777777777	238080.0	69.89999383222312	484352.0	0.0	0.0	True	8b8311ed576c06b164dd1d8db5254cf1ed4f8943695e634e401af1936e0302ef	research/results/EXP-20261004-0006.json	2026-10-04T18:49:12Z
EXP-20261004-0006	HYP-0012	pvm01_delta_s2	quick	complete	0.9968750000000001	238080.0	70.29999687802047	484352.0	0.0	0.0	True	8b8311ed576c06b164dd1d8db5254cf1ed4f8943695e634e401af1936e0302ef	research/results/EXP-20261004-0006.json	2026-10-04T18:49:12Z
EXP-20261004-0006	HYP-0012	pvm01_delta_s3	quick	complete	0.9982638888888888	238080.0	72.900002123788	484352.0	0.0	0.0	True	8b8311ed576c06b164dd1d8db5254cf1ed4f8943695e634e401af1936e0302ef	research/results/EXP-20261004-0006.json	2026-10-04T18:49:12Z
EXP-20261004-0006	HYP-0012	pvm01_delta_s4	quick	complete	0.9982638888888888	238080.0	71.2000037310645	484352.0	0.0	0.0	True	8b8311ed576c06b164dd1d8db5254cf1ed4f8943695e634e401af1936e0302ef	research/results/EXP-20261004-0006.json	2026-10-04T18:49:12Z
EXP-20261004-0006	HYP-0012	pvm01_additive_s0	quick	complete	0.84375	238080.0	71.40000525396317	484352.0	0.0	0.0	True	8b8311ed576c06b164dd1d8db5254cf1ed4f8943695e634e401af1936e0302ef	research/results/EXP-20261004-0006.json	2026-10-04T18:49:12Z
EXP-20261004-0006	HYP-0012	pvm01_additive_s1	quick	complete	0.840625	238080.0	70.90000144671649	484352.0	0.0	0.0	True	8b8311ed576c06b164dd1d8db5254cf1ed4f8943695e634e401af1936e0302ef	research/results/EXP-20261004-0006.json	2026-10-04T18:49:12Z
EXP-20261004-0006	HYP-0012	pvm01_additive_s2	quick	complete	0.8475694444444444	238080.0	71.10000296961516	484352.0	0.0	0.0	True	8b8311ed576c06b164dd1d8db5254cf1ed4f8943695e634e401af1936e0302ef	research/results/EXP-20261004-0006.json	2026-10-04T18:49:12Z
EXP-20261004-0006	HYP-0012	pvm01_additive_s3	quick	complete	0.8392361111111111	238080.0	70.69999992381781	484352.0	0.0	0.0	True	8b8311ed576c06b164dd1d8db5254cf1ed4f8943695e634e401af1936e0302ef	research/results/EXP-20261004-0006.json	2026-10-04T18:49:12Z
EXP-20261004-0006	HYP-0012	pvm01_additive_s4	quick	complete	0.8503472222222223	238080.0	69.10000229254365	484352.0	0.0	0.0	True	8b8311ed576c06b164dd1d8db5254cf1ed4f8943695e634e401af1936e0302ef	research/results/EXP-20261004-0006.json	2026-10-04T18:49:12Z
EXP-20261004-0006	HYP-0012	pvm01_delta_untrained_s0	quick	complete	0.2496527777777778	238080.0	70.09999535512179	484352.0	0.0	0.0	True	8b8311ed576c06b164dd1d8db5254cf1ed4f8943695e634e401af1936e0302ef	research/results/EXP-20261004-0006.json	2026-10-04T18:49:12Z
EXP-20261004-0006	HYP-0012	pvm01_delta_untrained_s1	quick	complete	0.2496527777777778	238080.0	69.80000762268901	484352.0	0.0	0.0	True	8b8311ed576c06b164dd1d8db5254cf1ed4f8943695e634e401af1936e0302ef	research/results/EXP-20261004-0006.json	2026-10-04T18:49:12Z
EXP-20261004-0006	HYP-0012	pvm01_delta_untrained_s2	quick	complete	0.25	238080.0	67.40000389982015	484352.0	0.0	0.0	True	8b8311ed576c06b164dd1d8db5254cf1ed4f8943695e634e401af1936e0302ef	research/results/EXP-20261004-0006.json	2026-10-04T18:49:12Z
EXP-20261004-0006	HYP-0012	pvm01_delta_untrained_s3	quick	complete	0.2496527777777778	238080.0	70.29999687802047	484352.0	0.0	0.0	True	8b8311ed576c06b164dd1d8db5254cf1ed4f8943695e634e401af1936e0302ef	research/results/EXP-20261004-0006.json	2026-10-04T18:49:12Z
EXP-20261004-0006	HYP-0012	pvm01_delta_untrained_s4	quick	complete	0.25	238080.0	72.29999755509198	484352.0	0.0	0.0	True	8b8311ed576c06b164dd1d8db5254cf1ed4f8943695e634e401af1936e0302ef	research/results/EXP-20261004-0006.json	2026-10-04T18:49:12Z
EXP-20261004-0006	HYP-0012	pvm01_delta_shuffled_s0	quick	complete	0.2496527777777778	238080.0	72.0999960321933	484352.0	0.0	0.0	True	8b8311ed576c06b164dd1d8db5254cf1ed4f8943695e634e401af1936e0302ef	research/results/EXP-20261004-0006.json	2026-10-04T18:49:12Z
EXP-20261004-0006	HYP-0012	pvm01_delta_shuffled_s1	quick	complete	0.2496527777777778	238080.0	71.00000220816582	484352.0	0.0	0.0	True	8b8311ed576c06b164dd1d8db5254cf1ed4f8943695e634e401af1936e0302ef	research/results/EXP-20261004-0006.json	2026-10-04T18:49:12Z
EXP-20261004-0006	HYP-0012	pvm01_delta_shuffled_s2	quick	complete	0.24930555555555556	238080.0	85.49999620299786	484352.0	0.0	0.0	True	8b8311ed576c06b164dd1d8db5254cf1ed4f8943695e634e401af1936e0302ef	research/results/EXP-20261004-0006.json	2026-10-04T18:49:12Z
EXP-20261004-0006	HYP-0012	pvm01_delta_shuffled_s3	quick	complete	0.25	238080.0	96.99999645818025	484352.0	0.0	0.0	True	8b8311ed576c06b164dd1d8db5254cf1ed4f8943695e634e401af1936e0302ef	research/results/EXP-20261004-0006.json	2026-10-04T18:49:12Z
EXP-20261004-0006	HYP-0012	pvm01_delta_shuffled_s4	quick	complete	0.25	238080.0	86.00000001024455	484352.0	0.0	0.0	True	8b8311ed576c06b164dd1d8db5254cf1ed4f8943695e634e401af1936e0302ef	research/results/EXP-20261004-0006.json	2026-10-04T18:49:12Z
EXP-20261004-0006	HYP-0012	pvm01_ridge32_s0	quick	complete	1.0	36864.0	11.500000255182385	164096.0	0.6462406251802889	0.0	True	8b8311ed576c06b164dd1d8db5254cf1ed4f8943695e634e401af1936e0302ef	research/results/EXP-20261004-0006.json	2026-10-04T18:49:12Z
EXP-20261004-0006	HYP-0012	pvm01_ridge32_s1	quick	complete	1.0	36864.0	9.60000033956021	164096.0	0.6462406251802889	0.0	True	8b8311ed576c06b164dd1d8db5254cf1ed4f8943695e634e401af1936e0302ef	research/results/EXP-20261004-0006.json	2026-10-04T18:49:12Z
EXP-20261004-0006	HYP-0012	pvm01_ridge32_s2	quick	complete	1.0	36864.0	11.199997970834374	164096.0	0.6462406251802889	0.0	True	8b8311ed576c06b164dd1d8db5254cf1ed4f8943695e634e401af1936e0302ef	research/results/EXP-20261004-0006.json	2026-10-04T18:49:12Z
EXP-20261004-0006	HYP-0012	pvm01_ridge32_s3	quick	complete	1.0	36864.0	9.2999980552122	164096.0	0.6462406251802889	0.0	True	8b8311ed576c06b164dd1d8db5254cf1ed4f8943695e634e401af1936e0302ef	research/results/EXP-20261004-0006.json	2026-10-04T18:49:12Z
EXP-20261004-0006	HYP-0012	pvm01_ridge32_s4	quick	complete	1.0	36864.0	11.199997970834374	164096.0	0.6462406251802889	0.0	True	8b8311ed576c06b164dd1d8db5254cf1ed4f8943695e634e401af1936e0302ef	research/results/EXP-20261004-0006.json	2026-10-04T18:49:12Z
EXP-20261004-0006	HYP-0012	pvm01_ridge_pca_scan_s0	quick	complete	1.0	36864.0	9.700001101009548	69888.0	0.6462406251802889	0.0	True	8b8311ed576c06b164dd1d8db5254cf1ed4f8943695e634e401af1936e0302ef	research/results/EXP-20261004-0006.json	2026-10-04T18:49:12Z
EXP-20261004-0006	HYP-0012	pvm01_ridge_pca_scan_s1	quick	complete	1.0	36864.0	11.800002539530396	69888.0	0.6462406251802889	0.0	True	8b8311ed576c06b164dd1d8db5254cf1ed4f8943695e634e401af1936e0302ef	research/results/EXP-20261004-0006.json	2026-10-04T18:49:12Z
EXP-20261004-0006	HYP-0012	pvm01_ridge_pca_scan_s2	quick	complete	1.0	36864.0	12.999997125007212	69888.0	0.6462406251802889	0.0	True	8b8311ed576c06b164dd1d8db5254cf1ed4f8943695e634e401af1936e0302ef	research/results/EXP-20261004-0006.json	2026-10-04T18:49:12Z
EXP-20261004-0006	HYP-0012	pvm01_ridge_pca_scan_s3	quick	complete	1.0	36864.0	12.099990271963179	69888.0	0.6462406251802889	0.0	True	8b8311ed576c06b164dd1d8db5254cf1ed4f8943695e634e401af1936e0302ef	research/results/EXP-20261004-0006.json	2026-10-04T18:49:12Z
EXP-20261004-0006	HYP-0012	pvm01_ridge_pca_scan_s4	quick	complete	1.0	36864.0	9.700001101009548	69888.0	0.6462406251802889	0.0	True	8b8311ed576c06b164dd1d8db5254cf1ed4f8943695e634e401af1936e0302ef	research/results/EXP-20261004-0006.json	2026-10-04T18:49:12Z
EXP-20261004-0006	HYP-0012	pvm01_ridge_pca_tree_s0	quick	complete	1.0	36864.0	18.89999839477241	143808.0	0.6462406251802889	0.0	True	8b8311ed576c06b164dd1d8db5254cf1ed4f8943695e634e401af1936e0302ef	research/results/EXP-20261004-0006.json	2026-10-04T18:49:12Z
EXP-20261004-0006	HYP-0012	pvm01_ridge_pca_tree_s1	quick	complete	1.0	36864.0	22.69999822601676	143808.0	0.6462406251802889	0.0	True	8b8311ed576c06b164dd1d8db5254cf1ed4f8943695e634e401af1936e0302ef	research/results/EXP-20261004-0006.json	2026-10-04T18:49:12Z
EXP-20261004-0006	HYP-0012	pvm01_ridge_pca_tree_s2	quick	complete	1.0	36864.0	19.500002963468432	143808.0	0.6462406251802889	0.0	True	8b8311ed576c06b164dd1d8db5254cf1ed4f8943695e634e401af1936e0302ef	research/results/EXP-20261004-0006.json	2026-10-04T18:49:12Z
EXP-20261004-0006	HYP-0012	pvm01_ridge_pca_tree_s3	quick	complete	1.0	36864.0	21.899992134422064	143808.0	0.6462406251802889	0.0	True	8b8311ed576c06b164dd1d8db5254cf1ed4f8943695e634e401af1936e0302ef	research/results/EXP-20261004-0006.json	2026-10-04T18:49:12Z
EXP-20261004-0006	HYP-0012	pvm01_ridge_pca_tree_s4	quick	complete	1.0	36864.0	21.799991372972727	143808.0	0.6462406251802889	0.0	True	8b8311ed576c06b164dd1d8db5254cf1ed4f8943695e634e401af1936e0302ef	research/results/EXP-20261004-0006.json	2026-10-04T18:49:12Z
EXP-20261004-0006	HYP-0012	pvm01_dense_cached_cpu_s0	quick	complete	1.0	337152.0	287.30000485666096	1288704.0	0.06472324445402389	0.0	True	8b8311ed576c06b164dd1d8db5254cf1ed4f8943695e634e401af1936e0302ef	research/results/EXP-20261004-0006.json	2026-10-04T18:49:12Z
EXP-20261004-0006	HYP-0012	pvm01_dense_cached_cpu_s1	quick	complete	1.0	337152.0	269.3999995244667	1288704.0	0.06472324445402389	0.0	True	8b8311ed576c06b164dd1d8db5254cf1ed4f8943695e634e401af1936e0302ef	research/results/EXP-20261004-0006.json	2026-10-04T18:49:12Z
EXP-20261004-0006	HYP-0012	pvm01_dense_cached_cpu_s2	quick	complete	1.0	337152.0	271.29999944008887	1288704.0	0.06472324445402389	0.0	True	8b8311ed576c06b164dd1d8db5254cf1ed4f8943695e634e401af1936e0302ef	research/results/EXP-20261004-0006.json	2026-10-04T18:49:12Z
EXP-20261004-0006	HYP-0012	pvm01_dense_cached_cpu_s3	quick	complete	1.0	337152.0	262.79999292455614	1288704.0	0.06472324445402389	0.0	True	8b8311ed576c06b164dd1d8db5254cf1ed4f8943695e634e401af1936e0302ef	research/results/EXP-20261004-0006.json	2026-10-04T18:49:12Z
EXP-20261004-0006	HYP-0012	pvm01_dense_cached_cpu_s4	quick	complete	1.0	337152.0	275.3000007942319	1288704.0	0.06472324445402389	0.0	True	8b8311ed576c06b164dd1d8db5254cf1ed4f8943695e634e401af1936e0302ef	research/results/EXP-20261004-0006.json	2026-10-04T18:49:12Z
EXP-20261004-0006	HYP-0012	pvm01_dense_cached_cuda_s0	quick	complete	1.0	337152.0	1005.4000013042241	1288704.0	0.06472324445402389	0.0	True	8b8311ed576c06b164dd1d8db5254cf1ed4f8943695e634e401af1936e0302ef	research/results/EXP-20261004-0006.json	2026-10-04T18:49:12Z
EXP-20261004-0006	HYP-0012	pvm01_dense_cached_cuda_s1	quick	complete	1.0	337152.0	1003.4000006271526	1288704.0	0.06472324445402389	0.0	True	8b8311ed576c06b164dd1d8db5254cf1ed4f8943695e634e401af1936e0302ef	research/results/EXP-20261004-0006.json	2026-10-04T18:49:12Z
EXP-20261004-0006	HYP-0012	pvm01_dense_cached_cuda_s2	quick	complete	1.0	337152.0	985.399994533509	1288704.0	0.06472324445402389	0.0	True	8b8311ed576c06b164dd1d8db5254cf1ed4f8943695e634e401af1936e0302ef	research/results/EXP-20261004-0006.json	2026-10-04T18:49:12Z
EXP-20261004-0006	HYP-0012	pvm01_dense_cached_cuda_s3	quick	complete	1.0	337152.0	1032.100000884384	1288704.0	0.06472324445402389	0.0	True	8b8311ed576c06b164dd1d8db5254cf1ed4f8943695e634e401af1936e0302ef	research/results/EXP-20261004-0006.json	2026-10-04T18:49:12Z
EXP-20261004-0006	HYP-0012	pvm01_dense_cached_cuda_s4	quick	complete	1.0	337152.0	1056.2999959802255	1288704.0	0.06472324445402389	0.0	True	8b8311ed576c06b164dd1d8db5254cf1ed4f8943695e634e401af1936e0302ef	research/results/EXP-20261004-0006.json	2026-10-04T18:49:12Z
EXP-20261004-0006	HYP-0012	pvm01_exact_nn_cpu_s0	quick	complete	1.0	70144.0	53.800002206116915	230400.0	0.3079064252786213	0.0	True	8b8311ed576c06b164dd1d8db5254cf1ed4f8943695e634e401af1936e0302ef	research/results/EXP-20261004-0006.json	2026-10-04T18:49:12Z
EXP-20261004-0006	HYP-0012	pvm01_exact_nn_cpu_s1	quick	complete	1.0	70144.0	52.89999535307288	230400.0	0.3079064252786213	0.0	True	8b8311ed576c06b164dd1d8db5254cf1ed4f8943695e634e401af1936e0302ef	research/results/EXP-20261004-0006.json	2026-10-04T18:49:12Z
EXP-20261004-0006	HYP-0012	pvm01_exact_nn_cpu_s2	quick	complete	1.0	70144.0	52.799994591623545	230400.0	0.3079064252786213	0.0	True	8b8311ed576c06b164dd1d8db5254cf1ed4f8943695e634e401af1936e0302ef	research/results/EXP-20261004-0006.json	2026-10-04T18:49:12Z
EXP-20261004-0006	HYP-0012	pvm01_exact_nn_cpu_s3	quick	complete	1.0	70144.0	56.199991377070546	230400.0	0.3079064252786213	0.0	True	8b8311ed576c06b164dd1d8db5254cf1ed4f8943695e634e401af1936e0302ef	research/results/EXP-20261004-0006.json	2026-10-04T18:49:12Z
EXP-20261004-0006	HYP-0012	pvm01_exact_nn_cpu_s4	quick	complete	1.0	70144.0	54.100004490464926	230400.0	0.3079064252786213	0.0	True	8b8311ed576c06b164dd1d8db5254cf1ed4f8943695e634e401af1936e0302ef	research/results/EXP-20261004-0006.json	2026-10-04T18:49:12Z
EXP-20261004-0007	HYP-0012	pvm01_compact_learned_s0	quick	complete	0.9156249999999999	123392.0	64.30000939872116	189440.0	2.0523882730687733e-31	6.389938694593902e-31	True	4947cf58db0932518d1840d4301ab9147148378bb173f235971e1f26ddef8f2b	research/results/EXP-20261004-0007.json	2026-10-04T20:14:27Z
EXP-20261004-0007	HYP-0012	pvm01_compact_learned_s1	quick	complete	0.90625	123392.0	62.49999569263309	189440.0	2.0523882730687733e-31	6.389938694593902e-31	True	4947cf58db0932518d1840d4301ab9147148378bb173f235971e1f26ddef8f2b	research/results/EXP-20261004-0007.json	2026-10-04T20:14:27Z
EXP-20261004-0007	HYP-0012	pvm01_compact_learned_s2	quick	complete	0.9034722222222222	123392.0	63.30000178422779	189440.0	2.0523882730687733e-31	6.389938694593902e-31	True	4947cf58db0932518d1840d4301ab9147148378bb173f235971e1f26ddef8f2b	research/results/EXP-20261004-0007.json	2026-10-04T20:14:27Z
EXP-20261004-0007	HYP-0012	pvm01_compact_learned_s3	quick	complete	0.9076388888888888	123392.0	61.700004152953625	189440.0	2.0523882730687733e-31	6.389938694593902e-31	True	4947cf58db0932518d1840d4301ab9147148378bb173f235971e1f26ddef8f2b	research/results/EXP-20261004-0007.json	2026-10-04T20:14:27Z
EXP-20261004-0007	HYP-0012	pvm01_compact_learned_s4	quick	complete	0.9059027777777777	123392.0	62.000006437301636	189440.0	2.0523882730687733e-31	6.389938694593902e-31	True	4947cf58db0932518d1840d4301ab9147148378bb173f235971e1f26ddef8f2b	research/results/EXP-20261004-0007.json	2026-10-04T20:14:27Z
EXP-20261004-0007	HYP-0012	pvm01_compact_frozen_s0	quick	complete	0.9152777777777779	123392.0	60.79999729990959	189440.0	2.0523882730687733e-31	6.389938694593902e-31	True	4947cf58db0932518d1840d4301ab9147148378bb173f235971e1f26ddef8f2b	research/results/EXP-20261004-0007.json	2026-10-04T20:14:27Z
EXP-20261004-0007	HYP-0012	pvm01_compact_frozen_s1	quick	complete	0.9065972222222223	123392.0	63.20000102277845	189440.0	2.0523882730687733e-31	6.389938694593902e-31	True	4947cf58db0932518d1840d4301ab9147148378bb173f235971e1f26ddef8f2b	research/results/EXP-20261004-0007.json	2026-10-04T20:14:27Z
EXP-20261004-0007	HYP-0012	pvm01_compact_frozen_s2	quick	complete	0.9072916666666667	123392.0	62.30000872164965	189440.0	2.0523882730687733e-31	6.389938694593902e-31	True	4947cf58db0932518d1840d4301ab9147148378bb173f235971e1f26ddef8f2b	research/results/EXP-20261004-0007.json	2026-10-04T20:14:27Z
EXP-20261004-0007	HYP-0012	pvm01_compact_frozen_s3	quick	complete	0.9048611111111112	123392.0	63.30000178422779	189440.0	2.0523882730687733e-31	6.389938694593902e-31	True	4947cf58db0932518d1840d4301ab9147148378bb173f235971e1f26ddef8f2b	research/results/EXP-20261004-0007.json	2026-10-04T20:14:27Z
EXP-20261004-0007	HYP-0012	pvm01_compact_frozen_s4	quick	complete	0.90625	123392.0	62.29999416973442	189440.0	2.0523882730687733e-31	6.389938694593902e-31	True	4947cf58db0932518d1840d4301ab9147148378bb173f235971e1f26ddef8f2b	research/results/EXP-20261004-0007.json	2026-10-04T20:14:27Z
EXP-20261004-0007	HYP-0012	pvm01_compact_shuffled_s0	quick	complete	0.9024305555555555	123392.0	62.000006437301636	189440.0	2.0523882730687733e-31	6.389938694593902e-31	True	4947cf58db0932518d1840d4301ab9147148378bb173f235971e1f26ddef8f2b	research/results/EXP-20261004-0007.json	2026-10-04T20:14:27Z
EXP-20261004-0007	HYP-0012	pvm01_compact_shuffled_s1	quick	complete	0.8958333333333334	123392.0	65.00000017695129	189440.0	2.0523882730687733e-31	6.389938694593902e-31	True	4947cf58db0932518d1840d4301ab9147148378bb173f235971e1f26ddef8f2b	research/results/EXP-20261004-0007.json	2026-10-04T20:14:27Z
EXP-20261004-0007	HYP-0012	pvm01_compact_shuffled_s2	quick	complete	0.9010416666666666	123392.0	64.4999963697046	189440.0	2.0523882730687733e-31	6.389938694593902e-31	True	4947cf58db0932518d1840d4301ab9147148378bb173f235971e1f26ddef8f2b	research/results/EXP-20261004-0007.json	2026-10-04T20:14:27Z
EXP-20261004-0007	HYP-0012	pvm01_compact_shuffled_s3	quick	complete	0.9065972222222223	123392.0	64.30000939872116	189440.0	2.0523882730687733e-31	6.389938694593902e-31	True	4947cf58db0932518d1840d4301ab9147148378bb173f235971e1f26ddef8f2b	research/results/EXP-20261004-0007.json	2026-10-04T20:14:27Z
EXP-20261004-0007	HYP-0012	pvm01_compact_shuffled_s4	quick	complete	0.9020833333333333	123392.0	63.100000261329114	189440.0	2.0523882730687733e-31	6.389938694593902e-31	True	4947cf58db0932518d1840d4301ab9147148378bb173f235971e1f26ddef8f2b	research/results/EXP-20261004-0007.json	2026-10-04T20:14:27Z
EXP-20261004-0007	HYP-0012	pvm01_compact_additive_s0	quick	complete	0.7871527777777778	123392.0	62.399994931183755	189440.0	2.0523882730687733e-31	6.389938694593902e-31	True	4947cf58db0932518d1840d4301ab9147148378bb173f235971e1f26ddef8f2b	research/results/EXP-20261004-0007.json	2026-10-04T20:14:27Z
EXP-20261004-0007	HYP-0012	pvm01_compact_additive_s1	quick	complete	0.7690972222222222	123392.0	65.59999019373208	189440.0	2.0523882730687733e-31	6.389938694593902e-31	True	4947cf58db0932518d1840d4301ab9147148378bb173f235971e1f26ddef8f2b	research/results/EXP-20261004-0007.json	2026-10-04T20:14:27Z
EXP-20261004-0007	HYP-0012	pvm01_compact_additive_s2	quick	complete	0.7815972222222222	123392.0	65.19998714793473	189440.0	2.0523882730687733e-31	6.389938694593902e-31	True	4947cf58db0932518d1840d4301ab9147148378bb173f235971e1f26ddef8f2b	research/results/EXP-20261004-0007.json	2026-10-04T20:14:27Z
EXP-20261004-0007	HYP-0012	pvm01_compact_additive_s3	quick	complete	0.7881944444444444	123392.0	61.20000034570694	189440.0	2.0523882730687733e-31	6.389938694593902e-31	True	4947cf58db0932518d1840d4301ab9147148378bb173f235971e1f26ddef8f2b	research/results/EXP-20261004-0007.json	2026-10-04T20:14:27Z
EXP-20261004-0007	HYP-0012	pvm01_compact_additive_s4	quick	complete	0.7819444444444446	123392.0	63.69999027810991	189440.0	2.0523882730687733e-31	6.389938694593902e-31	True	4947cf58db0932518d1840d4301ab9147148378bb173f235971e1f26ddef8f2b	research/results/EXP-20261004-0007.json	2026-10-04T20:14:27Z
EXP-20261004-0007	HYP-0012	pvm01_delta_s0	quick	complete	0.9982638888888888	238080.0	69.90000838413835	484352.0	0.0	0.0	True	4947cf58db0932518d1840d4301ab9147148378bb173f235971e1f26ddef8f2b	research/results/EXP-20261004-0007.json	2026-10-04T20:14:27Z
EXP-20261004-0007	HYP-0012	pvm01_delta_s1	quick	complete	0.9986111111111112	238080.0	67.8000069456175	484352.0	0.0	0.0	True	4947cf58db0932518d1840d4301ab9147148378bb173f235971e1f26ddef8f2b	research/results/EXP-20261004-0007.json	2026-10-04T20:14:27Z
EXP-20261004-0007	HYP-0012	pvm01_delta_s2	quick	complete	0.9965277777777778	238080.0	71.70000753831118	484352.0	0.0	0.0	True	4947cf58db0932518d1840d4301ab9147148378bb173f235971e1f26ddef8f2b	research/results/EXP-20261004-0007.json	2026-10-04T20:14:27Z
EXP-20261004-0007	HYP-0012	pvm01_delta_s3	quick	complete	0.9986111111111112	238080.0	69.5999915478751	484352.0	0.0	0.0	True	4947cf58db0932518d1840d4301ab9147148378bb173f235971e1f26ddef8f2b	research/results/EXP-20261004-0007.json	2026-10-04T20:14:27Z
EXP-20261004-0007	HYP-0012	pvm01_delta_s4	quick	complete	0.9975694444444445	238080.0	70.49999840091914	484352.0	0.0	0.0	True	4947cf58db0932518d1840d4301ab9147148378bb173f235971e1f26ddef8f2b	research/results/EXP-20261004-0007.json	2026-10-04T20:14:27Z
EXP-20261004-0007	HYP-0012	pvm01_dense_s0	quick	complete	1.0	337152.0	1397.0999862067401	764416.0	0.06472324445402389	0.0	True	4947cf58db0932518d1840d4301ab9147148378bb173f235971e1f26ddef8f2b	research/results/EXP-20261004-0007.json	2026-10-04T20:14:27Z
EXP-20261004-0007	HYP-0012	pvm01_dense_s1	quick	complete	1.0	337152.0	1383.3999983035028	764416.0	0.06472324445402389	0.0	True	4947cf58db0932518d1840d4301ab9147148378bb173f235971e1f26ddef8f2b	research/results/EXP-20261004-0007.json	2026-10-04T20:14:27Z
EXP-20261004-0007	HYP-0012	pvm01_dense_s2	quick	complete	0.9996527777777777	337152.0	1384.999995934777	764416.0	0.06472324445402389	0.0	True	4947cf58db0932518d1840d4301ab9147148378bb173f235971e1f26ddef8f2b	research/results/EXP-20261004-0007.json	2026-10-04T20:14:27Z
EXP-20261004-0007	HYP-0012	pvm01_dense_s3	quick	complete	1.0	337152.0	1366.199998301454	764416.0	0.06472324445402389	0.0	True	4947cf58db0932518d1840d4301ab9147148378bb173f235971e1f26ddef8f2b	research/results/EXP-20261004-0007.json	2026-10-04T20:14:27Z
EXP-20261004-0007	HYP-0012	pvm01_dense_s4	quick	complete	1.0	337152.0	1411.8000108283013	764416.0	0.06472324445402389	0.0	True	4947cf58db0932518d1840d4301ab9147148378bb173f235971e1f26ddef8f2b	research/results/EXP-20261004-0007.json	2026-10-04T20:14:27Z
EXP-20261004-0007	HYP-0012	pvm01_dense_cached_cpu_s0	quick	complete	1.0	337152.0	266.20000426191837	1288704.0	0.06472324445402389	0.0	True	4947cf58db0932518d1840d4301ab9147148378bb173f235971e1f26ddef8f2b	research/results/EXP-20261004-0007.json	2026-10-04T20:14:27Z
EXP-20261004-0007	HYP-0012	pvm01_dense_cached_cpu_s1	quick	complete	1.0	337152.0	272.4000078160316	1288704.0	0.06472324445402389	0.0	True	4947cf58db0932518d1840d4301ab9147148378bb173f235971e1f26ddef8f2b	research/results/EXP-20261004-0007.json	2026-10-04T20:14:27Z
EXP-20261004-0007	HYP-0012	pvm01_dense_cached_cpu_s2	quick	complete	0.9996527777777777	337152.0	272.60000933893025	1288704.0	0.06472324445402389	0.0	True	4947cf58db0932518d1840d4301ab9147148378bb173f235971e1f26ddef8f2b	research/results/EXP-20261004-0007.json	2026-10-04T20:14:27Z
EXP-20261004-0007	HYP-0012	pvm01_dense_cached_cpu_s3	quick	complete	1.0	337152.0	272.60000933893025	1288704.0	0.06472324445402389	0.0	True	4947cf58db0932518d1840d4301ab9147148378bb173f235971e1f26ddef8f2b	research/results/EXP-20261004-0007.json	2026-10-04T20:14:27Z
EXP-20261004-0007	HYP-0012	pvm01_dense_cached_cpu_s4	quick	complete	1.0	337152.0	270.0999903026968	1288704.0	0.06472324445402389	0.0	True	4947cf58db0932518d1840d4301ab9147148378bb173f235971e1f26ddef8f2b	research/results/EXP-20261004-0007.json	2026-10-04T20:14:27Z
EXP-20261004-0007	HYP-0012	pvm01_dense_cached_cuda_s0	quick	complete	1.0	337152.0	1034.1999877709895	1288704.0	0.06472324445402389	0.0	True	4947cf58db0932518d1840d4301ab9147148378bb173f235971e1f26ddef8f2b	research/results/EXP-20261004-0007.json	2026-10-04T20:14:27Z
EXP-20261004-0007	HYP-0012	pvm01_dense_cached_cuda_s1	quick	complete	1.0	337152.0	1063.6999941198155	1288704.0	0.06472324445402389	0.0	True	4947cf58db0932518d1840d4301ab9147148378bb173f235971e1f26ddef8f2b	research/results/EXP-20261004-0007.json	2026-10-04T20:14:27Z
EXP-20261004-0007	HYP-0012	pvm01_dense_cached_cuda_s2	quick	complete	0.9996527777777777	337152.0	1027.6999964844435	1288704.0	0.06472324445402389	0.0	True	4947cf58db0932518d1840d4301ab9147148378bb173f235971e1f26ddef8f2b	research/results/EXP-20261004-0007.json	2026-10-04T20:14:27Z
EXP-20261004-0007	HYP-0012	pvm01_dense_cached_cuda_s3	quick	complete	1.0	337152.0	1041.3999989395961	1288704.0	0.06472324445402389	0.0	True	4947cf58db0932518d1840d4301ab9147148378bb173f235971e1f26ddef8f2b	research/results/EXP-20261004-0007.json	2026-10-04T20:14:27Z
EXP-20261004-0007	HYP-0012	pvm01_dense_cached_cuda_s4	quick	complete	1.0	337152.0	1047.50000173226	1288704.0	0.06472324445402389	0.0	True	4947cf58db0932518d1840d4301ab9147148378bb173f235971e1f26ddef8f2b	research/results/EXP-20261004-0007.json	2026-10-04T20:14:27Z
EXP-20261004-0007	HYP-0012	pvm01_exact_nn_cpu_s0	quick	complete	1.0	70144.0	53.19999763742089	230400.0	0.3079064252786213	0.0	True	4947cf58db0932518d1840d4301ab9147148378bb173f235971e1f26ddef8f2b	research/results/EXP-20261004-0007.json	2026-10-04T20:14:27Z
EXP-20261004-0007	HYP-0012	pvm01_exact_nn_cpu_s1	quick	complete	1.0	70144.0	54.89999603014439	230400.0	0.3079064252786213	0.0	True	4947cf58db0932518d1840d4301ab9147148378bb173f235971e1f26ddef8f2b	research/results/EXP-20261004-0007.json	2026-10-04T20:14:27Z
EXP-20261004-0007	HYP-0012	pvm01_exact_nn_cpu_s2	quick	complete	0.9996527777777777	70144.0	53.099996875971556	230400.0	0.3079064252786213	0.0	True	4947cf58db0932518d1840d4301ab9147148378bb173f235971e1f26ddef8f2b	research/results/EXP-20261004-0007.json	2026-10-04T20:14:27Z
EXP-20261004-0007	HYP-0012	pvm01_exact_nn_cpu_s3	quick	complete	1.0	70144.0	52.20000457484275	230400.0	0.3079064252786213	0.0	True	4947cf58db0932518d1840d4301ab9147148378bb173f235971e1f26ddef8f2b	research/results/EXP-20261004-0007.json	2026-10-04T20:14:27Z
EXP-20261004-0007	HYP-0012	pvm01_exact_nn_cpu_s4	quick	complete	1.0	70144.0	52.20000457484275	230400.0	0.3079064252786213	0.0	True	4947cf58db0932518d1840d4301ab9147148378bb173f235971e1f26ddef8f2b	research/results/EXP-20261004-0007.json	2026-10-04T20:14:27Z
EXP-20261004-0007	HYP-0012	pvm01_ridge_s0	quick	complete	1.0	36864.0	10.099989594891667	311808.0	0.6462406251802889	0.0	True	4947cf58db0932518d1840d4301ab9147148378bb173f235971e1f26ddef8f2b	research/results/EXP-20261004-0007.json	2026-10-04T20:14:27Z
EXP-20261004-0007	HYP-0012	pvm01_ridge_s1	quick	complete	1.0	36864.0	10.799994925037026	311808.0	0.6462406251802889	0.0	True	4947cf58db0932518d1840d4301ab9147148378bb173f235971e1f26ddef8f2b	research/results/EXP-20261004-0007.json	2026-10-04T20:14:27Z
EXP-20261004-0007	HYP-0012	pvm01_ridge_s2	quick	complete	0.9993055555555556	36864.0	10.200004908256233	311808.0	0.6462406251802889	0.0	True	4947cf58db0932518d1840d4301ab9147148378bb173f235971e1f26ddef8f2b	research/results/EXP-20261004-0007.json	2026-10-04T20:14:27Z
EXP-20261004-0007	HYP-0012	pvm01_ridge_s3	quick	complete	1.0	36864.0	11.199997970834374	311808.0	0.6462406251802889	0.0	True	4947cf58db0932518d1840d4301ab9147148378bb173f235971e1f26ddef8f2b	research/results/EXP-20261004-0007.json	2026-10-04T20:14:27Z
EXP-20261004-0007	HYP-0012	pvm01_ridge_s4	quick	complete	1.0	36864.0	11.299998732283711	311808.0	0.6462406251802889	0.0	True	4947cf58db0932518d1840d4301ab9147148378bb173f235971e1f26ddef8f2b	research/results/EXP-20261004-0007.json	2026-10-04T20:14:27Z
EXP-20261004-0007	HYP-0012	pvm01_ridge32_s0	quick	complete	1.0	36864.0	9.700001101009548	164096.0	0.6462406251802889	0.0	True	4947cf58db0932518d1840d4301ab9147148378bb173f235971e1f26ddef8f2b	research/results/EXP-20261004-0007.json	2026-10-04T20:14:27Z
EXP-20261004-0007	HYP-0012	pvm01_ridge32_s1	quick	complete	1.0	36864.0	11.600001016631722	164096.0	0.6462406251802889	0.0	True	4947cf58db0932518d1840d4301ab9147148378bb173f235971e1f26ddef8f2b	research/results/EXP-20261004-0007.json	2026-10-04T20:14:27Z
EXP-20261004-0007	HYP-0012	pvm01_ridge32_s2	quick	complete	0.9993055555555556	36864.0	9.60000033956021	164096.0	0.6462406251802889	0.0	True	4947cf58db0932518d1840d4301ab9147148378bb173f235971e1f26ddef8f2b	research/results/EXP-20261004-0007.json	2026-10-04T20:14:27Z
EXP-20261004-0007	HYP-0012	pvm01_ridge32_s3	quick	complete	1.0	36864.0	12.600008631125093	164096.0	0.6462406251802889	0.0	True	4947cf58db0932518d1840d4301ab9147148378bb173f235971e1f26ddef8f2b	research/results/EXP-20261004-0007.json	2026-10-04T20:14:27Z
EXP-20261004-0007	HYP-0012	pvm01_ridge32_s4	quick	complete	1.0	36864.0	9.900002623908222	164096.0	0.6462406251802889	0.0	True	4947cf58db0932518d1840d4301ab9147148378bb173f235971e1f26ddef8f2b	research/results/EXP-20261004-0007.json	2026-10-04T20:14:27Z
EXP-20261004-0007	HYP-0012	pvm01_ridge_pca_scan_s0	quick	complete	1.0	36864.0	11.800002539530396	69888.0	0.6462406251802889	0.0	True	4947cf58db0932518d1840d4301ab9147148378bb173f235971e1f26ddef8f2b	research/results/EXP-20261004-0007.json	2026-10-04T20:14:27Z
EXP-20261004-0007	HYP-0012	pvm01_ridge_pca_scan_s1	quick	complete	1.0	36864.0	9.399998816661537	69888.0	0.6462406251802889	0.0	True	4947cf58db0932518d1840d4301ab9147148378bb173f235971e1f26ddef8f2b	research/results/EXP-20261004-0007.json	2026-10-04T20:14:27Z
EXP-20261004-0007	HYP-0012	pvm01_ridge_pca_scan_s2	quick	complete	0.9993055555555556	36864.0	12.599994079209864	69888.0	0.6462406251802889	0.0	True	4947cf58db0932518d1840d4301ab9147148378bb173f235971e1f26ddef8f2b	research/results/EXP-20261004-0007.json	2026-10-04T20:14:27Z
EXP-20261004-0007	HYP-0012	pvm01_ridge_pca_scan_s3	quick	complete	1.0	36864.0	12.00000406242907	69888.0	0.6462406251802889	0.0	True	4947cf58db0932518d1840d4301ab9147148378bb173f235971e1f26ddef8f2b	research/results/EXP-20261004-0007.json	2026-10-04T20:14:27Z
EXP-20261004-0007	HYP-0012	pvm01_ridge_pca_scan_s4	quick	complete	1.0	36864.0	12.400007108226418	69888.0	0.6462406251802889	0.0	True	4947cf58db0932518d1840d4301ab9147148378bb173f235971e1f26ddef8f2b	research/results/EXP-20261004-0007.json	2026-10-04T20:14:27Z
EXP-20261004-0007	HYP-0012	pvm01_ridge_pca_tree_s0	quick	complete	1.0	36864.0	19.099999917671084	143808.0	0.6462406251802889	0.0	True	4947cf58db0932518d1840d4301ab9147148378bb173f235971e1f26ddef8f2b	research/results/EXP-20261004-0007.json	2026-10-04T20:14:27Z
EXP-20261004-0007	HYP-0012	pvm01_ridge_pca_tree_s1	quick	complete	1.0	36864.0	19.400002202019095	143808.0	0.6462406251802889	0.0	True	4947cf58db0932518d1840d4301ab9147148378bb173f235971e1f26ddef8f2b	research/results/EXP-20261004-0007.json	2026-10-04T20:14:27Z
EXP-20261004-0007	HYP-0012	pvm01_ridge_pca_tree_s2	quick	complete	0.9993055555555556	36864.0	21.69999061152339	143808.0	0.6462406251802889	0.0	True	4947cf58db0932518d1840d4301ab9147148378bb173f235971e1f26ddef8f2b	research/results/EXP-20261004-0007.json	2026-10-04T20:14:27Z
EXP-20261004-0007	HYP-0012	pvm01_ridge_pca_tree_s3	quick	complete	1.0	36864.0	19.20000067912042	143808.0	0.6462406251802889	0.0	True	4947cf58db0932518d1840d4301ab9147148378bb173f235971e1f26ddef8f2b	research/results/EXP-20261004-0007.json	2026-10-04T20:14:27Z
EXP-20261004-0007	HYP-0012	pvm01_ridge_pca_tree_s4	quick	complete	1.0	36864.0	22.299995180219412	143808.0	0.6462406251802889	0.0	True	4947cf58db0932518d1840d4301ab9147148378bb173f235971e1f26ddef8f2b	research/results/EXP-20261004-0007.json	2026-10-04T20:14:27Z
EXP-20261004-0007	HYP-0012	pvm01_kernel_s0	quick	complete	1.0	28672.0	37.1999922208488	803328.0	1.0000000000000002	0.0	True	4947cf58db0932518d1840d4301ab9147148378bb173f235971e1f26ddef8f2b	research/results/EXP-20261004-0007.json	2026-10-04T20:14:27Z
EXP-20261004-0007	HYP-0012	pvm01_kernel_s1	quick	complete	1.0	28672.0	36.49998689070344	803328.0	1.0000000000000002	0.0	True	4947cf58db0932518d1840d4301ab9147148378bb173f235971e1f26ddef8f2b	research/results/EXP-20261004-0007.json	2026-10-04T20:14:27Z
EXP-20261004-0007	HYP-0012	pvm01_kernel_s2	quick	complete	0.9996527777777777	28672.0	37.1999922208488	803328.0	1.0000000000000002	0.0	True	4947cf58db0932518d1840d4301ab9147148378bb173f235971e1f26ddef8f2b	research/results/EXP-20261004-0007.json	2026-10-04T20:14:27Z
EXP-20261004-0007	HYP-0012	pvm01_kernel_s3	quick	complete	1.0	28672.0	37.00000524986535	803328.0	1.0000000000000002	0.0	True	4947cf58db0932518d1840d4301ab9147148378bb173f235971e1f26ddef8f2b	research/results/EXP-20261004-0007.json	2026-10-04T20:14:27Z
EXP-20261004-0007	HYP-0012	pvm01_kernel_s4	quick	complete	1.0	28672.0	37.20000677276403	803328.0	1.0000000000000002	0.0	True	4947cf58db0932518d1840d4301ab9147148378bb173f235971e1f26ddef8f2b	research/results/EXP-20261004-0007.json	2026-10-04T20:14:27Z
EXP-20261004-0007	HYP-0012	pvm01_raw_s0	quick	complete	0.25	28672.0	8.200004231184721	278528.0	1.0000000000000002	0.0	True	4947cf58db0932518d1840d4301ab9147148378bb173f235971e1f26ddef8f2b	research/results/EXP-20261004-0007.json	2026-10-04T20:14:27Z
EXP-20261004-0007	HYP-0012	pvm01_raw_s1	quick	complete	0.2486111111111111	28672.0	8.59999272506684	278528.0	1.0000000000000002	0.0	True	4947cf58db0932518d1840d4301ab9147148378bb173f235971e1f26ddef8f2b	research/results/EXP-20261004-0007.json	2026-10-04T20:14:27Z
EXP-20261004-0007	HYP-0012	pvm01_raw_s2	quick	complete	0.25	28672.0	7.999988156370819	278528.0	1.0000000000000002	0.0	True	4947cf58db0932518d1840d4301ab9147148378bb173f235971e1f26ddef8f2b	research/results/EXP-20261004-0007.json	2026-10-04T20:14:27Z
EXP-20261004-0007	HYP-0012	pvm01_raw_s3	quick	complete	0.2496527777777778	28672.0	8.90000956133008	278528.0	1.0000000000000002	0.0	True	4947cf58db0932518d1840d4301ab9147148378bb173f235971e1f26ddef8f2b	research/results/EXP-20261004-0007.json	2026-10-04T20:14:27Z
EXP-20261004-0007	HYP-0012	pvm01_raw_s4	quick	complete	0.25	28672.0	8.000002708286047	278528.0	1.0000000000000002	0.0	True	4947cf58db0932518d1840d4301ab9147148378bb173f235971e1f26ddef8f2b	research/results/EXP-20261004-0007.json	2026-10-04T20:14:27Z
EXP-20261004-0008	HYP-0012	pvm01_exposure_small_s0	quick	complete	0.9076388888888888	123392.0	63.80000559147447	189440.0	2.0523882730687733e-31	6.389938694593902e-31	True	1d80c6241138d2dfe37dce2d05a5407c7b0150d1d5c0e7fab0d6cb7654f553a6	research/results/EXP-20261004-0008.json	2026-10-04T21:43:01Z
EXP-20261004-0008	HYP-0012	pvm01_exposure_small_s1	quick	complete	0.8975694444444444	123392.0	63.499988755211234	189440.0	2.0523882730687733e-31	6.389938694593902e-31	True	1d80c6241138d2dfe37dce2d05a5407c7b0150d1d5c0e7fab0d6cb7654f553a6	research/results/EXP-20261004-0008.json	2026-10-04T21:43:01Z
EXP-20261004-0008	HYP-0012	pvm01_exposure_small_s2	quick	complete	0.9093749999999999	123392.0	66.49999704677612	189440.0	2.0523882730687733e-31	6.389938694593902e-31	True	1d80c6241138d2dfe37dce2d05a5407c7b0150d1d5c0e7fab0d6cb7654f553a6	research/results/EXP-20261004-0008.json	2026-10-04T21:43:01Z
EXP-20261004-0008	HYP-0012	pvm01_exposure_small_s3	quick	complete	0.90625	123392.0	64.1999940853566	189440.0	2.0523882730687733e-31	6.389938694593902e-31	True	1d80c6241138d2dfe37dce2d05a5407c7b0150d1d5c0e7fab0d6cb7654f553a6	research/results/EXP-20261004-0008.json	2026-10-04T21:43:01Z
EXP-20261004-0008	HYP-0012	pvm01_exposure_small_s4	quick	complete	0.8993055555555556	123392.0	66.09999400097877	189440.0	2.0523882730687733e-31	6.389938694593902e-31	True	1d80c6241138d2dfe37dce2d05a5407c7b0150d1d5c0e7fab0d6cb7654f553a6	research/results/EXP-20261004-0008.json	2026-10-04T21:43:01Z
EXP-20261004-0008	HYP-0012	pvm01_exposure_large_s0	quick	complete	0.901388888888889	123392.0	66.99998630210757	189440.0	2.0523882730687733e-31	6.389938694593902e-31	True	1d80c6241138d2dfe37dce2d05a5407c7b0150d1d5c0e7fab0d6cb7654f553a6	research/results/EXP-20261004-0008.json	2026-10-04T21:43:01Z
EXP-20261004-0008	HYP-0012	pvm01_exposure_large_s1	quick	complete	0.901388888888889	123392.0	79.39999341033399	189440.0	2.0523882730687733e-31	6.389938694593902e-31	True	1d80c6241138d2dfe37dce2d05a5407c7b0150d1d5c0e7fab0d6cb7654f553a6	research/results/EXP-20261004-0008.json	2026-10-04T21:43:01Z
EXP-20261004-0008	HYP-0012	pvm01_exposure_large_s2	quick	complete	0.90625	123392.0	86.60000457894057	189440.0	2.0523882730687733e-31	6.389938694593902e-31	True	1d80c6241138d2dfe37dce2d05a5407c7b0150d1d5c0e7fab0d6cb7654f553a6	research/results/EXP-20261004-0008.json	2026-10-04T21:43:01Z
EXP-20261004-0008	HYP-0012	pvm01_exposure_large_s3	quick	complete	0.9017361111111111	123392.0	79.09999112598598	189440.0	2.0523882730687733e-31	6.389938694593902e-31	True	1d80c6241138d2dfe37dce2d05a5407c7b0150d1d5c0e7fab0d6cb7654f553a6	research/results/EXP-20261004-0008.json	2026-10-04T21:43:01Z
EXP-20261004-0008	HYP-0012	pvm01_exposure_large_s4	quick	complete	0.8979166666666667	123392.0	109.30000280495733	189440.0	2.0523882730687733e-31	6.389938694593902e-31	True	1d80c6241138d2dfe37dce2d05a5407c7b0150d1d5c0e7fab0d6cb7654f553a6	research/results/EXP-20261004-0008.json	2026-10-04T21:43:01Z
EXP-20261004-0008	HYP-0012	pvm01_exposure_frozen_s0	quick	complete	0.9059027777777777	123392.0	100.7999962894246	189440.0	2.0523882730687733e-31	6.389938694593902e-31	True	1d80c6241138d2dfe37dce2d05a5407c7b0150d1d5c0e7fab0d6cb7654f553a6	research/results/EXP-20261004-0008.json	2026-10-04T21:43:01Z
EXP-20261004-0008	HYP-0012	pvm01_exposure_frozen_s1	quick	complete	0.9055555555555556	123392.0	71.40000525396317	189440.0	2.0523882730687733e-31	6.389938694593902e-31	True	1d80c6241138d2dfe37dce2d05a5407c7b0150d1d5c0e7fab0d6cb7654f553a6	research/results/EXP-20261004-0008.json	2026-10-04T21:43:01Z
EXP-20261004-0008	HYP-0012	pvm01_exposure_frozen_s2	quick	complete	0.9118055555555556	123392.0	67.10000161547214	189440.0	2.0523882730687733e-31	6.389938694593902e-31	True	1d80c6241138d2dfe37dce2d05a5407c7b0150d1d5c0e7fab0d6cb7654f553a6	research/results/EXP-20261004-0008.json	2026-10-04T21:43:01Z
EXP-20261004-0008	HYP-0012	pvm01_exposure_frozen_s3	quick	complete	0.9034722222222222	123392.0	63.6000040685758	189440.0	2.0523882730687733e-31	6.389938694593902e-31	True	1d80c6241138d2dfe37dce2d05a5407c7b0150d1d5c0e7fab0d6cb7654f553a6	research/results/EXP-20261004-0008.json	2026-10-04T21:43:01Z
EXP-20261004-0008	HYP-0012	pvm01_exposure_frozen_s4	quick	complete	0.9020833333333333	123392.0	65.10000093840063	189440.0	2.0523882730687733e-31	6.389938694593902e-31	True	1d80c6241138d2dfe37dce2d05a5407c7b0150d1d5c0e7fab0d6cb7654f553a6	research/results/EXP-20261004-0008.json	2026-10-04T21:43:01Z
EXP-20261004-0008	HYP-0012	pvm01_exposure_shuffled_s0	quick	complete	0.8989583333333333	123392.0	61.99999188538641	189440.0	2.0523882730687733e-31	6.389938694593902e-31	True	1d80c6241138d2dfe37dce2d05a5407c7b0150d1d5c0e7fab0d6cb7654f553a6	research/results/EXP-20261004-0008.json	2026-10-04T21:43:01Z
EXP-20261004-0008	HYP-0012	pvm01_exposure_shuffled_s1	quick	complete	0.9010416666666666	123392.0	65.40000322274864	189440.0	2.0523882730687733e-31	6.389938694593902e-31	True	1d80c6241138d2dfe37dce2d05a5407c7b0150d1d5c0e7fab0d6cb7654f553a6	research/results/EXP-20261004-0008.json	2026-10-04T21:43:01Z
EXP-20261004-0008	HYP-0012	pvm01_exposure_shuffled_s2	quick	complete	0.9055555555555556	123392.0	64.59999713115394	189440.0	2.0523882730687733e-31	6.389938694593902e-31	True	1d80c6241138d2dfe37dce2d05a5407c7b0150d1d5c0e7fab0d6cb7654f553a6	research/results/EXP-20261004-0008.json	2026-10-04T21:43:01Z
EXP-20261004-0008	HYP-0012	pvm01_exposure_shuffled_s3	quick	complete	0.9010416666666666	123392.0	62.99999949987978	189440.0	2.0523882730687733e-31	6.389938694593902e-31	True	1d80c6241138d2dfe37dce2d05a5407c7b0150d1d5c0e7fab0d6cb7654f553a6	research/results/EXP-20261004-0008.json	2026-10-04T21:43:01Z
EXP-20261004-0008	HYP-0012	pvm01_exposure_shuffled_s4	quick	complete	0.8975694444444444	123392.0	63.30000178422779	189440.0	2.0523882730687733e-31	6.389938694593902e-31	True	1d80c6241138d2dfe37dce2d05a5407c7b0150d1d5c0e7fab0d6cb7654f553a6	research/results/EXP-20261004-0008.json	2026-10-04T21:43:01Z
EXP-20261004-0008	HYP-0012	pvm01_exposure_additive_s0	quick	complete	0.7718750000000001	123392.0	65.10000093840063	189440.0	2.0523882730687733e-31	6.389938694593902e-31	True	1d80c6241138d2dfe37dce2d05a5407c7b0150d1d5c0e7fab0d6cb7654f553a6	research/results/EXP-20261004-0008.json	2026-10-04T21:43:01Z
EXP-20261004-0008	HYP-0012	pvm01_exposure_additive_s1	quick	complete	0.7798611111111111	123392.0	71.50000601541251	189440.0	2.0523882730687733e-31	6.389938694593902e-31	True	1d80c6241138d2dfe37dce2d05a5407c7b0150d1d5c0e7fab0d6cb7654f553a6	research/results/EXP-20261004-0008.json	2026-10-04T21:43:01Z
EXP-20261004-0008	HYP-0012	pvm01_exposure_additive_s2	quick	complete	0.7822916666666667	123392.0	64.79999865405262	189440.0	2.0523882730687733e-31	6.389938694593902e-31	True	1d80c6241138d2dfe37dce2d05a5407c7b0150d1d5c0e7fab0d6cb7654f553a6	research/results/EXP-20261004-0008.json	2026-10-04T21:43:01Z
EXP-20261004-0008	HYP-0012	pvm01_exposure_additive_s3	quick	complete	0.7777777777777778	123392.0	62.699997215531766	189440.0	2.0523882730687733e-31	6.389938694593902e-31	True	1d80c6241138d2dfe37dce2d05a5407c7b0150d1d5c0e7fab0d6cb7654f553a6	research/results/EXP-20261004-0008.json	2026-10-04T21:43:01Z
EXP-20261004-0008	HYP-0012	pvm01_exposure_additive_s4	quick	complete	0.7677083333333333	123392.0	65.29998790938407	189440.0	2.0523882730687733e-31	6.389938694593902e-31	True	1d80c6241138d2dfe37dce2d05a5407c7b0150d1d5c0e7fab0d6cb7654f553a6	research/results/EXP-20261004-0008.json	2026-10-04T21:43:01Z
EXP-20261004-0008	HYP-0012	pvm01_delta_s0	quick	complete	0.9993055555555556	238080.0	71.60000677686185	484352.0	0.0	0.0	True	1d80c6241138d2dfe37dce2d05a5407c7b0150d1d5c0e7fab0d6cb7654f553a6	research/results/EXP-20261004-0008.json	2026-10-04T21:43:01Z
EXP-20261004-0008	HYP-0012	pvm01_delta_s1	quick	complete	0.9972222222222222	238080.0	70.69999992381781	484352.0	0.0	0.0	True	1d80c6241138d2dfe37dce2d05a5407c7b0150d1d5c0e7fab0d6cb7654f553a6	research/results/EXP-20261004-0008.json	2026-10-04T21:43:01Z
EXP-20261004-0008	HYP-0012	pvm01_delta_s2	quick	complete	0.9979166666666666	238080.0	72.0000098226592	484352.0	0.0	0.0	True	1d80c6241138d2dfe37dce2d05a5407c7b0150d1d5c0e7fab0d6cb7654f553a6	research/results/EXP-20261004-0008.json	2026-10-04T21:43:01Z
EXP-20261004-0008	HYP-0012	pvm01_delta_s3	quick	complete	0.9968750000000001	238080.0	81.10000635497272	484352.0	0.0	0.0	True	1d80c6241138d2dfe37dce2d05a5407c7b0150d1d5c0e7fab0d6cb7654f553a6	research/results/EXP-20261004-0008.json	2026-10-04T21:43:01Z
EXP-20261004-0008	HYP-0012	pvm01_delta_s4	quick	complete	0.9989583333333333	238080.0	68.49999772384763	484352.0	0.0	0.0	True	1d80c6241138d2dfe37dce2d05a5407c7b0150d1d5c0e7fab0d6cb7654f553a6	research/results/EXP-20261004-0008.json	2026-10-04T21:43:01Z
EXP-20261004-0008	HYP-0012	pvm01_dense_s0	quick	complete	1.0	337152.0	1398.1000083731487	764416.0	0.06472324445402389	0.0	True	1d80c6241138d2dfe37dce2d05a5407c7b0150d1d5c0e7fab0d6cb7654f553a6	research/results/EXP-20261004-0008.json	2026-10-04T21:43:01Z
EXP-20261004-0008	HYP-0012	pvm01_dense_s1	quick	complete	1.0	337152.0	1378.4000038867816	764416.0	0.06472324445402389	0.0	True	1d80c6241138d2dfe37dce2d05a5407c7b0150d1d5c0e7fab0d6cb7654f553a6	research/results/EXP-20261004-0008.json	2026-10-04T21:43:01Z
EXP-20261004-0008	HYP-0012	pvm01_dense_s2	quick	complete	1.0	337152.0	1366.2999990629032	764416.0	0.06472324445402389	0.0	True	1d80c6241138d2dfe37dce2d05a5407c7b0150d1d5c0e7fab0d6cb7654f553a6	research/results/EXP-20261004-0008.json	2026-10-04T21:43:01Z
EXP-20261004-0008	HYP-0012	pvm01_dense_s3	quick	complete	0.9996527777777777	337152.0	1384.999995934777	764416.0	0.06472324445402389	0.0	True	1d80c6241138d2dfe37dce2d05a5407c7b0150d1d5c0e7fab0d6cb7654f553a6	research/results/EXP-20261004-0008.json	2026-10-04T21:43:01Z
EXP-20261004-0008	HYP-0012	pvm01_dense_s4	quick	complete	0.9996527777777777	337152.0	1360.5999993160367	764416.0	0.06472324445402389	0.0	True	1d80c6241138d2dfe37dce2d05a5407c7b0150d1d5c0e7fab0d6cb7654f553a6	research/results/EXP-20261004-0008.json	2026-10-04T21:43:01Z
EXP-20261004-0008	HYP-0012	pvm01_dense_cached_cpu_s0	quick	complete	1.0	337152.0	279.2999875964597	1288704.0	0.06472324445402389	0.0	True	1d80c6241138d2dfe37dce2d05a5407c7b0150d1d5c0e7fab0d6cb7654f553a6	research/results/EXP-20261004-0008.json	2026-10-04T21:43:01Z
EXP-20261004-0008	HYP-0012	pvm01_dense_cached_cpu_s1	quick	complete	1.0	337152.0	273.7000031629577	1288704.0	0.06472324445402389	0.0	True	1d80c6241138d2dfe37dce2d05a5407c7b0150d1d5c0e7fab0d6cb7654f553a6	research/results/EXP-20261004-0008.json	2026-10-04T21:43:01Z
EXP-20261004-0008	HYP-0012	pvm01_dense_cached_cpu_s2	quick	complete	1.0	337152.0	272.09999097976834	1288704.0	0.06472324445402389	0.0	True	1d80c6241138d2dfe37dce2d05a5407c7b0150d1d5c0e7fab0d6cb7654f553a6	research/results/EXP-20261004-0008.json	2026-10-04T21:43:01Z
EXP-20261004-0008	HYP-0012	pvm01_dense_cached_cpu_s3	quick	complete	0.9996527777777777	337152.0	270.39999258704484	1288704.0	0.06472324445402389	0.0	True	1d80c6241138d2dfe37dce2d05a5407c7b0150d1d5c0e7fab0d6cb7654f553a6	research/results/EXP-20261004-0008.json	2026-10-04T21:43:01Z
EXP-20261004-0008	HYP-0012	pvm01_dense_cached_cpu_s4	quick	complete	0.9996527777777777	337152.0	272.90001162327826	1288704.0	0.06472324445402389	0.0	True	1d80c6241138d2dfe37dce2d05a5407c7b0150d1d5c0e7fab0d6cb7654f553a6	research/results/EXP-20261004-0008.json	2026-10-04T21:43:01Z
EXP-20261004-0008	HYP-0012	pvm01_dense_cached_cuda_s0	quick	complete	1.0	337152.0	1101.999994716607	1288704.0	0.06472324445402389	0.0	True	1d80c6241138d2dfe37dce2d05a5407c7b0150d1d5c0e7fab0d6cb7654f553a6	research/results/EXP-20261004-0008.json	2026-10-04T21:43:01Z
EXP-20261004-0008	HYP-0012	pvm01_dense_cached_cuda_s1	quick	complete	1.0	337152.0	1019.7999945376068	1288704.0	0.06472324445402389	0.0	True	1d80c6241138d2dfe37dce2d05a5407c7b0150d1d5c0e7fab0d6cb7654f553a6	research/results/EXP-20261004-0008.json	2026-10-04T21:43:01Z
EXP-20261004-0008	HYP-0012	pvm01_dense_cached_cuda_s2	quick	complete	1.0	337152.0	1049.699989380315	1288704.0	0.06472324445402389	0.0	True	1d80c6241138d2dfe37dce2d05a5407c7b0150d1d5c0e7fab0d6cb7654f553a6	research/results/EXP-20261004-0008.json	2026-10-04T21:43:01Z
EXP-20261004-0008	HYP-0012	pvm01_dense_cached_cuda_s3	quick	complete	0.9996527777777777	337152.0	1046.7000101925805	1288704.0	0.06472324445402389	0.0	True	1d80c6241138d2dfe37dce2d05a5407c7b0150d1d5c0e7fab0d6cb7654f553a6	research/results/EXP-20261004-0008.json	2026-10-04T21:43:01Z
EXP-20261004-0008	HYP-0012	pvm01_dense_cached_cuda_s4	quick	complete	0.9996527777777777	337152.0	1041.6000004624948	1288704.0	0.06472324445402389	0.0	True	1d80c6241138d2dfe37dce2d05a5407c7b0150d1d5c0e7fab0d6cb7654f553a6	research/results/EXP-20261004-0008.json	2026-10-04T21:43:01Z
EXP-20261004-0008	HYP-0012	pvm01_exact_nn_cpu_s0	quick	complete	1.0	70144.0	53.29999839887023	230400.0	0.3079064252786213	0.0	True	1d80c6241138d2dfe37dce2d05a5407c7b0150d1d5c0e7fab0d6cb7654f553a6	research/results/EXP-20261004-0008.json	2026-10-04T21:43:01Z
EXP-20261004-0008	HYP-0012	pvm01_exact_nn_cpu_s1	quick	complete	1.0	70144.0	53.099996875971556	230400.0	0.3079064252786213	0.0	True	1d80c6241138d2dfe37dce2d05a5407c7b0150d1d5c0e7fab0d6cb7654f553a6	research/results/EXP-20261004-0008.json	2026-10-04T21:43:01Z
EXP-20261004-0008	HYP-0012	pvm01_exact_nn_cpu_s2	quick	complete	0.9996527777777777	70144.0	54.799995268695056	230400.0	0.3079064252786213	0.0	True	1d80c6241138d2dfe37dce2d05a5407c7b0150d1d5c0e7fab0d6cb7654f553a6	research/results/EXP-20261004-0008.json	2026-10-04T21:43:01Z
EXP-20261004-0008	HYP-0012	pvm01_exact_nn_cpu_s3	quick	complete	0.9989583333333333	70144.0	54.100004490464926	230400.0	0.3079064252786213	0.0	True	1d80c6241138d2dfe37dce2d05a5407c7b0150d1d5c0e7fab0d6cb7654f553a6	research/results/EXP-20261004-0008.json	2026-10-04T21:43:01Z
EXP-20261004-0008	HYP-0012	pvm01_exact_nn_cpu_s4	quick	complete	1.0	70144.0	54.29999146144837	230400.0	0.3079064252786213	0.0	True	1d80c6241138d2dfe37dce2d05a5407c7b0150d1d5c0e7fab0d6cb7654f553a6	research/results/EXP-20261004-0008.json	2026-10-04T21:43:01Z
EXP-20261004-0008	HYP-0012	pvm01_ridge_s0	quick	complete	1.0	36864.0	15.099998563528061	311808.0	0.6462406251802889	0.0	True	1d80c6241138d2dfe37dce2d05a5407c7b0150d1d5c0e7fab0d6cb7654f553a6	research/results/EXP-20261004-0008.json	2026-10-04T21:43:01Z
EXP-20261004-0008	HYP-0012	pvm01_ridge_s1	quick	complete	1.0	36864.0	10.60000795405358	311808.0	0.6462406251802889	0.0	True	1d80c6241138d2dfe37dce2d05a5407c7b0150d1d5c0e7fab0d6cb7654f553a6	research/results/EXP-20261004-0008.json	2026-10-04T21:43:01Z
EXP-20261004-0008	HYP-0012	pvm01_ridge_s2	quick	complete	0.9996527777777777	36864.0	10.9999964479357	311808.0	0.6462406251802889	0.0	True	1d80c6241138d2dfe37dce2d05a5407c7b0150d1d5c0e7fab0d6cb7654f553a6	research/results/EXP-20261004-0008.json	2026-10-04T21:43:01Z
EXP-20261004-0008	HYP-0012	pvm01_ridge_s3	quick	complete	0.9989583333333333	36864.0	10.799994925037026	311808.0	0.6462406251802889	0.0	True	1d80c6241138d2dfe37dce2d05a5407c7b0150d1d5c0e7fab0d6cb7654f553a6	research/results/EXP-20261004-0008.json	2026-10-04T21:43:01Z
EXP-20261004-0008	HYP-0012	pvm01_ridge_s4	quick	complete	1.0	36864.0	11.299998732283711	311808.0	0.6462406251802889	0.0	True	1d80c6241138d2dfe37dce2d05a5407c7b0150d1d5c0e7fab0d6cb7654f553a6	research/results/EXP-20261004-0008.json	2026-10-04T21:43:01Z
EXP-20261004-0008	HYP-0012	pvm01_ridge32_s0	quick	complete	1.0	36864.0	9.399998816661537	164096.0	0.6462406251802889	0.0	True	1d80c6241138d2dfe37dce2d05a5407c7b0150d1d5c0e7fab0d6cb7654f553a6	research/results/EXP-20261004-0008.json	2026-10-04T21:43:01Z
EXP-20261004-0008	HYP-0012	pvm01_ridge32_s1	quick	complete	1.0	36864.0	9.700001101009548	164096.0	0.6462406251802889	0.0	True	1d80c6241138d2dfe37dce2d05a5407c7b0150d1d5c0e7fab0d6cb7654f553a6	research/results/EXP-20261004-0008.json	2026-10-04T21:43:01Z
EXP-20261004-0008	HYP-0012	pvm01_ridge32_s2	quick	complete	0.9996527777777777	36864.0	11.199997970834374	164096.0	0.6462406251802889	0.0	True	1d80c6241138d2dfe37dce2d05a5407c7b0150d1d5c0e7fab0d6cb7654f553a6	research/results/EXP-20261004-0008.json	2026-10-04T21:43:01Z
EXP-20261004-0008	HYP-0012	pvm01_ridge32_s3	quick	complete	0.9989583333333333	36864.0	9.900002623908222	164096.0	0.6462406251802889	0.0	True	1d80c6241138d2dfe37dce2d05a5407c7b0150d1d5c0e7fab0d6cb7654f553a6	research/results/EXP-20261004-0008.json	2026-10-04T21:43:01Z
EXP-20261004-0008	HYP-0012	pvm01_ridge32_s4	quick	complete	1.0	36864.0	11.600001016631722	164096.0	0.6462406251802889	0.0	True	1d80c6241138d2dfe37dce2d05a5407c7b0150d1d5c0e7fab0d6cb7654f553a6	research/results/EXP-20261004-0008.json	2026-10-04T21:43:01Z
EXP-20261004-0008	HYP-0012	pvm01_ridge_pca_scan_s0	quick	complete	1.0	36864.0	11.30001328419894	69888.0	0.6462406251802889	0.0	True	1d80c6241138d2dfe37dce2d05a5407c7b0150d1d5c0e7fab0d6cb7654f553a6	research/results/EXP-20261004-0008.json	2026-10-04T21:43:01Z
EXP-20261004-0008	HYP-0012	pvm01_ridge_pca_scan_s1	quick	complete	1.0	36864.0	9.499999578110874	69888.0	0.6462406251802889	0.0	True	1d80c6241138d2dfe37dce2d05a5407c7b0150d1d5c0e7fab0d6cb7654f553a6	research/results/EXP-20261004-0008.json	2026-10-04T21:43:01Z
EXP-20261004-0008	HYP-0012	pvm01_ridge_pca_scan_s2	quick	complete	0.9996527777777777	36864.0	12.099990271963179	69888.0	0.6462406251802889	0.0	True	1d80c6241138d2dfe37dce2d05a5407c7b0150d1d5c0e7fab0d6cb7654f553a6	research/results/EXP-20261004-0008.json	2026-10-04T21:43:01Z
EXP-20261004-0008	HYP-0012	pvm01_ridge_pca_scan_s3	quick	complete	0.9989583333333333	36864.0	9.399998816661537	69888.0	0.6462406251802889	0.0	True	1d80c6241138d2dfe37dce2d05a5407c7b0150d1d5c0e7fab0d6cb7654f553a6	research/results/EXP-20261004-0008.json	2026-10-04T21:43:01Z
EXP-20261004-0008	HYP-0012	pvm01_ridge_pca_scan_s4	quick	complete	1.0	36864.0	12.39999255631119	69888.0	0.6462406251802889	0.0	True	1d80c6241138d2dfe37dce2d05a5407c7b0150d1d5c0e7fab0d6cb7654f553a6	research/results/EXP-20261004-0008.json	2026-10-04T21:43:01Z
EXP-20261004-0008	HYP-0012	pvm01_ridge_pca_tree_s0	quick	complete	1.0	36864.0	19.899991457350552	143808.0	0.6462406251802889	0.0	True	1d80c6241138d2dfe37dce2d05a5407c7b0150d1d5c0e7fab0d6cb7654f553a6	research/results/EXP-20261004-0008.json	2026-10-04T21:43:01Z
EXP-20261004-0008	HYP-0012	pvm01_ridge_pca_tree_s1	quick	complete	1.0	36864.0	21.39998832717538	143808.0	0.6462406251802889	0.0	True	1d80c6241138d2dfe37dce2d05a5407c7b0150d1d5c0e7fab0d6cb7654f553a6	research/results/EXP-20261004-0008.json	2026-10-04T21:43:01Z
EXP-20261004-0008	HYP-0012	pvm01_ridge_pca_tree_s2	quick	complete	0.9996527777777777	36864.0	21.799991372972727	143808.0	0.6462406251802889	0.0	True	1d80c6241138d2dfe37dce2d05a5407c7b0150d1d5c0e7fab0d6cb7654f553a6	research/results/EXP-20261004-0008.json	2026-10-04T21:43:01Z
EXP-20261004-0008	HYP-0012	pvm01_ridge_pca_tree_s3	quick	complete	0.9989583333333333	36864.0	19.399987650103867	143808.0	0.6462406251802889	0.0	True	1d80c6241138d2dfe37dce2d05a5407c7b0150d1d5c0e7fab0d6cb7654f553a6	research/results/EXP-20261004-0008.json	2026-10-04T21:43:01Z
EXP-20261004-0008	HYP-0012	pvm01_ridge_pca_tree_s4	quick	complete	1.0	36864.0	19.400002202019095	143808.0	0.6462406251802889	0.0	True	1d80c6241138d2dfe37dce2d05a5407c7b0150d1d5c0e7fab0d6cb7654f553a6	research/results/EXP-20261004-0008.json	2026-10-04T21:43:01Z
EXP-20261004-0008	HYP-0012	pvm01_kernel_s0	quick	complete	1.0	28672.0	37.1999922208488	803328.0	1.0000000000000002	0.0	True	1d80c6241138d2dfe37dce2d05a5407c7b0150d1d5c0e7fab0d6cb7654f553a6	research/results/EXP-20261004-0008.json	2026-10-04T21:43:01Z
EXP-20261004-0008	HYP-0012	pvm01_kernel_s1	quick	complete	1.0	28672.0	36.19999915827066	803328.0	1.0000000000000002	0.0	True	1d80c6241138d2dfe37dce2d05a5407c7b0150d1d5c0e7fab0d6cb7654f553a6	research/results/EXP-20261004-0008.json	2026-10-04T21:43:01Z
EXP-20261004-0008	HYP-0012	pvm01_kernel_s2	quick	complete	0.9996527777777777	28672.0	37.49999450519681	803328.0	1.0000000000000002	0.0	True	1d80c6241138d2dfe37dce2d05a5407c7b0150d1d5c0e7fab0d6cb7654f553a6	research/results/EXP-20261004-0008.json	2026-10-04T21:43:01Z
EXP-20261004-0008	HYP-0012	pvm01_kernel_s3	quick	complete	0.9989583333333333	28672.0	36.19999915827066	803328.0	1.0000000000000002	0.0	True	1d80c6241138d2dfe37dce2d05a5407c7b0150d1d5c0e7fab0d6cb7654f553a6	research/results/EXP-20261004-0008.json	2026-10-04T21:43:01Z
EXP-20261004-0008	HYP-0012	pvm01_kernel_s4	quick	complete	1.0	28672.0	36.09999839682132	803328.0	1.0000000000000002	0.0	True	1d80c6241138d2dfe37dce2d05a5407c7b0150d1d5c0e7fab0d6cb7654f553a6	research/results/EXP-20261004-0008.json	2026-10-04T21:43:01Z
EXP-20261004-0008	HYP-0012	pvm01_raw_s0	quick	complete	0.25	28672.0	8.29999044071883	278528.0	1.0000000000000002	0.0	True	1d80c6241138d2dfe37dce2d05a5407c7b0150d1d5c0e7fab0d6cb7654f553a6	research/results/EXP-20261004-0008.json	2026-10-04T21:43:01Z
EXP-20261004-0008	HYP-0012	pvm01_raw_s1	quick	complete	0.24895833333333334	28672.0	8.200004231184721	278528.0	1.0000000000000002	0.0	True	1d80c6241138d2dfe37dce2d05a5407c7b0150d1d5c0e7fab0d6cb7654f553a6	research/results/EXP-20261004-0008.json	2026-10-04T21:43:01Z
EXP-20261004-0008	HYP-0012	pvm01_raw_s2	quick	complete	0.24930555555555556	28672.0	9.60000033956021	278528.0	1.0000000000000002	0.0	True	1d80c6241138d2dfe37dce2d05a5407c7b0150d1d5c0e7fab0d6cb7654f553a6	research/results/EXP-20261004-0008.json	2026-10-04T21:43:01Z
EXP-20261004-0008	HYP-0012	pvm01_raw_s3	quick	complete	0.2496527777777778	28672.0	8.600007276982069	278528.0	1.0000000000000002	0.0	True	1d80c6241138d2dfe37dce2d05a5407c7b0150d1d5c0e7fab0d6cb7654f553a6	research/results/EXP-20261004-0008.json	2026-10-04T21:43:01Z
EXP-20261004-0008	HYP-0012	pvm01_raw_s4	quick	complete	0.2496527777777778	28672.0	8.300004992634058	278528.0	1.0000000000000002	0.0	True	1d80c6241138d2dfe37dce2d05a5407c7b0150d1d5c0e7fab0d6cb7654f553a6	research/results/EXP-20261004-0008.json	2026-10-04T21:43:01Z
EXP-20261005-0001	HYP-0012	pvm01_tc_transport_pca_s0	quick	complete	0.9989583333333333	70144.0	59.600002714432776	136192.0	0.3079064252786213	0.0	True	0da11c100e79b24e63369a7442e60d4ad5fad83c8535af431b445eb29f73a054	research/results/EXP-20261005-0001.json	2026-10-05T01:07:32Z
EXP-20261005-0001	HYP-0012	pvm01_tc_transport_pca_s1	quick	complete	0.9996527777777777	70144.0	50.699993153102696	136192.0	0.3079064252786213	0.0	True	0da11c100e79b24e63369a7442e60d4ad5fad83c8535af431b445eb29f73a054	research/results/EXP-20261005-0001.json	2026-10-05T01:07:32Z
EXP-20261005-0001	HYP-0012	pvm01_tc_transport_pca_s2	quick	complete	0.9998263888888889	70144.0	49.90000161342323	136192.0	0.3079064252786213	0.0	True	0da11c100e79b24e63369a7442e60d4ad5fad83c8535af431b445eb29f73a054	research/results/EXP-20261005-0001.json	2026-10-05T01:07:32Z
EXP-20261005-0001	HYP-0012	pvm01_tc_transport_pca_s3	quick	complete	1.0	70144.0	51.10001075081527	136192.0	0.3079064252786213	0.0	True	0da11c100e79b24e63369a7442e60d4ad5fad83c8535af431b445eb29f73a054	research/results/EXP-20261005-0001.json	2026-10-05T01:07:32Z
EXP-20261005-0001	HYP-0012	pvm01_tc_transport_pca_s4	quick	complete	0.9998263888888889	70144.0	52.100003813393414	136192.0	0.3079064252786213	0.0	True	0da11c100e79b24e63369a7442e60d4ad5fad83c8535af431b445eb29f73a054	research/results/EXP-20261005-0001.json	2026-10-05T01:07:32Z
EXP-20261005-0001	HYP-0012	pvm01_tc_transport_full_s0	quick	complete	0.9991319444444444	70144.0	50.29999010730535	230400.0	0.3079064252786213	0.0	True	0da11c100e79b24e63369a7442e60d4ad5fad83c8535af431b445eb29f73a054	research/results/EXP-20261005-0001.json	2026-10-05T01:07:32Z
EXP-20261005-0001	HYP-0012	pvm01_tc_transport_full_s1	quick	complete	1.0	70144.0	49.90000161342323	230400.0	0.3079064252786213	0.0	True	0da11c100e79b24e63369a7442e60d4ad5fad83c8535af431b445eb29f73a054	research/results/EXP-20261005-0001.json	2026-10-05T01:07:32Z
EXP-20261005-0001	HYP-0012	pvm01_tc_transport_full_s2	quick	complete	0.9993055555555556	70144.0	48.699992476031184	230400.0	0.3079064252786213	0.0	True	0da11c100e79b24e63369a7442e60d4ad5fad83c8535af431b445eb29f73a054	research/results/EXP-20261005-0001.json	2026-10-05T01:07:32Z
EXP-20261005-0001	HYP-0012	pvm01_tc_transport_full_s3	quick	complete	1.0	70144.0	51.099996198900044	230400.0	0.3079064252786213	0.0	True	0da11c100e79b24e63369a7442e60d4ad5fad83c8535af431b445eb29f73a054	research/results/EXP-20261005-0001.json	2026-10-05T01:07:32Z
EXP-20261005-0001	HYP-0012	pvm01_tc_transport_full_s4	quick	complete	1.0	70144.0	50.700007705017924	230400.0	0.3079064252786213	0.0	True	0da11c100e79b24e63369a7442e60d4ad5fad83c8535af431b445eb29f73a054	research/results/EXP-20261005-0001.json	2026-10-05T01:07:32Z
EXP-20261005-0001	HYP-0012	pvm01_tc_transport_pca_untrained_s0	quick	complete	0.24913194444444445	70144.0	58.40000812895596	136192.0	0.3079064252786213	0.0	True	0da11c100e79b24e63369a7442e60d4ad5fad83c8535af431b445eb29f73a054	research/results/EXP-20261005-0001.json	2026-10-05T01:07:32Z
EXP-20261005-0001	HYP-0012	pvm01_tc_transport_pca_untrained_s1	quick	complete	0.25	70144.0	64.59999713115394	136192.0	0.3079064252786213	0.0	True	0da11c100e79b24e63369a7442e60d4ad5fad83c8535af431b445eb29f73a054	research/results/EXP-20261005-0001.json	2026-10-05T01:07:32Z
EXP-20261005-0001	HYP-0012	pvm01_tc_transport_pca_untrained_s2	quick	complete	0.24791666666666667	70144.0	63.799991039559245	136192.0	0.3079064252786213	0.0	True	0da11c100e79b24e63369a7442e60d4ad5fad83c8535af431b445eb29f73a054	research/results/EXP-20261005-0001.json	2026-10-05T01:07:32Z
EXP-20261005-0001	HYP-0012	pvm01_tc_transport_pca_untrained_s3	quick	complete	0.24947916666666664	70144.0	55.199998314492404	136192.0	0.3079064252786213	0.0	True	0da11c100e79b24e63369a7442e60d4ad5fad83c8535af431b445eb29f73a054	research/results/EXP-20261005-0001.json	2026-10-05T01:07:32Z
EXP-20261005-0001	HYP-0012	pvm01_tc_transport_pca_untrained_s4	quick	complete	0.25	70144.0	49.59999932907522	136192.0	0.3079064252786213	0.0	True	0da11c100e79b24e63369a7442e60d4ad5fad83c8535af431b445eb29f73a054	research/results/EXP-20261005-0001.json	2026-10-05T01:07:32Z
EXP-20261005-0001	HYP-0012	pvm01_tc_transport_pca_shuffled_s0	quick	complete	0.25	70144.0	49.700000090524554	136192.0	0.3079064252786213	0.0	True	0da11c100e79b24e63369a7442e60d4ad5fad83c8535af431b445eb29f73a054	research/results/EXP-20261005-0001.json	2026-10-05T01:07:32Z
EXP-20261005-0001	HYP-0012	pvm01_tc_transport_pca_shuffled_s1	quick	complete	0.2496527777777778	70144.0	54.0999899385497	136192.0	0.3079064252786213	0.0	True	0da11c100e79b24e63369a7442e60d4ad5fad83c8535af431b445eb29f73a054	research/results/EXP-20261005-0001.json	2026-10-05T01:07:32Z
EXP-20261005-0001	HYP-0012	pvm01_tc_transport_pca_shuffled_s2	quick	complete	0.25	70144.0	52.59999306872487	136192.0	0.3079064252786213	0.0	True	0da11c100e79b24e63369a7442e60d4ad5fad83c8535af431b445eb29f73a054	research/results/EXP-20261005-0001.json	2026-10-05T01:07:32Z
EXP-20261005-0001	HYP-0012	pvm01_tc_transport_pca_shuffled_s3	quick	complete	0.2496527777777778	70144.0	54.20000525191426	136192.0	0.3079064252786213	0.0	True	0da11c100e79b24e63369a7442e60d4ad5fad83c8535af431b445eb29f73a054	research/results/EXP-20261005-0001.json	2026-10-05T01:07:32Z
EXP-20261005-0001	HYP-0012	pvm01_tc_transport_pca_shuffled_s4	quick	complete	0.25	70144.0	52.89999535307288	136192.0	0.3079064252786213	0.0	True	0da11c100e79b24e63369a7442e60d4ad5fad83c8535af431b445eb29f73a054	research/results/EXP-20261005-0001.json	2026-10-05T01:07:32Z
EXP-20261005-0001	HYP-0012	pvm01_tc_dense_s0	quick	complete	0.9994791666666667	337152.0	1573.899993672967	764416.0	0.06472324445402389	0.0	True	0da11c100e79b24e63369a7442e60d4ad5fad83c8535af431b445eb29f73a054	research/results/EXP-20261005-0001.json	2026-10-05T01:07:32Z
EXP-20261005-0001	HYP-0012	pvm01_tc_dense_s1	quick	complete	0.9996527777777777	337152.0	1483.79999154713	764416.0	0.06472324445402389	0.0	True	0da11c100e79b24e63369a7442e60d4ad5fad83c8535af431b445eb29f73a054	research/results/EXP-20261005-0001.json	2026-10-05T01:07:32Z
EXP-20261005-0001	HYP-0012	pvm01_tc_dense_s2	quick	complete	0.9998263888888889	337152.0	1550.2999885939062	764416.0	0.06472324445402389	0.0	True	0da11c100e79b24e63369a7442e60d4ad5fad83c8535af431b445eb29f73a054	research/results/EXP-20261005-0001.json	2026-10-05T01:07:32Z
EXP-20261005-0001	HYP-0012	pvm01_tc_dense_s3	quick	complete	0.9996527777777777	337152.0	1553.599999169819	764416.0	0.06472324445402389	0.0	True	0da11c100e79b24e63369a7442e60d4ad5fad83c8535af431b445eb29f73a054	research/results/EXP-20261005-0001.json	2026-10-05T01:07:32Z
EXP-20261005-0001	HYP-0012	pvm01_tc_dense_s4	quick	complete	0.9998263888888889	337152.0	1531.6000062739477	764416.0	0.06472324445402389	0.0	True	0da11c100e79b24e63369a7442e60d4ad5fad83c8535af431b445eb29f73a054	research/results/EXP-20261005-0001.json	2026-10-05T01:07:32Z
EXP-20261005-0001	HYP-0012	pvm01_tc_dense_cached_cpu_s0	quick	complete	0.9994791666666667	337152.0	287.00000257231295	1288704.0	0.06472324445402389	0.0	True	0da11c100e79b24e63369a7442e60d4ad5fad83c8535af431b445eb29f73a054	research/results/EXP-20261005-0001.json	2026-10-05T01:07:32Z
EXP-20261005-0001	HYP-0012	pvm01_tc_dense_cached_cpu_s1	quick	complete	0.9996527777777777	337152.0	289.4000062951818	1288704.0	0.06472324445402389	0.0	True	0da11c100e79b24e63369a7442e60d4ad5fad83c8535af431b445eb29f73a054	research/results/EXP-20261005-0001.json	2026-10-05T01:07:32Z
EXP-20261005-0001	HYP-0012	pvm01_tc_dense_cached_cpu_s2	quick	complete	0.9998263888888889	337152.0	524.0000027697533	1288704.0	0.06472324445402389	0.0	True	0da11c100e79b24e63369a7442e60d4ad5fad83c8535af431b445eb29f73a054	research/results/EXP-20261005-0001.json	2026-10-05T01:07:32Z
EXP-20261005-0001	HYP-0012	pvm01_tc_dense_cached_cpu_s3	quick	complete	0.9996527777777777	337152.0	798.0999944265932	1288704.0	0.06472324445402389	0.0	True	0da11c100e79b24e63369a7442e60d4ad5fad83c8535af431b445eb29f73a054	research/results/EXP-20261005-0001.json	2026-10-05T01:07:32Z
EXP-20261005-0001	HYP-0012	pvm01_tc_dense_cached_cpu_s4	quick	complete	0.9998263888888889	337152.0	313.2000128971413	1288704.0	0.06472324445402389	0.0	True	0da11c100e79b24e63369a7442e60d4ad5fad83c8535af431b445eb29f73a054	research/results/EXP-20261005-0001.json	2026-10-05T01:07:32Z
EXP-20261005-0001	HYP-0012	pvm01_tc_dense_cached_cuda_s0	quick	complete	0.9994791666666667	337152.0	1377.900000079535	1288704.0	0.06472324445402389	0.0	True	0da11c100e79b24e63369a7442e60d4ad5fad83c8535af431b445eb29f73a054	research/results/EXP-20261005-0001.json	2026-10-05T01:07:32Z
EXP-20261005-0001	HYP-0012	pvm01_tc_dense_cached_cuda_s1	quick	complete	0.9996527777777777	337152.0	1376.5000039711595	1288704.0	0.06472324445402389	0.0	True	0da11c100e79b24e63369a7442e60d4ad5fad83c8535af431b445eb29f73a054	research/results/EXP-20261005-0001.json	2026-10-05T01:07:32Z
EXP-20261005-0001	HYP-0012	pvm01_tc_dense_cached_cuda_s2	quick	complete	0.9998263888888889	337152.0	1254.4000055640936	1288704.0	0.06472324445402389	0.0	True	0da11c100e79b24e63369a7442e60d4ad5fad83c8535af431b445eb29f73a054	research/results/EXP-20261005-0001.json	2026-10-05T01:07:32Z
EXP-20261005-0001	HYP-0012	pvm01_tc_dense_cached_cuda_s3	quick	complete	0.9996527777777777	337152.0	1412.1999993221834	1288704.0	0.06472324445402389	0.0	True	0da11c100e79b24e63369a7442e60d4ad5fad83c8535af431b445eb29f73a054	research/results/EXP-20261005-0001.json	2026-10-05T01:07:32Z
EXP-20261005-0001	HYP-0012	pvm01_tc_dense_cached_cuda_s4	quick	complete	0.9998263888888889	337152.0	1216.8000102974474	1288704.0	0.06472324445402389	0.0	True	0da11c100e79b24e63369a7442e60d4ad5fad83c8535af431b445eb29f73a054	research/results/EXP-20261005-0001.json	2026-10-05T01:07:32Z
EXP-20261005-0001	HYP-0012	pvm01_tc_ridge_s0	quick	complete	0.9991319444444444	36864.0	11.70000177808106	311808.0	0.6462406251802889	0.0	True	0da11c100e79b24e63369a7442e60d4ad5fad83c8535af431b445eb29f73a054	research/results/EXP-20261005-0001.json	2026-10-05T01:07:32Z
EXP-20261005-0001	HYP-0012	pvm01_tc_ridge_s1	quick	complete	0.9944444444444444	36864.0	10.800009476952255	311808.0	0.6462406251802889	0.0	True	0da11c100e79b24e63369a7442e60d4ad5fad83c8535af431b445eb29f73a054	research/results/EXP-20261005-0001.json	2026-10-05T01:07:32Z
EXP-20261005-0001	HYP-0012	pvm01_tc_ridge_s2	quick	complete	0.9993055555555556	36864.0	10.900010238401592	311808.0	0.6462406251802889	0.0	True	0da11c100e79b24e63369a7442e60d4ad5fad83c8535af431b445eb29f73a054	research/results/EXP-20261005-0001.json	2026-10-05T01:07:32Z
EXP-20261005-0001	HYP-0012	pvm01_tc_ridge_s3	quick	complete	1.0	36864.0	11.199997970834374	311808.0	0.6462406251802889	0.0	True	0da11c100e79b24e63369a7442e60d4ad5fad83c8535af431b445eb29f73a054	research/results/EXP-20261005-0001.json	2026-10-05T01:07:32Z
EXP-20261005-0001	HYP-0012	pvm01_tc_ridge_s4	quick	complete	1.0	36864.0	11.999989510513842	311808.0	0.6462406251802889	0.0	True	0da11c100e79b24e63369a7442e60d4ad5fad83c8535af431b445eb29f73a054	research/results/EXP-20261005-0001.json	2026-10-05T01:07:32Z
EXP-20261005-0001	HYP-0012	pvm01_tc_ridge32_s0	quick	complete	0.9991319444444444	36864.0	10.100004146806896	164096.0	0.6462406251802889	0.0	True	0da11c100e79b24e63369a7442e60d4ad5fad83c8535af431b445eb29f73a054	research/results/EXP-20261005-0001.json	2026-10-05T01:07:32Z
EXP-20261005-0001	HYP-0012	pvm01_tc_ridge32_s1	quick	complete	0.9944444444444444	36864.0	11.600001016631722	164096.0	0.6462406251802889	0.0	True	0da11c100e79b24e63369a7442e60d4ad5fad83c8535af431b445eb29f73a054	research/results/EXP-20261005-0001.json	2026-10-05T01:07:32Z
EXP-20261005-0001	HYP-0012	pvm01_tc_ridge32_s2	quick	complete	0.9993055555555556	36864.0	11.600001016631722	164096.0	0.6462406251802889	0.0	True	0da11c100e79b24e63369a7442e60d4ad5fad83c8535af431b445eb29f73a054	research/results/EXP-20261005-0001.json	2026-10-05T01:07:32Z
EXP-20261005-0001	HYP-0012	pvm01_tc_ridge32_s3	quick	complete	1.0	36864.0	11.600001016631722	164096.0	0.6462406251802889	0.0	True	0da11c100e79b24e63369a7442e60d4ad5fad83c8535af431b445eb29f73a054	research/results/EXP-20261005-0001.json	2026-10-05T01:07:32Z
EXP-20261005-0001	HYP-0012	pvm01_tc_ridge32_s4	quick	complete	1.0	36864.0	11.299998732283711	164096.0	0.6462406251802889	0.0	True	0da11c100e79b24e63369a7442e60d4ad5fad83c8535af431b445eb29f73a054	research/results/EXP-20261005-0001.json	2026-10-05T01:07:32Z
EXP-20261005-0001	HYP-0012	pvm01_tc_ridge_pca_scan_s0	quick	complete	0.9989583333333333	36864.0	9.900002623908222	69888.0	0.6462406251802889	0.0	True	0da11c100e79b24e63369a7442e60d4ad5fad83c8535af431b445eb29f73a054	research/results/EXP-20261005-0001.json	2026-10-05T01:07:32Z
EXP-20261005-0001	HYP-0012	pvm01_tc_ridge_pca_scan_s1	quick	complete	0.9998263888888889	36864.0	12.699994840659201	69888.0	0.6462406251802889	0.0	True	0da11c100e79b24e63369a7442e60d4ad5fad83c8535af431b445eb29f73a054	research/results/EXP-20261005-0001.json	2026-10-05T01:07:32Z
EXP-20261005-0001	HYP-0012	pvm01_tc_ridge_pca_scan_s2	quick	complete	0.9998263888888889	36864.0	12.299991794861853	69888.0	0.6462406251802889	0.0	True	0da11c100e79b24e63369a7442e60d4ad5fad83c8535af431b445eb29f73a054	research/results/EXP-20261005-0001.json	2026-10-05T01:07:32Z
EXP-20261005-0001	HYP-0012	pvm01_tc_ridge_pca_scan_s3	quick	complete	0.9998263888888889	36864.0	11.999989510513842	69888.0	0.6462406251802889	0.0	True	0da11c100e79b24e63369a7442e60d4ad5fad83c8535af431b445eb29f73a054	research/results/EXP-20261005-0001.json	2026-10-05T01:07:32Z
EXP-20261005-0001	HYP-0012	pvm01_tc_ridge_pca_scan_s4	quick	complete	0.9998263888888889	36864.0	12.00000406242907	69888.0	0.6462406251802889	0.0	True	0da11c100e79b24e63369a7442e60d4ad5fad83c8535af431b445eb29f73a054	research/results/EXP-20261005-0001.json	2026-10-05T01:07:32Z
EXP-20261005-0001	HYP-0012	pvm01_tc_ridge_pca_tree_s0	quick	complete	0.9989583333333333	36864.0	20.799998310394585	143808.0	0.6462406251802889	0.0	True	0da11c100e79b24e63369a7442e60d4ad5fad83c8535af431b445eb29f73a054	research/results/EXP-20261005-0001.json	2026-10-05T01:07:32Z
EXP-20261005-0001	HYP-0012	pvm01_tc_ridge_pca_tree_s1	quick	complete	0.9998263888888889	36864.0	20.099992980249226	143808.0	0.6462406251802889	0.0	True	0da11c100e79b24e63369a7442e60d4ad5fad83c8535af431b445eb29f73a054	research/results/EXP-20261005-0001.json	2026-10-05T01:07:32Z
EXP-20261005-0001	HYP-0012	pvm01_tc_ridge_pca_tree_s2	quick	complete	0.9998263888888889	36864.0	20.700012100860476	143808.0	0.6462406251802889	0.0	True	0da11c100e79b24e63369a7442e60d4ad5fad83c8535af431b445eb29f73a054	research/results/EXP-20261005-0001.json	2026-10-05T01:07:32Z
EXP-20261005-0001	HYP-0012	pvm01_tc_ridge_pca_tree_s3	quick	complete	0.9998263888888889	36864.0	19.99999221879989	143808.0	0.6462406251802889	0.0	True	0da11c100e79b24e63369a7442e60d4ad5fad83c8535af431b445eb29f73a054	research/results/EXP-20261005-0001.json	2026-10-05T01:07:32Z
EXP-20261005-0001	HYP-0012	pvm01_tc_ridge_pca_tree_s4	quick	complete	0.9998263888888889	36864.0	20.20000829361379	143808.0	0.6462406251802889	0.0	True	0da11c100e79b24e63369a7442e60d4ad5fad83c8535af431b445eb29f73a054	research/results/EXP-20261005-0001.json	2026-10-05T01:07:32Z
EXP-20261005-0001	HYP-0012	pvm01_tc_kernel_s0	quick	complete	0.9991319444444444	28672.0	39.99999898951501	803328.0	1.0000000000000002	0.0	True	0da11c100e79b24e63369a7442e60d4ad5fad83c8535af431b445eb29f73a054	research/results/EXP-20261005-0001.json	2026-10-05T01:07:32Z
EXP-20261005-0001	HYP-0012	pvm01_tc_kernel_s1	quick	complete	0.9930555555555556	28672.0	39.50000973418355	803328.0	1.0000000000000002	0.0	True	0da11c100e79b24e63369a7442e60d4ad5fad83c8535af431b445eb29f73a054	research/results/EXP-20261005-0001.json	2026-10-05T01:07:32Z
EXP-20261005-0001	HYP-0012	pvm01_tc_kernel_s2	quick	complete	1.0	28672.0	43.799998820759356	803328.0	1.0000000000000002	0.0	True	0da11c100e79b24e63369a7442e60d4ad5fad83c8535af431b445eb29f73a054	research/results/EXP-20261005-0001.json	2026-10-05T01:07:32Z
EXP-20261005-0001	HYP-0012	pvm01_tc_kernel_s3	quick	complete	1.0	28672.0	37.300007534213364	803328.0	1.0000000000000002	0.0	True	0da11c100e79b24e63369a7442e60d4ad5fad83c8535af431b445eb29f73a054	research/results/EXP-20261005-0001.json	2026-10-05T01:07:32Z
EXP-20261005-0001	HYP-0012	pvm01_tc_kernel_s4	quick	complete	0.9998263888888889	28672.0	37.1999922208488	803328.0	1.0000000000000002	0.0	True	0da11c100e79b24e63369a7442e60d4ad5fad83c8535af431b445eb29f73a054	research/results/EXP-20261005-0001.json	2026-10-05T01:07:32Z
EXP-20261005-0001	HYP-0012	pvm01_tc_raw_s0	quick	complete	0.24930555555555556	28672.0	8.100003469735384	278528.0	1.0000000000000002	0.0	True	0da11c100e79b24e63369a7442e60d4ad5fad83c8535af431b445eb29f73a054	research/results/EXP-20261005-0001.json	2026-10-05T01:07:32Z
EXP-20261005-0001	HYP-0012	pvm01_tc_raw_s1	quick	complete	0.24843749999999998	28672.0	8.199989679269493	278528.0	1.0000000000000002	0.0	True	0da11c100e79b24e63369a7442e60d4ad5fad83c8535af431b445eb29f73a054	research/results/EXP-20261005-0001.json	2026-10-05T01:07:32Z
EXP-20261005-0001	HYP-0012	pvm01_tc_raw_s2	quick	complete	0.24843749999999998	28672.0	8.899995009414852	278528.0	1.0000000000000002	0.0	True	0da11c100e79b24e63369a7442e60d4ad5fad83c8535af431b445eb29f73a054	research/results/EXP-20261005-0001.json	2026-10-05T01:07:32Z
EXP-20261005-0001	HYP-0012	pvm01_tc_raw_s3	quick	complete	0.25	28672.0	8.499991963617504	278528.0	1.0000000000000002	0.0	True	0da11c100e79b24e63369a7442e60d4ad5fad83c8535af431b445eb29f73a054	research/results/EXP-20261005-0001.json	2026-10-05T01:07:32Z
EXP-20261005-0001	HYP-0012	pvm01_tc_raw_s4	quick	complete	0.2496527777777778	28672.0	8.800008799880743	278528.0	1.0000000000000002	0.0	True	0da11c100e79b24e63369a7442e60d4ad5fad83c8535af431b445eb29f73a054	research/results/EXP-20261005-0001.json	2026-10-05T01:07:32Z
EXP-20261005-0001	HYP-0012	pvm01_tc_delta_s0	quick	complete	0.9730902777777778	238080.0	89.69999908003956	484352.0	0.0	0.0	True	0da11c100e79b24e63369a7442e60d4ad5fad83c8535af431b445eb29f73a054	research/results/EXP-20261005-0001.json	2026-10-05T01:07:32Z
EXP-20261005-0001	HYP-0012	pvm01_tc_delta_s1	quick	complete	0.984375	238080.0	87.69999840296805	484352.0	0.0	0.0	True	0da11c100e79b24e63369a7442e60d4ad5fad83c8535af431b445eb29f73a054	research/results/EXP-20261005-0001.json	2026-10-05T01:07:32Z
EXP-20261005-0001	HYP-0012	pvm01_tc_delta_s2	quick	complete	0.9803819444444445	238080.0	89.29999603424221	484352.0	0.0	0.0	True	0da11c100e79b24e63369a7442e60d4ad5fad83c8535af431b445eb29f73a054	research/results/EXP-20261005-0001.json	2026-10-05T01:07:32Z
EXP-20261005-0001	HYP-0012	pvm01_tc_delta_s3	quick	complete	0.9770833333333333	238080.0	86.60000457894057	484352.0	0.0	0.0	True	0da11c100e79b24e63369a7442e60d4ad5fad83c8535af431b445eb29f73a054	research/results/EXP-20261005-0001.json	2026-10-05T01:07:32Z
EXP-20261005-0001	HYP-0012	pvm01_tc_delta_s4	quick	complete	0.9835069444444444	238080.0	91.19999594986439	484352.0	0.0	0.0	True	0da11c100e79b24e63369a7442e60d4ad5fad83c8535af431b445eb29f73a054	research/results/EXP-20261005-0001.json	2026-10-05T01:07:32Z
EXP-20261005-0002	HYP-0012	pvm01_tc_transport_pca_s0	quick	complete	0.9987847222222221	70144.0	60.600010328926146	136192.0	0.3079064252786213	0.0	True	7ce08b2e89546435e390ff06b8aa5bb018ad928983f40bedf403b96d1b410491	research/results/EXP-20261005-0002.json	2026-10-05T02:47:55Z
EXP-20261005-0002	HYP-0012	pvm01_tc_transport_pca_s1	quick	complete	0.9989583333333333	70144.0	60.89999806135893	136192.0	0.3079064252786213	0.0	True	7ce08b2e89546435e390ff06b8aa5bb018ad928983f40bedf403b96d1b410491	research/results/EXP-20261005-0002.json	2026-10-05T02:47:55Z
EXP-20261005-0002	HYP-0012	pvm01_tc_transport_pca_s2	quick	complete	0.9998263888888889	70144.0	60.19999273121357	136192.0	0.3079064252786213	0.0	True	7ce08b2e89546435e390ff06b8aa5bb018ad928983f40bedf403b96d1b410491	research/results/EXP-20261005-0002.json	2026-10-05T02:47:55Z
EXP-20261005-0002	HYP-0012	pvm01_tc_transport_pca_s3	quick	complete	1.0	70144.0	66.00000779144466	136192.0	0.3079064252786213	0.0	True	7ce08b2e89546435e390ff06b8aa5bb018ad928983f40bedf403b96d1b410491	research/results/EXP-20261005-0002.json	2026-10-05T02:47:55Z
EXP-20261005-0002	HYP-0012	pvm01_tc_transport_pca_s4	quick	complete	0.9993055555555556	70144.0	63.70000483002514	136192.0	0.3079064252786213	0.0	True	7ce08b2e89546435e390ff06b8aa5bb018ad928983f40bedf403b96d1b410491	research/results/EXP-20261005-0002.json	2026-10-05T02:47:55Z
EXP-20261005-0002	HYP-0012	pvm01_tc_transport_full_s0	quick	complete	0.9993055555555556	70144.0	62.10000719875097	230400.0	0.3079064252786213	0.0	True	7ce08b2e89546435e390ff06b8aa5bb018ad928983f40bedf403b96d1b410491	research/results/EXP-20261005-0002.json	2026-10-05T02:47:55Z
EXP-20261005-0002	HYP-0012	pvm01_tc_transport_full_s1	quick	complete	0.9993055555555556	70144.0	60.699996538460255	230400.0	0.3079064252786213	0.0	True	7ce08b2e89546435e390ff06b8aa5bb018ad928983f40bedf403b96d1b410491	research/results/EXP-20261005-0002.json	2026-10-05T02:47:55Z
EXP-20261005-0002	HYP-0012	pvm01_tc_transport_full_s2	quick	complete	0.9953124999999999	70144.0	63.90000635292381	230400.0	0.3079064252786213	0.0	True	7ce08b2e89546435e390ff06b8aa5bb018ad928983f40bedf403b96d1b410491	research/results/EXP-20261005-0002.json	2026-10-05T02:47:55Z
EXP-20261005-0002	HYP-0012	pvm01_tc_transport_full_s3	quick	complete	1.0	70144.0	61.50000263005495	230400.0	0.3079064252786213	0.0	True	7ce08b2e89546435e390ff06b8aa5bb018ad928983f40bedf403b96d1b410491	research/results/EXP-20261005-0002.json	2026-10-05T02:47:55Z
EXP-20261005-0002	HYP-0012	pvm01_tc_transport_full_s4	quick	complete	0.9996527777777777	70144.0	60.999998822808266	230400.0	0.3079064252786213	0.0	True	7ce08b2e89546435e390ff06b8aa5bb018ad928983f40bedf403b96d1b410491	research/results/EXP-20261005-0002.json	2026-10-05T02:47:55Z
EXP-20261005-0002	HYP-0012	pvm01_tc_transport_pca_untrained_s0	quick	complete	0.2498263888888889	70144.0	61.79999036248773	136192.0	0.3079064252786213	0.0	True	7ce08b2e89546435e390ff06b8aa5bb018ad928983f40bedf403b96d1b410491	research/results/EXP-20261005-0002.json	2026-10-05T02:47:55Z
EXP-20261005-0002	HYP-0012	pvm01_tc_transport_pca_untrained_s1	quick	complete	0.2498263888888889	70144.0	60.300008044578135	136192.0	0.3079064252786213	0.0	True	7ce08b2e89546435e390ff06b8aa5bb018ad928983f40bedf403b96d1b410491	research/results/EXP-20261005-0002.json	2026-10-05T02:47:55Z
EXP-20261005-0002	HYP-0012	pvm01_tc_transport_pca_untrained_s2	quick	complete	0.25	70144.0	59.79998968541622	136192.0	0.3079064252786213	0.0	True	7ce08b2e89546435e390ff06b8aa5bb018ad928983f40bedf403b96d1b410491	research/results/EXP-20261005-0002.json	2026-10-05T02:47:55Z
EXP-20261005-0002	HYP-0012	pvm01_tc_transport_pca_untrained_s3	quick	complete	0.2496527777777778	70144.0	59.699988923966885	136192.0	0.3079064252786213	0.0	True	7ce08b2e89546435e390ff06b8aa5bb018ad928983f40bedf403b96d1b410491	research/results/EXP-20261005-0002.json	2026-10-05T02:47:55Z
EXP-20261005-0002	HYP-0012	pvm01_tc_transport_pca_untrained_s4	quick	complete	0.24947916666666664	70144.0	60.999998822808266	136192.0	0.3079064252786213	0.0	True	7ce08b2e89546435e390ff06b8aa5bb018ad928983f40bedf403b96d1b410491	research/results/EXP-20261005-0002.json	2026-10-05T02:47:55Z
EXP-20261005-0002	HYP-0012	pvm01_tc_transport_pca_shuffled_s0	quick	complete	0.2498263888888889	70144.0	65.00000017695129	136192.0	0.3079064252786213	0.0	True	7ce08b2e89546435e390ff06b8aa5bb018ad928983f40bedf403b96d1b410491	research/results/EXP-20261005-0002.json	2026-10-05T02:47:55Z
EXP-20261005-0002	HYP-0012	pvm01_tc_transport_pca_shuffled_s1	quick	complete	0.2498263888888889	70144.0	65.99999323952943	136192.0	0.3079064252786213	0.0	True	7ce08b2e89546435e390ff06b8aa5bb018ad928983f40bedf403b96d1b410491	research/results/EXP-20261005-0002.json	2026-10-05T02:47:55Z
EXP-20261005-0002	HYP-0012	pvm01_tc_transport_pca_shuffled_s2	quick	complete	0.25	70144.0	64.50001092161983	136192.0	0.3079064252786213	0.0	True	7ce08b2e89546435e390ff06b8aa5bb018ad928983f40bedf403b96d1b410491	research/results/EXP-20261005-0002.json	2026-10-05T02:47:55Z
EXP-20261005-0002	HYP-0012	pvm01_tc_transport_pca_shuffled_s3	quick	complete	0.2498263888888889	70144.0	62.60001100599766	136192.0	0.3079064252786213	0.0	True	7ce08b2e89546435e390ff06b8aa5bb018ad928983f40bedf403b96d1b410491	research/results/EXP-20261005-0002.json	2026-10-05T02:47:55Z
EXP-20261005-0002	HYP-0012	pvm01_tc_transport_pca_shuffled_s4	quick	complete	0.25	70144.0	61.0999995842576	136192.0	0.3079064252786213	0.0	True	7ce08b2e89546435e390ff06b8aa5bb018ad928983f40bedf403b96d1b410491	research/results/EXP-20261005-0002.json	2026-10-05T02:47:55Z
EXP-20261005-0002	HYP-0012	pvm01_tc_dense_s0	quick	complete	0.9998263888888889	337152.0	1590.500003658235	764416.0	0.06472324445402389	0.0	True	7ce08b2e89546435e390ff06b8aa5bb018ad928983f40bedf403b96d1b410491	research/results/EXP-20261005-0002.json	2026-10-05T02:47:55Z
EXP-20261005-0002	HYP-0012	pvm01_tc_dense_s1	quick	complete	0.9991319444444444	337152.0	1597.3999979905784	764416.0	0.06472324445402389	0.0	True	7ce08b2e89546435e390ff06b8aa5bb018ad928983f40bedf403b96d1b410491	research/results/EXP-20261005-0002.json	2026-10-05T02:47:55Z
EXP-20261005-0002	HYP-0012	pvm01_tc_dense_s2	quick	complete	0.9864583333333334	337152.0	1575.0000020489097	764416.0	0.06472324445402389	0.0	True	7ce08b2e89546435e390ff06b8aa5bb018ad928983f40bedf403b96d1b410491	research/results/EXP-20261005-0002.json	2026-10-05T02:47:55Z
EXP-20261005-0002	HYP-0012	pvm01_tc_dense_s3	quick	complete	0.9993055555555556	337152.0	1610.5999966384843	764416.0	0.06472324445402389	0.0	True	7ce08b2e89546435e390ff06b8aa5bb018ad928983f40bedf403b96d1b410491	research/results/EXP-20261005-0002.json	2026-10-05T02:47:55Z
EXP-20261005-0002	HYP-0012	pvm01_tc_dense_s4	quick	complete	0.9998263888888889	337152.0	1609.0999997686595	764416.0	0.06472324445402389	0.0	True	7ce08b2e89546435e390ff06b8aa5bb018ad928983f40bedf403b96d1b410491	research/results/EXP-20261005-0002.json	2026-10-05T02:47:55Z
EXP-20261005-0002	HYP-0012	pvm01_tc_dense_cached_cpu_s0	quick	complete	0.9998263888888889	337152.0	356.79999564308673	1288704.0	0.06472324445402389	0.0	True	7ce08b2e89546435e390ff06b8aa5bb018ad928983f40bedf403b96d1b410491	research/results/EXP-20261005-0002.json	2026-10-05T02:47:55Z
EXP-20261005-0002	HYP-0012	pvm01_tc_dense_cached_cpu_s1	quick	complete	0.9991319444444444	337152.0	353.8000019034371	1288704.0	0.06472324445402389	0.0	True	7ce08b2e89546435e390ff06b8aa5bb018ad928983f40bedf403b96d1b410491	research/results/EXP-20261005-0002.json	2026-10-05T02:47:55Z
EXP-20261005-0002	HYP-0012	pvm01_tc_dense_cached_cpu_s2	quick	complete	0.9864583333333334	337152.0	360.70001078769565	1288704.0	0.06472324445402389	0.0	True	7ce08b2e89546435e390ff06b8aa5bb018ad928983f40bedf403b96d1b410491	research/results/EXP-20261005-0002.json	2026-10-05T02:47:55Z
EXP-20261005-0002	HYP-0012	pvm01_tc_dense_cached_cpu_s3	quick	complete	0.9993055555555556	337152.0	350.90000892523676	1288704.0	0.06472324445402389	0.0	True	7ce08b2e89546435e390ff06b8aa5bb018ad928983f40bedf403b96d1b410491	research/results/EXP-20261005-0002.json	2026-10-05T02:47:55Z
EXP-20261005-0002	HYP-0012	pvm01_tc_dense_cached_cpu_s4	quick	complete	0.9998263888888889	337152.0	361.09999928157777	1288704.0	0.06472324445402389	0.0	True	7ce08b2e89546435e390ff06b8aa5bb018ad928983f40bedf403b96d1b410491	research/results/EXP-20261005-0002.json	2026-10-05T02:47:55Z
EXP-20261005-0002	HYP-0012	pvm01_tc_dense_cached_cuda_s0	quick	complete	0.9998263888888889	337152.0	1358.9000009233132	1288704.0	0.06472324445402389	0.0	True	7ce08b2e89546435e390ff06b8aa5bb018ad928983f40bedf403b96d1b410491	research/results/EXP-20261005-0002.json	2026-10-05T02:47:55Z
EXP-20261005-0002	HYP-0012	pvm01_tc_dense_cached_cuda_s1	quick	complete	0.9991319444444444	337152.0	1363.5000068461522	1288704.0	0.06472324445402389	0.0	True	7ce08b2e89546435e390ff06b8aa5bb018ad928983f40bedf403b96d1b410491	research/results/EXP-20261005-0002.json	2026-10-05T02:47:55Z
EXP-20261005-0002	HYP-0012	pvm01_tc_dense_cached_cuda_s2	quick	complete	0.9864583333333334	337152.0	1347.0999983837828	1288704.0	0.06472324445402389	0.0	True	7ce08b2e89546435e390ff06b8aa5bb018ad928983f40bedf403b96d1b410491	research/results/EXP-20261005-0002.json	2026-10-05T02:47:55Z
EXP-20261005-0002	HYP-0012	pvm01_tc_dense_cached_cuda_s3	quick	complete	0.9993055555555556	337152.0	1290.599990170449	1288704.0	0.06472324445402389	0.0	True	7ce08b2e89546435e390ff06b8aa5bb018ad928983f40bedf403b96d1b410491	research/results/EXP-20261005-0002.json	2026-10-05T02:47:55Z
EXP-20261005-0002	HYP-0012	pvm01_tc_dense_cached_cuda_s4	quick	complete	0.9998263888888889	337152.0	1346.0999907692894	1288704.0	0.06472324445402389	0.0	True	7ce08b2e89546435e390ff06b8aa5bb018ad928983f40bedf403b96d1b410491	research/results/EXP-20261005-0002.json	2026-10-05T02:47:55Z
EXP-20261005-0002	HYP-0012	pvm01_tc_ridge_s0	quick	complete	0.9993055555555556	36864.0	11.900003300979733	311808.0	0.6462406251802889	0.0	True	7ce08b2e89546435e390ff06b8aa5bb018ad928983f40bedf403b96d1b410491	research/results/EXP-20261005-0002.json	2026-10-05T02:47:55Z
EXP-20261005-0002	HYP-0012	pvm01_tc_ridge_s1	quick	complete	0.9991319444444444	36864.0	10.69999416358769	311808.0	0.6462406251802889	0.0	True	7ce08b2e89546435e390ff06b8aa5bb018ad928983f40bedf403b96d1b410491	research/results/EXP-20261005-0002.json	2026-10-05T02:47:55Z
EXP-20261005-0002	HYP-0012	pvm01_tc_ridge_s2	quick	complete	0.9967013888888889	36864.0	11.200012522749603	311808.0	0.6462406251802889	0.0	True	7ce08b2e89546435e390ff06b8aa5bb018ad928983f40bedf403b96d1b410491	research/results/EXP-20261005-0002.json	2026-10-05T02:47:55Z
EXP-20261005-0002	HYP-0012	pvm01_tc_ridge_s3	quick	complete	1.0	36864.0	12.200005585327744	311808.0	0.6462406251802889	0.0	True	7ce08b2e89546435e390ff06b8aa5bb018ad928983f40bedf403b96d1b410491	research/results/EXP-20261005-0002.json	2026-10-05T02:47:55Z
EXP-20261005-0002	HYP-0012	pvm01_tc_ridge_s4	quick	complete	0.9996527777777777	36864.0	11.099997209385037	311808.0	0.6462406251802889	0.0	True	7ce08b2e89546435e390ff06b8aa5bb018ad928983f40bedf403b96d1b410491	research/results/EXP-20261005-0002.json	2026-10-05T02:47:55Z
EXP-20261005-0002	HYP-0012	pvm01_tc_ridge32_s0	quick	complete	0.9993055555555556	36864.0	11.099997209385037	164096.0	0.6462406251802889	0.0	True	7ce08b2e89546435e390ff06b8aa5bb018ad928983f40bedf403b96d1b410491	research/results/EXP-20261005-0002.json	2026-10-05T02:47:55Z
EXP-20261005-0002	HYP-0012	pvm01_tc_ridge32_s1	quick	complete	0.9991319444444444	36864.0	9.499999578110874	164096.0	0.6462406251802889	0.0	True	7ce08b2e89546435e390ff06b8aa5bb018ad928983f40bedf403b96d1b410491	research/results/EXP-20261005-0002.json	2026-10-05T02:47:55Z
EXP-20261005-0002	HYP-0012	pvm01_tc_ridge32_s2	quick	complete	0.9967013888888889	36864.0	10.799994925037026	164096.0	0.6462406251802889	0.0	True	7ce08b2e89546435e390ff06b8aa5bb018ad928983f40bedf403b96d1b410491	research/results/EXP-20261005-0002.json	2026-10-05T02:47:55Z
EXP-20261005-0002	HYP-0012	pvm01_tc_ridge32_s3	quick	complete	1.0	36864.0	10.200004908256233	164096.0	0.6462406251802889	0.0	True	7ce08b2e89546435e390ff06b8aa5bb018ad928983f40bedf403b96d1b410491	research/results/EXP-20261005-0002.json	2026-10-05T02:47:55Z
EXP-20261005-0002	HYP-0012	pvm01_tc_ridge32_s4	quick	complete	0.9996527777777777	36864.0	9.700001101009548	164096.0	0.6462406251802889	0.0	True	7ce08b2e89546435e390ff06b8aa5bb018ad928983f40bedf403b96d1b410491	research/results/EXP-20261005-0002.json	2026-10-05T02:47:55Z
EXP-20261005-0002	HYP-0012	pvm01_tc_ridge_pca_scan_s0	quick	complete	0.9984375000000001	36864.0	12.099990271963179	69888.0	0.6462406251802889	0.0	True	7ce08b2e89546435e390ff06b8aa5bb018ad928983f40bedf403b96d1b410491	research/results/EXP-20261005-0002.json	2026-10-05T02:47:55Z
EXP-20261005-0002	HYP-0012	pvm01_tc_ridge_pca_scan_s1	quick	complete	0.9989583333333333	36864.0	9.499999578110874	69888.0	0.6462406251802889	0.0	True	7ce08b2e89546435e390ff06b8aa5bb018ad928983f40bedf403b96d1b410491	research/results/EXP-20261005-0002.json	2026-10-05T02:47:55Z
EXP-20261005-0002	HYP-0012	pvm01_tc_ridge_pca_scan_s2	quick	complete	0.9998263888888889	36864.0	11.799987987615168	69888.0	0.6462406251802889	0.0	True	7ce08b2e89546435e390ff06b8aa5bb018ad928983f40bedf403b96d1b410491	research/results/EXP-20261005-0002.json	2026-10-05T02:47:55Z
EXP-20261005-0002	HYP-0012	pvm01_tc_ridge_pca_scan_s3	quick	complete	1.0	36864.0	9.700001101009548	69888.0	0.6462406251802889	0.0	True	7ce08b2e89546435e390ff06b8aa5bb018ad928983f40bedf403b96d1b410491	research/results/EXP-20261005-0002.json	2026-10-05T02:47:55Z
EXP-20261005-0002	HYP-0012	pvm01_tc_ridge_pca_scan_s4	quick	complete	0.9994791666666667	36864.0	9.799987310543656	69888.0	0.6462406251802889	0.0	True	7ce08b2e89546435e390ff06b8aa5bb018ad928983f40bedf403b96d1b410491	research/results/EXP-20261005-0002.json	2026-10-05T02:47:55Z
EXP-20261005-0002	HYP-0012	pvm01_tc_ridge_pca_tree_s0	quick	complete	0.9984375000000001	36864.0	21.500003640539944	143808.0	0.6462406251802889	0.0	True	7ce08b2e89546435e390ff06b8aa5bb018ad928983f40bedf403b96d1b410491	research/results/EXP-20261005-0002.json	2026-10-05T02:47:55Z
EXP-20261005-0002	HYP-0012	pvm01_tc_ridge_pca_tree_s1	quick	complete	0.9989583333333333	36864.0	22.00000744778663	143808.0	0.6462406251802889	0.0	True	7ce08b2e89546435e390ff06b8aa5bb018ad928983f40bedf403b96d1b410491	research/results/EXP-20261005-0002.json	2026-10-05T02:47:55Z
EXP-20261005-0002	HYP-0012	pvm01_tc_ridge_pca_tree_s2	quick	complete	0.9998263888888889	36864.0	19.30000144056976	143808.0	0.6462406251802889	0.0	True	7ce08b2e89546435e390ff06b8aa5bb018ad928983f40bedf403b96d1b410491	research/results/EXP-20261005-0002.json	2026-10-05T02:47:55Z
EXP-20261005-0002	HYP-0012	pvm01_tc_ridge_pca_tree_s3	quick	complete	1.0	36864.0	20.2999945031479	143808.0	0.6462406251802889	0.0	True	7ce08b2e89546435e390ff06b8aa5bb018ad928983f40bedf403b96d1b410491	research/results/EXP-20261005-0002.json	2026-10-05T02:47:55Z
EXP-20261005-0002	HYP-0012	pvm01_tc_ridge_pca_tree_s4	quick	complete	0.9994791666666667	36864.0	21.900006686337292	143808.0	0.6462406251802889	0.0	True	7ce08b2e89546435e390ff06b8aa5bb018ad928983f40bedf403b96d1b410491	research/results/EXP-20261005-0002.json	2026-10-05T02:47:55Z
EXP-20261005-0002	HYP-0012	pvm01_tc_kernel_s0	quick	complete	0.9991319444444444	28672.0	38.50000211969018	803328.0	1.0000000000000002	0.0	True	7ce08b2e89546435e390ff06b8aa5bb018ad928983f40bedf403b96d1b410491	research/results/EXP-20261005-0002.json	2026-10-05T02:47:55Z
EXP-20261005-0002	HYP-0012	pvm01_tc_kernel_s1	quick	complete	0.9993055555555556	28672.0	38.699989090673625	803328.0	1.0000000000000002	0.0	True	7ce08b2e89546435e390ff06b8aa5bb018ad928983f40bedf403b96d1b410491	research/results/EXP-20261005-0002.json	2026-10-05T02:47:55Z
EXP-20261005-0002	HYP-0012	pvm01_tc_kernel_s2	quick	complete	0.9944444444444444	28672.0	37.70001058001071	803328.0	1.0000000000000002	0.0	True	7ce08b2e89546435e390ff06b8aa5bb018ad928983f40bedf403b96d1b410491	research/results/EXP-20261005-0002.json	2026-10-05T02:47:55Z
EXP-20261005-0002	HYP-0012	pvm01_tc_kernel_s3	quick	complete	1.0	28672.0	37.89999755099416	803328.0	1.0000000000000002	0.0	True	7ce08b2e89546435e390ff06b8aa5bb018ad928983f40bedf403b96d1b410491	research/results/EXP-20261005-0002.json	2026-10-05T02:47:55Z
EXP-20261005-0002	HYP-0012	pvm01_tc_kernel_s4	quick	complete	1.0	28672.0	38.60000288113952	803328.0	1.0000000000000002	0.0	True	7ce08b2e89546435e390ff06b8aa5bb018ad928983f40bedf403b96d1b410491	research/results/EXP-20261005-0002.json	2026-10-05T02:47:55Z
EXP-20261005-0002	HYP-0012	pvm01_tc_raw_s0	quick	complete	0.2501736111111111	28672.0	8.200004231184721	278528.0	1.0000000000000002	0.0	True	7ce08b2e89546435e390ff06b8aa5bb018ad928983f40bedf403b96d1b410491	research/results/EXP-20261005-0002.json	2026-10-05T02:47:55Z
EXP-20261005-0002	HYP-0012	pvm01_tc_raw_s1	quick	complete	0.2501736111111111	28672.0	8.000002708286047	278528.0	1.0000000000000002	0.0	True	7ce08b2e89546435e390ff06b8aa5bb018ad928983f40bedf403b96d1b410491	research/results/EXP-20261005-0002.json	2026-10-05T02:47:55Z
EXP-20261005-0002	HYP-0012	pvm01_tc_raw_s2	quick	complete	0.25	28672.0	8.199989679269493	278528.0	1.0000000000000002	0.0	True	7ce08b2e89546435e390ff06b8aa5bb018ad928983f40bedf403b96d1b410491	research/results/EXP-20261005-0002.json	2026-10-05T02:47:55Z
EXP-20261005-0002	HYP-0012	pvm01_tc_raw_s3	quick	complete	0.25	28672.0	8.099988917820156	278528.0	1.0000000000000002	0.0	True	7ce08b2e89546435e390ff06b8aa5bb018ad928983f40bedf403b96d1b410491	research/results/EXP-20261005-0002.json	2026-10-05T02:47:55Z
EXP-20261005-0002	HYP-0012	pvm01_tc_raw_s4	quick	complete	0.24947916666666664	28672.0	8.100003469735384	278528.0	1.0000000000000002	0.0	True	7ce08b2e89546435e390ff06b8aa5bb018ad928983f40bedf403b96d1b410491	research/results/EXP-20261005-0002.json	2026-10-05T02:47:55Z
EXP-20261005-0002	HYP-0012	pvm01_tc_delta_s0	quick	complete	0.9541666666666667	238080.0	96.20000491850078	484352.0	0.0	0.0	True	7ce08b2e89546435e390ff06b8aa5bb018ad928983f40bedf403b96d1b410491	research/results/EXP-20261005-0002.json	2026-10-05T02:47:55Z
EXP-20261005-0002	HYP-0012	pvm01_tc_delta_s1	quick	complete	0.9859374999999999	238080.0	89.69999908003956	484352.0	0.0	0.0	True	7ce08b2e89546435e390ff06b8aa5bb018ad928983f40bedf403b96d1b410491	research/results/EXP-20261005-0002.json	2026-10-05T02:47:55Z
EXP-20261005-0002	HYP-0012	pvm01_tc_delta_s2	quick	complete	0.9802083333333333	238080.0	83.79999781027436	484352.0	0.0	0.0	True	7ce08b2e89546435e390ff06b8aa5bb018ad928983f40bedf403b96d1b410491	research/results/EXP-20261005-0002.json	2026-10-05T02:47:55Z
EXP-20261005-0002	HYP-0012	pvm01_tc_delta_s3	quick	complete	0.9774305555555556	238080.0	91.4999982342124	484352.0	0.0	0.0	True	7ce08b2e89546435e390ff06b8aa5bb018ad928983f40bedf403b96d1b410491	research/results/EXP-20261005-0002.json	2026-10-05T02:47:55Z
EXP-20261005-0002	HYP-0012	pvm01_tc_delta_s4	quick	complete	0.9753472222222221	238080.0	89.60001287050545	484352.0	0.0	0.0	True	7ce08b2e89546435e390ff06b8aa5bb018ad928983f40bedf403b96d1b410491	research/results/EXP-20261005-0002.json	2026-10-05T02:47:55Z
EXP-20261005-0003	HYP-0012	pvm01_tc_transport_pca_s0	quick	complete	0.9996527777777777	70144.0	65.20000169984996	136192.0	0.3079064252786213	0.0	True	c737b4fc63b2bfb6f163fca43eb6d36ba205d36a145b05206344639b1043f883	research/results/EXP-20261005-0003.json	2026-10-05T05:03:17Z
EXP-20261005-0003	HYP-0012	pvm01_tc_transport_pca_s1	quick	complete	0.9996527777777777	70144.0	62.699997215531766	136192.0	0.3079064252786213	0.0	True	c737b4fc63b2bfb6f163fca43eb6d36ba205d36a145b05206344639b1043f883	research/results/EXP-20261005-0003.json	2026-10-05T05:03:17Z
EXP-20261005-0003	HYP-0012	pvm01_tc_transport_pca_s2	quick	complete	0.9994791666666667	70144.0	61.400001868605614	136192.0	0.3079064252786213	0.0	True	c737b4fc63b2bfb6f163fca43eb6d36ba205d36a145b05206344639b1043f883	research/results/EXP-20261005-0003.json	2026-10-05T05:03:17Z
EXP-20261005-0003	HYP-0012	pvm01_tc_transport_pca_s3	quick	complete	1.0	70144.0	62.30000872164965	136192.0	0.3079064252786213	0.0	True	c737b4fc63b2bfb6f163fca43eb6d36ba205d36a145b05206344639b1043f883	research/results/EXP-20261005-0003.json	2026-10-05T05:03:17Z
EXP-20261005-0003	HYP-0012	pvm01_tc_transport_pca_s4	quick	complete	0.9996527777777777	70144.0	67.20000237692147	136192.0	0.3079064252786213	0.0	True	c737b4fc63b2bfb6f163fca43eb6d36ba205d36a145b05206344639b1043f883	research/results/EXP-20261005-0003.json	2026-10-05T05:03:17Z
EXP-20261005-0003	HYP-0012	pvm01_tc_transport_full_s0	quick	complete	0.9998263888888889	70144.0	63.20000102277845	230400.0	0.3079064252786213	0.0	True	c737b4fc63b2bfb6f163fca43eb6d36ba205d36a145b05206344639b1043f883	research/results/EXP-20261005-0003.json	2026-10-05T05:03:17Z
EXP-20261005-0003	HYP-0012	pvm01_tc_transport_full_s1	quick	complete	1.0	70144.0	66.1999947624281	230400.0	0.3079064252786213	0.0	True	c737b4fc63b2bfb6f163fca43eb6d36ba205d36a145b05206344639b1043f883	research/results/EXP-20261005-0003.json	2026-10-05T05:03:17Z
EXP-20261005-0003	HYP-0012	pvm01_tc_transport_full_s2	quick	complete	0.9996527777777777	70144.0	58.30000736750662	230400.0	0.3079064252786213	0.0	True	c737b4fc63b2bfb6f163fca43eb6d36ba205d36a145b05206344639b1043f883	research/results/EXP-20261005-0003.json	2026-10-05T05:03:17Z
EXP-20261005-0003	HYP-0012	pvm01_tc_transport_full_s3	quick	complete	1.0	70144.0	59.999991208314896	230400.0	0.3079064252786213	0.0	True	c737b4fc63b2bfb6f163fca43eb6d36ba205d36a145b05206344639b1043f883	research/results/EXP-20261005-0003.json	2026-10-05T05:03:17Z
EXP-20261005-0003	HYP-0012	pvm01_tc_transport_full_s4	quick	complete	0.9996527777777777	70144.0	62.59999645408243	230400.0	0.3079064252786213	0.0	True	c737b4fc63b2bfb6f163fca43eb6d36ba205d36a145b05206344639b1043f883	research/results/EXP-20261005-0003.json	2026-10-05T05:03:17Z
EXP-20261005-0003	HYP-0012	pvm01_tc_transport_pca_untrained_s0	quick	complete	0.25	70144.0	62.49999569263309	136192.0	0.3079064252786213	0.0	True	c737b4fc63b2bfb6f163fca43eb6d36ba205d36a145b05206344639b1043f883	research/results/EXP-20261005-0003.json	2026-10-05T05:03:17Z
EXP-20261005-0003	HYP-0012	pvm01_tc_transport_pca_untrained_s1	quick	complete	0.25	70144.0	60.09999196976423	136192.0	0.3079064252786213	0.0	True	c737b4fc63b2bfb6f163fca43eb6d36ba205d36a145b05206344639b1043f883	research/results/EXP-20261005-0003.json	2026-10-05T05:03:17Z
EXP-20261005-0003	HYP-0012	pvm01_tc_transport_pca_untrained_s2	quick	complete	0.25	70144.0	58.5000088904053	136192.0	0.3079064252786213	0.0	True	c737b4fc63b2bfb6f163fca43eb6d36ba205d36a145b05206344639b1043f883	research/results/EXP-20261005-0003.json	2026-10-05T05:03:17Z
EXP-20261005-0003	HYP-0012	pvm01_tc_transport_pca_untrained_s3	quick	complete	0.25	70144.0	59.10001345910132	136192.0	0.3079064252786213	0.0	True	c737b4fc63b2bfb6f163fca43eb6d36ba205d36a145b05206344639b1043f883	research/results/EXP-20261005-0003.json	2026-10-05T05:03:17Z
EXP-20261005-0003	HYP-0012	pvm01_tc_transport_pca_untrained_s4	quick	complete	0.24878472222222225	70144.0	59.90000499878079	136192.0	0.3079064252786213	0.0	True	c737b4fc63b2bfb6f163fca43eb6d36ba205d36a145b05206344639b1043f883	research/results/EXP-20261005-0003.json	2026-10-05T05:03:17Z
EXP-20261005-0003	HYP-0012	pvm01_tc_transport_pca_shuffled_s0	quick	complete	0.2498263888888889	70144.0	65.60000474564731	136192.0	0.3079064252786213	0.0	True	c737b4fc63b2bfb6f163fca43eb6d36ba205d36a145b05206344639b1043f883	research/results/EXP-20261005-0003.json	2026-10-05T05:03:17Z
EXP-20261005-0003	HYP-0012	pvm01_tc_transport_pca_shuffled_s1	quick	complete	0.24930555555555556	70144.0	61.700004152953625	136192.0	0.3079064252786213	0.0	True	c737b4fc63b2bfb6f163fca43eb6d36ba205d36a145b05206344639b1043f883	research/results/EXP-20261005-0003.json	2026-10-05T05:03:17Z
EXP-20261005-0003	HYP-0012	pvm01_tc_transport_pca_shuffled_s2	quick	complete	0.2498263888888889	70144.0	59.90000499878079	136192.0	0.3079064252786213	0.0	True	c737b4fc63b2bfb6f163fca43eb6d36ba205d36a145b05206344639b1043f883	research/results/EXP-20261005-0003.json	2026-10-05T05:03:17Z
EXP-20261005-0003	HYP-0012	pvm01_tc_transport_pca_shuffled_s3	quick	complete	0.2503472222222222	70144.0	59.89999044686556	136192.0	0.3079064252786213	0.0	True	c737b4fc63b2bfb6f163fca43eb6d36ba205d36a145b05206344639b1043f883	research/results/EXP-20261005-0003.json	2026-10-05T05:03:17Z
EXP-20261005-0003	HYP-0012	pvm01_tc_transport_pca_shuffled_s4	quick	complete	0.25	70144.0	68.6999992467463	136192.0	0.3079064252786213	0.0	True	c737b4fc63b2bfb6f163fca43eb6d36ba205d36a145b05206344639b1043f883	research/results/EXP-20261005-0003.json	2026-10-05T05:03:17Z
EXP-20261005-0003	HYP-0012	pvm01_tc_dense_s0	quick	complete	1.0	337152.0	1629.4000088237226	764416.0	0.06472324445402389	0.0	True	c737b4fc63b2bfb6f163fca43eb6d36ba205d36a145b05206344639b1043f883	research/results/EXP-20261005-0003.json	2026-10-05T05:03:17Z
EXP-20261005-0003	HYP-0012	pvm01_tc_dense_s1	quick	complete	1.0	337152.0	1632.2000010404736	764416.0	0.06472324445402389	0.0	True	c737b4fc63b2bfb6f163fca43eb6d36ba205d36a145b05206344639b1043f883	research/results/EXP-20261005-0003.json	2026-10-05T05:03:17Z
EXP-20261005-0003	HYP-0012	pvm01_tc_dense_s2	quick	complete	0.9991319444444444	337152.0	1595.2000103425235	764416.0	0.06472324445402389	0.0	True	c737b4fc63b2bfb6f163fca43eb6d36ba205d36a145b05206344639b1043f883	research/results/EXP-20261005-0003.json	2026-10-05T05:03:17Z
EXP-20261005-0003	HYP-0012	pvm01_tc_dense_s3	quick	complete	1.0	337152.0	1591.8999997666106	764416.0	0.06472324445402389	0.0	True	c737b4fc63b2bfb6f163fca43eb6d36ba205d36a145b05206344639b1043f883	research/results/EXP-20261005-0003.json	2026-10-05T05:03:17Z
EXP-20261005-0003	HYP-0012	pvm01_tc_dense_s4	quick	complete	0.9996527777777777	337152.0	1615.3000033227727	764416.0	0.06472324445402389	0.0	True	c737b4fc63b2bfb6f163fca43eb6d36ba205d36a145b05206344639b1043f883	research/results/EXP-20261005-0003.json	2026-10-05T05:03:17Z
EXP-20261005-0003	HYP-0012	pvm01_tc_dense_cached_cpu_s0	quick	complete	1.0	337152.0	358.6999955587089	1288704.0	0.06472324445402389	0.0	True	c737b4fc63b2bfb6f163fca43eb6d36ba205d36a145b05206344639b1043f883	research/results/EXP-20261005-0003.json	2026-10-05T05:03:17Z
EXP-20261005-0003	HYP-0012	pvm01_tc_dense_cached_cpu_s1	quick	complete	1.0	337152.0	362.8999984357506	1288704.0	0.06472324445402389	0.0	True	c737b4fc63b2bfb6f163fca43eb6d36ba205d36a145b05206344639b1043f883	research/results/EXP-20261005-0003.json	2026-10-05T05:03:17Z
EXP-20261005-0003	HYP-0012	pvm01_tc_dense_cached_cpu_s2	quick	complete	0.9991319444444444	337152.0	355.2999987732619	1288704.0	0.06472324445402389	0.0	True	c737b4fc63b2bfb6f163fca43eb6d36ba205d36a145b05206344639b1043f883	research/results/EXP-20261005-0003.json	2026-10-05T05:03:17Z
EXP-20261005-0003	HYP-0012	pvm01_tc_dense_cached_cpu_s3	quick	complete	1.0	337152.0	362.19999310560524	1288704.0	0.06472324445402389	0.0	True	c737b4fc63b2bfb6f163fca43eb6d36ba205d36a145b05206344639b1043f883	research/results/EXP-20261005-0003.json	2026-10-05T05:03:17Z
EXP-20261005-0003	HYP-0012	pvm01_tc_dense_cached_cpu_s4	quick	complete	0.9996527777777777	337152.0	360.5999954743311	1288704.0	0.06472324445402389	0.0	True	c737b4fc63b2bfb6f163fca43eb6d36ba205d36a145b05206344639b1043f883	research/results/EXP-20261005-0003.json	2026-10-05T05:03:17Z
EXP-20261005-0003	HYP-0012	pvm01_tc_dense_cached_cuda_s0	quick	complete	1.0	337152.0	1335.6999988900498	1288704.0	0.06472324445402389	0.0	True	c737b4fc63b2bfb6f163fca43eb6d36ba205d36a145b05206344639b1043f883	research/results/EXP-20261005-0003.json	2026-10-05T05:03:17Z
EXP-20261005-0003	HYP-0012	pvm01_tc_dense_cached_cuda_s1	quick	complete	1.0	337152.0	1321.1000041337684	1288704.0	0.06472324445402389	0.0	True	c737b4fc63b2bfb6f163fca43eb6d36ba205d36a145b05206344639b1043f883	research/results/EXP-20261005-0003.json	2026-10-05T05:03:17Z
EXP-20261005-0003	HYP-0012	pvm01_tc_dense_cached_cuda_s2	quick	complete	0.9991319444444444	337152.0	1334.200002020225	1288704.0	0.06472324445402389	0.0	True	c737b4fc63b2bfb6f163fca43eb6d36ba205d36a145b05206344639b1043f883	research/results/EXP-20261005-0003.json	2026-10-05T05:03:17Z
EXP-20261005-0003	HYP-0012	pvm01_tc_dense_cached_cuda_s3	quick	complete	1.0	337152.0	1316.4999982109293	1288704.0	0.06472324445402389	0.0	True	c737b4fc63b2bfb6f163fca43eb6d36ba205d36a145b05206344639b1043f883	research/results/EXP-20261005-0003.json	2026-10-05T05:03:17Z
EXP-20261005-0003	HYP-0012	pvm01_tc_dense_cached_cuda_s4	quick	complete	0.9996527777777777	337152.0	1299.9999889871106	1288704.0	0.06472324445402389	0.0	True	c737b4fc63b2bfb6f163fca43eb6d36ba205d36a145b05206344639b1043f883	research/results/EXP-20261005-0003.json	2026-10-05T05:03:17Z
EXP-20261005-0003	HYP-0012	pvm01_tc_ridge_s0	quick	complete	0.9998263888888889	36864.0	11.099997209385037	311808.0	0.6462406251802889	0.0	True	c737b4fc63b2bfb6f163fca43eb6d36ba205d36a145b05206344639b1043f883	research/results/EXP-20261005-0003.json	2026-10-05T05:03:17Z
EXP-20261005-0003	HYP-0012	pvm01_tc_ridge_s1	quick	complete	1.0	36864.0	10.60000795405358	311808.0	0.6462406251802889	0.0	True	c737b4fc63b2bfb6f163fca43eb6d36ba205d36a145b05206344639b1043f883	research/results/EXP-20261005-0003.json	2026-10-05T05:03:17Z
EXP-20261005-0003	HYP-0012	pvm01_tc_ridge_s2	quick	complete	0.9996527777777777	36864.0	11.800002539530396	311808.0	0.6462406251802889	0.0	True	c737b4fc63b2bfb6f163fca43eb6d36ba205d36a145b05206344639b1043f883	research/results/EXP-20261005-0003.json	2026-10-05T05:03:17Z
EXP-20261005-0003	HYP-0012	pvm01_tc_ridge_s3	quick	complete	1.0	36864.0	11.399999493733048	311808.0	0.6462406251802889	0.0	True	c737b4fc63b2bfb6f163fca43eb6d36ba205d36a145b05206344639b1043f883	research/results/EXP-20261005-0003.json	2026-10-05T05:03:17Z
EXP-20261005-0003	HYP-0012	pvm01_tc_ridge_s4	quick	complete	0.9996527777777777	36864.0	11.299998732283711	311808.0	0.6462406251802889	0.0	True	c737b4fc63b2bfb6f163fca43eb6d36ba205d36a145b05206344639b1043f883	research/results/EXP-20261005-0003.json	2026-10-05T05:03:17Z
EXP-20261005-0003	HYP-0012	pvm01_tc_ridge32_s0	quick	complete	0.9998263888888889	36864.0	9.500014130026102	164096.0	0.6462406251802889	0.0	True	c737b4fc63b2bfb6f163fca43eb6d36ba205d36a145b05206344639b1043f883	research/results/EXP-20261005-0003.json	2026-10-05T05:03:17Z
EXP-20261005-0003	HYP-0012	pvm01_tc_ridge32_s1	quick	complete	1.0	36864.0	9.700001101009548	164096.0	0.6462406251802889	0.0	True	c737b4fc63b2bfb6f163fca43eb6d36ba205d36a145b05206344639b1043f883	research/results/EXP-20261005-0003.json	2026-10-05T05:03:17Z
EXP-20261005-0003	HYP-0012	pvm01_tc_ridge32_s2	quick	complete	0.9996527777777777	36864.0	11.299998732283711	164096.0	0.6462406251802889	0.0	True	c737b4fc63b2bfb6f163fca43eb6d36ba205d36a145b05206344639b1043f883	research/results/EXP-20261005-0003.json	2026-10-05T05:03:17Z
EXP-20261005-0003	HYP-0012	pvm01_tc_ridge32_s3	quick	complete	1.0	36864.0	25.40000423323363	164096.0	0.6462406251802889	0.0	True	c737b4fc63b2bfb6f163fca43eb6d36ba205d36a145b05206344639b1043f883	research/results/EXP-20261005-0003.json	2026-10-05T05:03:17Z
EXP-20261005-0003	HYP-0012	pvm01_tc_ridge32_s4	quick	complete	0.9996527777777777	36864.0	9.499999578110874	164096.0	0.6462406251802889	0.0	True	c737b4fc63b2bfb6f163fca43eb6d36ba205d36a145b05206344639b1043f883	research/results/EXP-20261005-0003.json	2026-10-05T05:03:17Z
EXP-20261005-0003	HYP-0012	pvm01_tc_ridge_pca_scan_s0	quick	complete	0.9996527777777777	36864.0	9.700001101009548	69888.0	0.6462406251802889	0.0	True	c737b4fc63b2bfb6f163fca43eb6d36ba205d36a145b05206344639b1043f883	research/results/EXP-20261005-0003.json	2026-10-05T05:03:17Z
EXP-20261005-0003	HYP-0012	pvm01_tc_ridge_pca_scan_s1	quick	complete	0.9996527777777777	36864.0	11.999989510513842	69888.0	0.6462406251802889	0.0	True	c737b4fc63b2bfb6f163fca43eb6d36ba205d36a145b05206344639b1043f883	research/results/EXP-20261005-0003.json	2026-10-05T05:03:17Z
EXP-20261005-0003	HYP-0012	pvm01_tc_ridge_pca_scan_s2	quick	complete	0.9994791666666667	36864.0	9.800001862458885	69888.0	0.6462406251802889	0.0	True	c737b4fc63b2bfb6f163fca43eb6d36ba205d36a145b05206344639b1043f883	research/results/EXP-20261005-0003.json	2026-10-05T05:03:17Z
EXP-20261005-0003	HYP-0012	pvm01_tc_ridge_pca_scan_s3	quick	complete	1.0	36864.0	9.60000033956021	69888.0	0.6462406251802889	0.0	True	c737b4fc63b2bfb6f163fca43eb6d36ba205d36a145b05206344639b1043f883	research/results/EXP-20261005-0003.json	2026-10-05T05:03:17Z
EXP-20261005-0003	HYP-0012	pvm01_tc_ridge_pca_scan_s4	quick	complete	0.9996527777777777	36864.0	10.000003385357559	69888.0	0.6462406251802889	0.0	True	c737b4fc63b2bfb6f163fca43eb6d36ba205d36a145b05206344639b1043f883	research/results/EXP-20261005-0003.json	2026-10-05T05:03:17Z
EXP-20261005-0003	HYP-0012	pvm01_tc_ridge_pca_tree_s0	quick	complete	0.9996527777777777	36864.0	19.59998917300254	143808.0	0.6462406251802889	0.0	True	c737b4fc63b2bfb6f163fca43eb6d36ba205d36a145b05206344639b1043f883	research/results/EXP-20261005-0003.json	2026-10-05T05:03:17Z
EXP-20261005-0003	HYP-0012	pvm01_tc_ridge_pca_tree_s1	quick	complete	0.9996527777777777	36864.0	21.899992134422064	143808.0	0.6462406251802889	0.0	True	c737b4fc63b2bfb6f163fca43eb6d36ba205d36a145b05206344639b1043f883	research/results/EXP-20261005-0003.json	2026-10-05T05:03:17Z
EXP-20261005-0003	HYP-0012	pvm01_tc_ridge_pca_tree_s2	quick	complete	0.9994791666666667	36864.0	19.099999917671084	143808.0	0.6462406251802889	0.0	True	c737b4fc63b2bfb6f163fca43eb6d36ba205d36a145b05206344639b1043f883	research/results/EXP-20261005-0003.json	2026-10-05T05:03:17Z
EXP-20261005-0003	HYP-0012	pvm01_tc_ridge_pca_tree_s3	quick	complete	1.0	36864.0	21.499989088624716	143808.0	0.6462406251802889	0.0	True	c737b4fc63b2bfb6f163fca43eb6d36ba205d36a145b05206344639b1043f883	research/results/EXP-20261005-0003.json	2026-10-05T05:03:17Z
EXP-20261005-0003	HYP-0012	pvm01_tc_ridge_pca_tree_s4	quick	complete	0.9996527777777777	36864.0	19.30000144056976	143808.0	0.6462406251802889	0.0	True	c737b4fc63b2bfb6f163fca43eb6d36ba205d36a145b05206344639b1043f883	research/results/EXP-20261005-0003.json	2026-10-05T05:03:17Z
EXP-20261005-0003	HYP-0012	pvm01_tc_kernel_s0	quick	complete	0.9998263888888889	28672.0	36.80000372696668	803328.0	1.0000000000000002	0.0	True	c737b4fc63b2bfb6f163fca43eb6d36ba205d36a145b05206344639b1043f883	research/results/EXP-20261005-0003.json	2026-10-05T05:03:17Z
EXP-20261005-0003	HYP-0012	pvm01_tc_kernel_s1	quick	complete	1.0	28672.0	40.700004319660366	803328.0	1.0000000000000002	0.0	True	c737b4fc63b2bfb6f163fca43eb6d36ba205d36a145b05206344639b1043f883	research/results/EXP-20261005-0003.json	2026-10-05T05:03:17Z
EXP-20261005-0003	HYP-0012	pvm01_tc_kernel_s2	quick	complete	0.9996527777777777	28672.0	37.70001058001071	803328.0	1.0000000000000002	0.0	True	c737b4fc63b2bfb6f163fca43eb6d36ba205d36a145b05206344639b1043f883	research/results/EXP-20261005-0003.json	2026-10-05T05:03:17Z
EXP-20261005-0003	HYP-0012	pvm01_tc_kernel_s3	quick	complete	1.0	28672.0	39.699996705166996	803328.0	1.0000000000000002	0.0	True	c737b4fc63b2bfb6f163fca43eb6d36ba205d36a145b05206344639b1043f883	research/results/EXP-20261005-0003.json	2026-10-05T05:03:17Z
EXP-20261005-0003	HYP-0012	pvm01_tc_kernel_s4	quick	complete	0.9996527777777777	28672.0	37.89999755099416	803328.0	1.0000000000000002	0.0	True	c737b4fc63b2bfb6f163fca43eb6d36ba205d36a145b05206344639b1043f883	research/results/EXP-20261005-0003.json	2026-10-05T05:03:17Z
EXP-20261005-0003	HYP-0012	pvm01_tc_raw_s0	quick	complete	0.2498263888888889	28672.0	8.100003469735384	278528.0	1.0000000000000002	0.0	True	c737b4fc63b2bfb6f163fca43eb6d36ba205d36a145b05206344639b1043f883	research/results/EXP-20261005-0003.json	2026-10-05T05:03:17Z
EXP-20261005-0003	HYP-0012	pvm01_tc_raw_s1	quick	complete	0.2498263888888889	28672.0	8.000002708286047	278528.0	1.0000000000000002	0.0	True	c737b4fc63b2bfb6f163fca43eb6d36ba205d36a145b05206344639b1043f883	research/results/EXP-20261005-0003.json	2026-10-05T05:03:17Z
EXP-20261005-0003	HYP-0012	pvm01_tc_raw_s2	quick	complete	0.25	28672.0	8.699993486516178	278528.0	1.0000000000000002	0.0	True	c737b4fc63b2bfb6f163fca43eb6d36ba205d36a145b05206344639b1043f883	research/results/EXP-20261005-0003.json	2026-10-05T05:03:17Z
EXP-20261005-0003	HYP-0012	pvm01_tc_raw_s3	quick	complete	0.25	28672.0	8.099988917820156	278528.0	1.0000000000000002	0.0	True	c737b4fc63b2bfb6f163fca43eb6d36ba205d36a145b05206344639b1043f883	research/results/EXP-20261005-0003.json	2026-10-05T05:03:17Z
EXP-20261005-0003	HYP-0012	pvm01_tc_raw_s4	quick	complete	0.2501736111111111	28672.0	8.100003469735384	278528.0	1.0000000000000002	0.0	True	c737b4fc63b2bfb6f163fca43eb6d36ba205d36a145b05206344639b1043f883	research/results/EXP-20261005-0003.json	2026-10-05T05:03:17Z
EXP-20261005-0003	HYP-0012	pvm01_tc_delta_s0	quick	complete	0.9769097222222223	238080.0	84.20000085607171	484352.0	0.0	0.0	True	c737b4fc63b2bfb6f163fca43eb6d36ba205d36a145b05206344639b1043f883	research/results/EXP-20261005-0003.json	2026-10-05T05:03:17Z
EXP-20261005-0003	HYP-0012	pvm01_tc_delta_s1	quick	complete	0.9767361111111111	238080.0	86.10000077169389	484352.0	0.0	0.0	True	c737b4fc63b2bfb6f163fca43eb6d36ba205d36a145b05206344639b1043f883	research/results/EXP-20261005-0003.json	2026-10-05T05:03:17Z
EXP-20261005-0003	HYP-0012	pvm01_tc_delta_s2	quick	complete	0.9864583333333334	238080.0	86.00000001024455	484352.0	0.0	0.0	True	c737b4fc63b2bfb6f163fca43eb6d36ba205d36a145b05206344639b1043f883	research/results/EXP-20261005-0003.json	2026-10-05T05:03:17Z
EXP-20261005-0003	HYP-0012	pvm01_tc_delta_s3	quick	complete	0.9647569444444445	238080.0	88.30000297166407	484352.0	0.0	0.0	True	c737b4fc63b2bfb6f163fca43eb6d36ba205d36a145b05206344639b1043f883	research/results/EXP-20261005-0003.json	2026-10-05T05:03:17Z
EXP-20261005-0003	HYP-0012	pvm01_tc_delta_s4	quick	complete	0.9828125000000001	238080.0	84.99999239575118	484352.0	0.0	0.0	True	c737b4fc63b2bfb6f163fca43eb6d36ba205d36a145b05206344639b1043f883	research/results/EXP-20261005-0003.json	2026-10-05T05:03:17Z
EXP-20261005-0003	HYP-0012	pvm01_noise_dense_mixed_s0	quick	complete	0.9998263888888889	337152.0	1579.8000094946474	764416.0	0.06472324445402389	0.0	True	c737b4fc63b2bfb6f163fca43eb6d36ba205d36a145b05206344639b1043f883	research/results/EXP-20261005-0003.json	2026-10-05T05:03:17Z
EXP-20261005-0003	HYP-0012	pvm01_noise_dense_mixed_s1	quick	complete	0.9998263888888889	337152.0	1593.299995874986	764416.0	0.06472324445402389	0.0	True	c737b4fc63b2bfb6f163fca43eb6d36ba205d36a145b05206344639b1043f883	research/results/EXP-20261005-0003.json	2026-10-05T05:03:17Z
EXP-20261005-0003	HYP-0012	pvm01_noise_dense_mixed_s2	quick	complete	0.9994791666666667	337152.0	1579.1999903740361	764416.0	0.06472324445402389	0.0	True	c737b4fc63b2bfb6f163fca43eb6d36ba205d36a145b05206344639b1043f883	research/results/EXP-20261005-0003.json	2026-10-05T05:03:17Z
EXP-20261005-0003	HYP-0012	pvm01_noise_dense_mixed_s3	quick	complete	1.0	337152.0	1660.2000105194747	764416.0	0.06472324445402389	0.0	True	c737b4fc63b2bfb6f163fca43eb6d36ba205d36a145b05206344639b1043f883	research/results/EXP-20261005-0003.json	2026-10-05T05:03:17Z
EXP-20261005-0003	HYP-0012	pvm01_noise_dense_mixed_s4	quick	complete	0.9998263888888889	337152.0	1582.500000949949	764416.0	0.06472324445402389	0.0	True	c737b4fc63b2bfb6f163fca43eb6d36ba205d36a145b05206344639b1043f883	research/results/EXP-20261005-0003.json	2026-10-05T05:03:17Z
EXP-20261005-0003	HYP-0012	pvm01_noise_dense_cached_cpu_mixed_s0	quick	complete	0.9998263888888889	337152.0	358.3000070648268	1288704.0	0.06472324445402389	0.0	True	c737b4fc63b2bfb6f163fca43eb6d36ba205d36a145b05206344639b1043f883	research/results/EXP-20261005-0003.json	2026-10-05T05:03:17Z
EXP-20261005-0003	HYP-0012	pvm01_noise_dense_cached_cpu_mixed_s1	quick	complete	0.9998263888888889	337152.0	360.3000077418983	1288704.0	0.06472324445402389	0.0	True	c737b4fc63b2bfb6f163fca43eb6d36ba205d36a145b05206344639b1043f883	research/results/EXP-20261005-0003.json	2026-10-05T05:03:17Z
EXP-20261005-0003	HYP-0012	pvm01_noise_dense_cached_cpu_mixed_s2	quick	complete	0.9994791666666667	337152.0	364.0999930212274	1288704.0	0.06472324445402389	0.0	True	c737b4fc63b2bfb6f163fca43eb6d36ba205d36a145b05206344639b1043f883	research/results/EXP-20261005-0003.json	2026-10-05T05:03:17Z
EXP-20261005-0003	HYP-0012	pvm01_noise_dense_cached_cpu_mixed_s3	quick	complete	1.0	337152.0	352.00000274926424	1288704.0	0.06472324445402389	0.0	True	c737b4fc63b2bfb6f163fca43eb6d36ba205d36a145b05206344639b1043f883	research/results/EXP-20261005-0003.json	2026-10-05T05:03:17Z
EXP-20261005-0003	HYP-0012	pvm01_noise_dense_cached_cpu_mixed_s4	quick	complete	0.9998263888888889	337152.0	349.19999598059803	1288704.0	0.06472324445402389	0.0	True	c737b4fc63b2bfb6f163fca43eb6d36ba205d36a145b05206344639b1043f883	research/results/EXP-20261005-0003.json	2026-10-05T05:03:17Z
EXP-20261005-0003	HYP-0012	pvm01_noise_dense_cached_cuda_mixed_s0	quick	complete	0.9998263888888889	337152.0	1347.2999999066815	1288704.0	0.06472324445402389	0.0	True	c737b4fc63b2bfb6f163fca43eb6d36ba205d36a145b05206344639b1043f883	research/results/EXP-20261005-0003.json	2026-10-05T05:03:17Z
EXP-20261005-0003	HYP-0012	pvm01_noise_dense_cached_cuda_mixed_s1	quick	complete	0.9998263888888889	337152.0	1328.1999999890104	1288704.0	0.06472324445402389	0.0	True	c737b4fc63b2bfb6f163fca43eb6d36ba205d36a145b05206344639b1043f883	research/results/EXP-20261005-0003.json	2026-10-05T05:03:17Z
EXP-20261005-0003	HYP-0012	pvm01_noise_dense_cached_cuda_mixed_s2	quick	complete	0.9994791666666667	337152.0	1303.4000003244728	1288704.0	0.06472324445402389	0.0	True	c737b4fc63b2bfb6f163fca43eb6d36ba205d36a145b05206344639b1043f883	research/results/EXP-20261005-0003.json	2026-10-05T05:03:17Z
EXP-20261005-0003	HYP-0012	pvm01_noise_dense_cached_cuda_mixed_s3	quick	complete	1.0	337152.0	1325.000004726462	1288704.0	0.06472324445402389	0.0	True	c737b4fc63b2bfb6f163fca43eb6d36ba205d36a145b05206344639b1043f883	research/results/EXP-20261005-0003.json	2026-10-05T05:03:17Z
EXP-20261005-0003	HYP-0012	pvm01_noise_dense_cached_cuda_mixed_s4	quick	complete	0.9998263888888889	337152.0	1331.499996013008	1288704.0	0.06472324445402389	0.0	True	c737b4fc63b2bfb6f163fca43eb6d36ba205d36a145b05206344639b1043f883	research/results/EXP-20261005-0003.json	2026-10-05T05:03:17Z
EXP-20261005-0004	HYP-0012	pvm01_tc_transport_pca_s0	quick	complete	0.9993055555555556	70144.0	57.09999823011458	136192.0	0.3079064252786213	0.0	True	7d2533222ebbb957d5db8c6049825c797ed9afe2bd44c6ef2c3577bf544a5b2e	research/results/EXP-20261005-0004.json	2026-10-05T06:50:24Z
EXP-20261005-0004	HYP-0012	pvm01_tc_transport_pca_s1	quick	complete	0.9994791666666667	70144.0	55.60000136028975	136192.0	0.3079064252786213	0.0	True	7d2533222ebbb957d5db8c6049825c797ed9afe2bd44c6ef2c3577bf544a5b2e	research/results/EXP-20261005-0004.json	2026-10-05T06:50:24Z
EXP-20261005-0004	HYP-0012	pvm01_tc_transport_pca_s2	quick	complete	0.9994791666666667	70144.0	54.199990699999034	136192.0	0.3079064252786213	0.0	True	7d2533222ebbb957d5db8c6049825c797ed9afe2bd44c6ef2c3577bf544a5b2e	research/results/EXP-20261005-0004.json	2026-10-05T06:50:24Z
EXP-20261005-0004	HYP-0012	pvm01_tc_transport_pca_s3	quick	complete	1.0	70144.0	60.000005760230124	136192.0	0.3079064252786213	0.0	True	7d2533222ebbb957d5db8c6049825c797ed9afe2bd44c6ef2c3577bf544a5b2e	research/results/EXP-20261005-0004.json	2026-10-05T06:50:24Z
EXP-20261005-0004	HYP-0012	pvm01_tc_transport_pca_s4	quick	complete	1.0	70144.0	54.100004490464926	136192.0	0.3079064252786213	0.0	True	7d2533222ebbb957d5db8c6049825c797ed9afe2bd44c6ef2c3577bf544a5b2e	research/results/EXP-20261005-0004.json	2026-10-05T06:50:24Z
EXP-20261005-0004	HYP-0012	pvm01_tc_transport_full_s0	quick	complete	0.9994791666666667	70144.0	51.29999772179872	230400.0	0.3079064252786213	0.0	True	7d2533222ebbb957d5db8c6049825c797ed9afe2bd44c6ef2c3577bf544a5b2e	research/results/EXP-20261005-0004.json	2026-10-05T06:50:24Z
EXP-20261005-0004	HYP-0012	pvm01_tc_transport_full_s1	quick	complete	1.0	70144.0	54.59999374579638	230400.0	0.3079064252786213	0.0	True	7d2533222ebbb957d5db8c6049825c797ed9afe2bd44c6ef2c3577bf544a5b2e	research/results/EXP-20261005-0004.json	2026-10-05T06:50:24Z
EXP-20261005-0004	HYP-0012	pvm01_tc_transport_full_s2	quick	complete	0.9996527777777777	70144.0	51.099996198900044	230400.0	0.3079064252786213	0.0	True	7d2533222ebbb957d5db8c6049825c797ed9afe2bd44c6ef2c3577bf544a5b2e	research/results/EXP-20261005-0004.json	2026-10-05T06:50:24Z
EXP-20261005-0004	HYP-0012	pvm01_tc_transport_full_s3	quick	complete	1.0	70144.0	54.40000677481294	230400.0	0.3079064252786213	0.0	True	7d2533222ebbb957d5db8c6049825c797ed9afe2bd44c6ef2c3577bf544a5b2e	research/results/EXP-20261005-0004.json	2026-10-05T06:50:24Z
EXP-20261005-0004	HYP-0012	pvm01_tc_transport_full_s4	quick	complete	0.9998263888888889	70144.0	59.4000011915341	230400.0	0.3079064252786213	0.0	True	7d2533222ebbb957d5db8c6049825c797ed9afe2bd44c6ef2c3577bf544a5b2e	research/results/EXP-20261005-0004.json	2026-10-05T06:50:24Z
EXP-20261005-0004	HYP-0012	pvm01_tc_transport_pca_untrained_s0	quick	complete	0.2496527777777778	70144.0	56.10000516753644	136192.0	0.3079064252786213	0.0	True	7d2533222ebbb957d5db8c6049825c797ed9afe2bd44c6ef2c3577bf544a5b2e	research/results/EXP-20261005-0004.json	2026-10-05T06:50:24Z
EXP-20261005-0004	HYP-0012	pvm01_tc_transport_pca_untrained_s1	quick	complete	0.2498263888888889	70144.0	51.60000000614673	136192.0	0.3079064252786213	0.0	True	7d2533222ebbb957d5db8c6049825c797ed9afe2bd44c6ef2c3577bf544a5b2e	research/results/EXP-20261005-0004.json	2026-10-05T06:50:24Z
EXP-20261005-0004	HYP-0012	pvm01_tc_transport_pca_untrained_s2	quick	complete	0.2498263888888889	70144.0	65.69999095518142	136192.0	0.3079064252786213	0.0	True	7d2533222ebbb957d5db8c6049825c797ed9afe2bd44c6ef2c3577bf544a5b2e	research/results/EXP-20261005-0004.json	2026-10-05T06:50:24Z
EXP-20261005-0004	HYP-0012	pvm01_tc_transport_pca_untrained_s3	quick	complete	0.2496527777777778	70144.0	53.100011427886784	136192.0	0.3079064252786213	0.0	True	7d2533222ebbb957d5db8c6049825c797ed9afe2bd44c6ef2c3577bf544a5b2e	research/results/EXP-20261005-0004.json	2026-10-05T06:50:24Z
EXP-20261005-0004	HYP-0012	pvm01_tc_transport_pca_untrained_s4	quick	complete	0.2498263888888889	70144.0	52.50000685919076	136192.0	0.3079064252786213	0.0	True	7d2533222ebbb957d5db8c6049825c797ed9afe2bd44c6ef2c3577bf544a5b2e	research/results/EXP-20261005-0004.json	2026-10-05T06:50:24Z
EXP-20261005-0004	HYP-0012	pvm01_tc_transport_pca_shuffled_s0	quick	complete	0.2501736111111111	70144.0	50.19998934585601	136192.0	0.3079064252786213	0.0	True	7d2533222ebbb957d5db8c6049825c797ed9afe2bd44c6ef2c3577bf544a5b2e	research/results/EXP-20261005-0004.json	2026-10-05T06:50:24Z
EXP-20261005-0004	HYP-0012	pvm01_tc_transport_pca_shuffled_s1	quick	complete	0.2496527777777778	70144.0	57.00001202058047	136192.0	0.3079064252786213	0.0	True	7d2533222ebbb957d5db8c6049825c797ed9afe2bd44c6ef2c3577bf544a5b2e	research/results/EXP-20261005-0004.json	2026-10-05T06:50:24Z
EXP-20261005-0004	HYP-0012	pvm01_tc_transport_pca_shuffled_s2	quick	complete	0.24947916666666664	70144.0	60.699996538460255	136192.0	0.3079064252786213	0.0	True	7d2533222ebbb957d5db8c6049825c797ed9afe2bd44c6ef2c3577bf544a5b2e	research/results/EXP-20261005-0004.json	2026-10-05T06:50:24Z
EXP-20261005-0004	HYP-0012	pvm01_tc_transport_pca_shuffled_s3	quick	complete	0.2496527777777778	70144.0	57.80000356025994	136192.0	0.3079064252786213	0.0	True	7d2533222ebbb957d5db8c6049825c797ed9afe2bd44c6ef2c3577bf544a5b2e	research/results/EXP-20261005-0004.json	2026-10-05T06:50:24Z
EXP-20261005-0004	HYP-0012	pvm01_tc_transport_pca_shuffled_s4	quick	complete	0.2501736111111111	70144.0	58.89999738428742	136192.0	0.3079064252786213	0.0	True	7d2533222ebbb957d5db8c6049825c797ed9afe2bd44c6ef2c3577bf544a5b2e	research/results/EXP-20261005-0004.json	2026-10-05T06:50:24Z
EXP-20261005-0004	HYP-0012	pvm01_tc_dense_s0	quick	complete	1.0	337152.0	1500.2000000094995	764416.0	0.06472324445402389	0.0	True	7d2533222ebbb957d5db8c6049825c797ed9afe2bd44c6ef2c3577bf544a5b2e	research/results/EXP-20261005-0004.json	2026-10-05T06:50:24Z
EXP-20261005-0004	HYP-0012	pvm01_tc_dense_s1	quick	complete	0.9998263888888889	337152.0	1501.4000091468915	764416.0	0.06472324445402389	0.0	True	7d2533222ebbb957d5db8c6049825c797ed9afe2bd44c6ef2c3577bf544a5b2e	research/results/EXP-20261005-0004.json	2026-10-05T06:50:24Z
EXP-20261005-0004	HYP-0012	pvm01_tc_dense_s2	quick	complete	0.9996527777777777	337152.0	1497.3999932408333	764416.0	0.06472324445402389	0.0	True	7d2533222ebbb957d5db8c6049825c797ed9afe2bd44c6ef2c3577bf544a5b2e	research/results/EXP-20261005-0004.json	2026-10-05T06:50:24Z
EXP-20261005-0004	HYP-0012	pvm01_tc_dense_s3	quick	complete	1.0	337152.0	1520.300007541664	764416.0	0.06472324445402389	0.0	True	7d2533222ebbb957d5db8c6049825c797ed9afe2bd44c6ef2c3577bf544a5b2e	research/results/EXP-20261005-0004.json	2026-10-05T06:50:24Z
EXP-20261005-0004	HYP-0012	pvm01_tc_dense_s4	quick	complete	0.9996527777777777	337152.0	1466.1000022897497	764416.0	0.06472324445402389	0.0	True	7d2533222ebbb957d5db8c6049825c797ed9afe2bd44c6ef2c3577bf544a5b2e	research/results/EXP-20261005-0004.json	2026-10-05T06:50:24Z
EXP-20261005-0004	HYP-0012	pvm01_tc_dense_cached_cpu_s0	quick	complete	1.0	337152.0	291.49999318178743	1288704.0	0.06472324445402389	0.0	True	7d2533222ebbb957d5db8c6049825c797ed9afe2bd44c6ef2c3577bf544a5b2e	research/results/EXP-20261005-0004.json	2026-10-05T06:50:24Z
EXP-20261005-0004	HYP-0012	pvm01_tc_dense_cached_cpu_s1	quick	complete	0.9998263888888889	337152.0	299.39999512862414	1288704.0	0.06472324445402389	0.0	True	7d2533222ebbb957d5db8c6049825c797ed9afe2bd44c6ef2c3577bf544a5b2e	research/results/EXP-20261005-0004.json	2026-10-05T06:50:24Z
EXP-20261005-0004	HYP-0012	pvm01_tc_dense_cached_cpu_s2	quick	complete	0.9996527777777777	337152.0	290.70000164210796	1288704.0	0.06472324445402389	0.0	True	7d2533222ebbb957d5db8c6049825c797ed9afe2bd44c6ef2c3577bf544a5b2e	research/results/EXP-20261005-0004.json	2026-10-05T06:50:24Z
EXP-20261005-0004	HYP-0012	pvm01_tc_dense_cached_cpu_s3	quick	complete	1.0	337152.0	302.50000418163836	1288704.0	0.06472324445402389	0.0	True	7d2533222ebbb957d5db8c6049825c797ed9afe2bd44c6ef2c3577bf544a5b2e	research/results/EXP-20261005-0004.json	2026-10-05T06:50:24Z
EXP-20261005-0004	HYP-0012	pvm01_tc_dense_cached_cpu_s4	quick	complete	0.9996527777777777	337152.0	290.09999707341194	1288704.0	0.06472324445402389	0.0	True	7d2533222ebbb957d5db8c6049825c797ed9afe2bd44c6ef2c3577bf544a5b2e	research/results/EXP-20261005-0004.json	2026-10-05T06:50:24Z
EXP-20261005-0004	HYP-0012	pvm01_tc_dense_cached_cuda_s0	quick	complete	1.0	337152.0	1222.3999947309494	1288704.0	0.06472324445402389	0.0	True	7d2533222ebbb957d5db8c6049825c797ed9afe2bd44c6ef2c3577bf544a5b2e	research/results/EXP-20261005-0004.json	2026-10-05T06:50:24Z
EXP-20261005-0004	HYP-0012	pvm01_tc_dense_cached_cuda_s1	quick	complete	0.9998263888888889	337152.0	1239.9999977787957	1288704.0	0.06472324445402389	0.0	True	7d2533222ebbb957d5db8c6049825c797ed9afe2bd44c6ef2c3577bf544a5b2e	research/results/EXP-20261005-0004.json	2026-10-05T06:50:24Z
EXP-20261005-0004	HYP-0012	pvm01_tc_dense_cached_cuda_s2	quick	complete	0.9996527777777777	337152.0	1172.0999900717288	1288704.0	0.06472324445402389	0.0	True	7d2533222ebbb957d5db8c6049825c797ed9afe2bd44c6ef2c3577bf544a5b2e	research/results/EXP-20261005-0004.json	2026-10-05T06:50:24Z
EXP-20261005-0004	HYP-0012	pvm01_tc_dense_cached_cuda_s3	quick	complete	1.0	337152.0	1252.400004887022	1288704.0	0.06472324445402389	0.0	True	7d2533222ebbb957d5db8c6049825c797ed9afe2bd44c6ef2c3577bf544a5b2e	research/results/EXP-20261005-0004.json	2026-10-05T06:50:24Z
EXP-20261005-0004	HYP-0012	pvm01_tc_dense_cached_cuda_s4	quick	complete	0.9996527777777777	337152.0	1225.8000060683116	1288704.0	0.06472324445402389	0.0	True	7d2533222ebbb957d5db8c6049825c797ed9afe2bd44c6ef2c3577bf544a5b2e	research/results/EXP-20261005-0004.json	2026-10-05T06:50:24Z
EXP-20261005-0004	HYP-0012	pvm01_tc_ridge_s0	quick	complete	0.9994791666666667	36864.0	11.399999493733048	311808.0	0.6462406251802889	0.0	True	7d2533222ebbb957d5db8c6049825c797ed9afe2bd44c6ef2c3577bf544a5b2e	research/results/EXP-20261005-0004.json	2026-10-05T06:50:24Z
EXP-20261005-0004	HYP-0012	pvm01_tc_ridge_s1	quick	complete	1.0	36864.0	11.200012522749603	311808.0	0.6462406251802889	0.0	True	7d2533222ebbb957d5db8c6049825c797ed9afe2bd44c6ef2c3577bf544a5b2e	research/results/EXP-20261005-0004.json	2026-10-05T06:50:24Z
EXP-20261005-0004	HYP-0012	pvm01_tc_ridge_s2	quick	complete	0.9996527777777777	36864.0	10.69999416358769	311808.0	0.6462406251802889	0.0	True	7d2533222ebbb957d5db8c6049825c797ed9afe2bd44c6ef2c3577bf544a5b2e	research/results/EXP-20261005-0004.json	2026-10-05T06:50:24Z
EXP-20261005-0004	HYP-0012	pvm01_tc_ridge_s3	quick	complete	1.0	36864.0	10.499992640689015	311808.0	0.6462406251802889	0.0	True	7d2533222ebbb957d5db8c6049825c797ed9afe2bd44c6ef2c3577bf544a5b2e	research/results/EXP-20261005-0004.json	2026-10-05T06:50:24Z
EXP-20261005-0004	HYP-0012	pvm01_tc_ridge_s4	quick	complete	0.9998263888888889	36864.0	11.299998732283711	311808.0	0.6462406251802889	0.0	True	7d2533222ebbb957d5db8c6049825c797ed9afe2bd44c6ef2c3577bf544a5b2e	research/results/EXP-20261005-0004.json	2026-10-05T06:50:24Z
EXP-20261005-0004	HYP-0012	pvm01_tc_ridge32_s0	quick	complete	0.9994791666666667	36864.0	11.199997970834374	164096.0	0.6462406251802889	0.0	True	7d2533222ebbb957d5db8c6049825c797ed9afe2bd44c6ef2c3577bf544a5b2e	research/results/EXP-20261005-0004.json	2026-10-05T06:50:24Z
EXP-20261005-0004	HYP-0012	pvm01_tc_ridge32_s1	quick	complete	1.0	36864.0	11.399999493733048	164096.0	0.6462406251802889	0.0	True	7d2533222ebbb957d5db8c6049825c797ed9afe2bd44c6ef2c3577bf544a5b2e	research/results/EXP-20261005-0004.json	2026-10-05T06:50:24Z
EXP-20261005-0004	HYP-0012	pvm01_tc_ridge32_s2	quick	complete	0.9996527777777777	36864.0	9.700001101009548	164096.0	0.6462406251802889	0.0	True	7d2533222ebbb957d5db8c6049825c797ed9afe2bd44c6ef2c3577bf544a5b2e	research/results/EXP-20261005-0004.json	2026-10-05T06:50:24Z
EXP-20261005-0004	HYP-0012	pvm01_tc_ridge32_s3	quick	complete	1.0	36864.0	9.499999578110874	164096.0	0.6462406251802889	0.0	True	7d2533222ebbb957d5db8c6049825c797ed9afe2bd44c6ef2c3577bf544a5b2e	research/results/EXP-20261005-0004.json	2026-10-05T06:50:24Z
EXP-20261005-0004	HYP-0012	pvm01_tc_ridge32_s4	quick	complete	0.9998263888888889	36864.0	10.200004908256233	164096.0	0.6462406251802889	0.0	True	7d2533222ebbb957d5db8c6049825c797ed9afe2bd44c6ef2c3577bf544a5b2e	research/results/EXP-20261005-0004.json	2026-10-05T06:50:24Z
EXP-20261005-0004	HYP-0012	pvm01_tc_ridge_pca_scan_s0	quick	complete	1.0	36864.0	9.700001101009548	69888.0	0.6462406251802889	0.0	True	7d2533222ebbb957d5db8c6049825c797ed9afe2bd44c6ef2c3577bf544a5b2e	research/results/EXP-20261005-0004.json	2026-10-05T06:50:24Z
EXP-20261005-0004	HYP-0012	pvm01_tc_ridge_pca_scan_s1	quick	complete	0.9996527777777777	36864.0	12.100004823878407	69888.0	0.6462406251802889	0.0	True	7d2533222ebbb957d5db8c6049825c797ed9afe2bd44c6ef2c3577bf544a5b2e	research/results/EXP-20261005-0004.json	2026-10-05T06:50:24Z
EXP-20261005-0004	HYP-0012	pvm01_tc_ridge_pca_scan_s2	quick	complete	0.9996527777777777	36864.0	10.400006431154907	69888.0	0.6462406251802889	0.0	True	7d2533222ebbb957d5db8c6049825c797ed9afe2bd44c6ef2c3577bf544a5b2e	research/results/EXP-20261005-0004.json	2026-10-05T06:50:24Z
EXP-20261005-0004	HYP-0012	pvm01_tc_ridge_pca_scan_s3	quick	complete	1.0	36864.0	12.00000406242907	69888.0	0.6462406251802889	0.0	True	7d2533222ebbb957d5db8c6049825c797ed9afe2bd44c6ef2c3577bf544a5b2e	research/results/EXP-20261005-0004.json	2026-10-05T06:50:24Z
EXP-20261005-0004	HYP-0012	pvm01_tc_ridge_pca_scan_s4	quick	complete	0.9996527777777777	36864.0	11.899988749064505	69888.0	0.6462406251802889	0.0	True	7d2533222ebbb957d5db8c6049825c797ed9afe2bd44c6ef2c3577bf544a5b2e	research/results/EXP-20261005-0004.json	2026-10-05T06:50:24Z
EXP-20261005-0004	HYP-0012	pvm01_tc_ridge_pca_tree_s0	quick	complete	1.0	36864.0	22.100008209235966	143808.0	0.6462406251802889	0.0	True	7d2533222ebbb957d5db8c6049825c797ed9afe2bd44c6ef2c3577bf544a5b2e	research/results/EXP-20261005-0004.json	2026-10-05T06:50:24Z
EXP-20261005-0004	HYP-0012	pvm01_tc_ridge_pca_tree_s1	quick	complete	0.9996527777777777	36864.0	19.500002963468432	143808.0	0.6462406251802889	0.0	True	7d2533222ebbb957d5db8c6049825c797ed9afe2bd44c6ef2c3577bf544a5b2e	research/results/EXP-20261005-0004.json	2026-10-05T06:50:24Z
EXP-20261005-0004	HYP-0012	pvm01_tc_ridge_pca_tree_s2	quick	complete	0.9996527777777777	36864.0	22.00000744778663	143808.0	0.6462406251802889	0.0	True	7d2533222ebbb957d5db8c6049825c797ed9afe2bd44c6ef2c3577bf544a5b2e	research/results/EXP-20261005-0004.json	2026-10-05T06:50:24Z
EXP-20261005-0004	HYP-0012	pvm01_tc_ridge_pca_tree_s3	quick	complete	1.0	36864.0	21.900006686337292	143808.0	0.6462406251802889	0.0	True	7d2533222ebbb957d5db8c6049825c797ed9afe2bd44c6ef2c3577bf544a5b2e	research/results/EXP-20261005-0004.json	2026-10-05T06:50:24Z
EXP-20261005-0004	HYP-0012	pvm01_tc_ridge_pca_tree_s4	quick	complete	0.9996527777777777	36864.0	21.800005924887955	143808.0	0.6462406251802889	0.0	True	7d2533222ebbb957d5db8c6049825c797ed9afe2bd44c6ef2c3577bf544a5b2e	research/results/EXP-20261005-0004.json	2026-10-05T06:50:24Z
EXP-20261005-0004	HYP-0012	pvm01_tc_kernel_s0	quick	complete	0.9994791666666667	28672.0	43.20000880397856	803328.0	1.0000000000000002	0.0	True	7d2533222ebbb957d5db8c6049825c797ed9afe2bd44c6ef2c3577bf544a5b2e	research/results/EXP-20261005-0004.json	2026-10-05T06:50:24Z
EXP-20261005-0004	HYP-0012	pvm01_tc_kernel_s1	quick	complete	1.0	28672.0	37.89999755099416	803328.0	1.0000000000000002	0.0	True	7d2533222ebbb957d5db8c6049825c797ed9afe2bd44c6ef2c3577bf544a5b2e	research/results/EXP-20261005-0004.json	2026-10-05T06:50:24Z
EXP-20261005-0004	HYP-0012	pvm01_tc_kernel_s2	quick	complete	0.9996527777777777	28672.0	39.59999594371766	803328.0	1.0000000000000002	0.0	True	7d2533222ebbb957d5db8c6049825c797ed9afe2bd44c6ef2c3577bf544a5b2e	research/results/EXP-20261005-0004.json	2026-10-05T06:50:24Z
EXP-20261005-0004	HYP-0012	pvm01_tc_kernel_s3	quick	complete	1.0	28672.0	37.89999755099416	803328.0	1.0000000000000002	0.0	True	7d2533222ebbb957d5db8c6049825c797ed9afe2bd44c6ef2c3577bf544a5b2e	research/results/EXP-20261005-0004.json	2026-10-05T06:50:24Z
EXP-20261005-0004	HYP-0012	pvm01_tc_kernel_s4	quick	complete	0.9998263888888889	28672.0	39.19999289792031	803328.0	1.0000000000000002	0.0	True	7d2533222ebbb957d5db8c6049825c797ed9afe2bd44c6ef2c3577bf544a5b2e	research/results/EXP-20261005-0004.json	2026-10-05T06:50:24Z
EXP-20261005-0004	HYP-0012	pvm01_tc_raw_s0	quick	complete	0.24947916666666664	28672.0	8.899995009414852	278528.0	1.0000000000000002	0.0	True	7d2533222ebbb957d5db8c6049825c797ed9afe2bd44c6ef2c3577bf544a5b2e	research/results/EXP-20261005-0004.json	2026-10-05T06:50:24Z
EXP-20261005-0004	HYP-0012	pvm01_tc_raw_s1	quick	complete	0.2496527777777778	28672.0	8.100003469735384	278528.0	1.0000000000000002	0.0	True	7d2533222ebbb957d5db8c6049825c797ed9afe2bd44c6ef2c3577bf544a5b2e	research/results/EXP-20261005-0004.json	2026-10-05T06:50:24Z
EXP-20261005-0004	HYP-0012	pvm01_tc_raw_s2	quick	complete	0.2498263888888889	28672.0	8.90000956133008	278528.0	1.0000000000000002	0.0	True	7d2533222ebbb957d5db8c6049825c797ed9afe2bd44c6ef2c3577bf544a5b2e	research/results/EXP-20261005-0004.json	2026-10-05T06:50:24Z
EXP-20261005-0004	HYP-0012	pvm01_tc_raw_s3	quick	complete	0.2498263888888889	28672.0	8.29999044071883	278528.0	1.0000000000000002	0.0	True	7d2533222ebbb957d5db8c6049825c797ed9afe2bd44c6ef2c3577bf544a5b2e	research/results/EXP-20261005-0004.json	2026-10-05T06:50:24Z
EXP-20261005-0004	HYP-0012	pvm01_tc_raw_s4	quick	complete	0.24930555555555556	28672.0	8.100003469735384	278528.0	1.0000000000000002	0.0	True	7d2533222ebbb957d5db8c6049825c797ed9afe2bd44c6ef2c3577bf544a5b2e	research/results/EXP-20261005-0004.json	2026-10-05T06:50:24Z
EXP-20261005-0004	HYP-0012	pvm01_tc_delta_s0	quick	complete	0.9595486111111112	238080.0	75.30000584665686	484352.0	0.0	0.0	True	7d2533222ebbb957d5db8c6049825c797ed9afe2bd44c6ef2c3577bf544a5b2e	research/results/EXP-20261005-0004.json	2026-10-05T06:50:24Z
EXP-20261005-0004	HYP-0012	pvm01_tc_delta_s1	quick	complete	0.9777777777777779	238080.0	73.69999366346747	484352.0	0.0	0.0	True	7d2533222ebbb957d5db8c6049825c797ed9afe2bd44c6ef2c3577bf544a5b2e	research/results/EXP-20261005-0004.json	2026-10-05T06:50:24Z
EXP-20261005-0004	HYP-0012	pvm01_tc_delta_s2	quick	complete	0.9796874999999999	238080.0	82.40000170189887	484352.0	0.0	0.0	True	7d2533222ebbb957d5db8c6049825c797ed9afe2bd44c6ef2c3577bf544a5b2e	research/results/EXP-20261005-0004.json	2026-10-05T06:50:24Z
EXP-20261005-0004	HYP-0012	pvm01_tc_delta_s3	quick	complete	0.9852430555555556	238080.0	82.50000246334821	484352.0	0.0	0.0	True	7d2533222ebbb957d5db8c6049825c797ed9afe2bd44c6ef2c3577bf544a5b2e	research/results/EXP-20261005-0004.json	2026-10-05T06:50:24Z
EXP-20261005-0004	HYP-0012	pvm01_tc_delta_s4	quick	complete	0.9828125000000001	238080.0	74.90000280085951	484352.0	0.0	0.0	True	7d2533222ebbb957d5db8c6049825c797ed9afe2bd44c6ef2c3577bf544a5b2e	research/results/EXP-20261005-0004.json	2026-10-05T06:50:24Z
EXP-20261005-0004	HYP-0012	pvm01_noise_dense_mixed_s0	quick	complete	1.0	337152.0	1603.700002306141	764416.0	0.06472324445402389	0.0	True	7d2533222ebbb957d5db8c6049825c797ed9afe2bd44c6ef2c3577bf544a5b2e	research/results/EXP-20261005-0004.json	2026-10-05T06:50:24Z
EXP-20261005-0004	HYP-0012	pvm01_noise_dense_mixed_s1	quick	complete	0.9996527777777777	337152.0	1591.7999990051612	764416.0	0.06472324445402389	0.0	True	7d2533222ebbb957d5db8c6049825c797ed9afe2bd44c6ef2c3577bf544a5b2e	research/results/EXP-20261005-0004.json	2026-10-05T06:50:24Z
EXP-20261005-0004	HYP-0012	pvm01_noise_dense_mixed_s2	quick	complete	0.9998263888888889	337152.0	1583.6999955354258	764416.0	0.06472324445402389	0.0	True	7d2533222ebbb957d5db8c6049825c797ed9afe2bd44c6ef2c3577bf544a5b2e	research/results/EXP-20261005-0004.json	2026-10-05T06:50:24Z
EXP-20261005-0004	HYP-0012	pvm01_noise_dense_mixed_s3	quick	complete	0.9987847222222221	337152.0	1595.8000003593042	764416.0	0.06472324445402389	0.0	True	7d2533222ebbb957d5db8c6049825c797ed9afe2bd44c6ef2c3577bf544a5b2e	research/results/EXP-20261005-0004.json	2026-10-05T06:50:24Z
EXP-20261005-0004	HYP-0012	pvm01_noise_dense_mixed_s4	quick	complete	0.9998263888888889	337152.0	1586.9000053498894	764416.0	0.06472324445402389	0.0	True	7d2533222ebbb957d5db8c6049825c797ed9afe2bd44c6ef2c3577bf544a5b2e	research/results/EXP-20261005-0004.json	2026-10-05T06:50:24Z
EXP-20261005-0004	HYP-0012	pvm01_noise_dense_cached_cpu_mixed_s0	quick	complete	1.0	337152.0	352.00000274926424	1288704.0	0.06472324445402389	0.0	True	7d2533222ebbb957d5db8c6049825c797ed9afe2bd44c6ef2c3577bf544a5b2e	research/results/EXP-20261005-0004.json	2026-10-05T06:50:24Z
EXP-20261005-0004	HYP-0012	pvm01_noise_dense_cached_cpu_mixed_s1	quick	complete	0.9996527777777777	337152.0	357.5000009732321	1288704.0	0.06472324445402389	0.0	True	7d2533222ebbb957d5db8c6049825c797ed9afe2bd44c6ef2c3577bf544a5b2e	research/results/EXP-20261005-0004.json	2026-10-05T06:50:24Z
EXP-20261005-0004	HYP-0012	pvm01_noise_dense_cached_cpu_mixed_s2	quick	complete	0.9998263888888889	337152.0	351.9000019878149	1288704.0	0.06472324445402389	0.0	True	7d2533222ebbb957d5db8c6049825c797ed9afe2bd44c6ef2c3577bf544a5b2e	research/results/EXP-20261005-0004.json	2026-10-05T06:50:24Z
EXP-20261005-0004	HYP-0012	pvm01_noise_dense_cached_cpu_mixed_s3	quick	complete	0.9987847222222221	337152.0	357.00001171790063	1288704.0	0.06472324445402389	0.0	True	7d2533222ebbb957d5db8c6049825c797ed9afe2bd44c6ef2c3577bf544a5b2e	research/results/EXP-20261005-0004.json	2026-10-05T06:50:24Z
EXP-20261005-0004	HYP-0012	pvm01_noise_dense_cached_cpu_mixed_s4	quick	complete	0.9998263888888889	337152.0	356.89999640453607	1288704.0	0.06472324445402389	0.0	True	7d2533222ebbb957d5db8c6049825c797ed9afe2bd44c6ef2c3577bf544a5b2e	research/results/EXP-20261005-0004.json	2026-10-05T06:50:24Z
EXP-20261005-0004	HYP-0012	pvm01_noise_dense_cached_cuda_mixed_s0	quick	complete	1.0	337152.0	1328.1000137794763	1288704.0	0.06472324445402389	0.0	True	7d2533222ebbb957d5db8c6049825c797ed9afe2bd44c6ef2c3577bf544a5b2e	research/results/EXP-20261005-0004.json	2026-10-05T06:50:24Z
EXP-20261005-0004	HYP-0012	pvm01_noise_dense_cached_cuda_mixed_s1	quick	complete	0.9996527777777777	337152.0	1313.300002948381	1288704.0	0.06472324445402389	0.0	True	7d2533222ebbb957d5db8c6049825c797ed9afe2bd44c6ef2c3577bf544a5b2e	research/results/EXP-20261005-0004.json	2026-10-05T06:50:24Z
EXP-20261005-0004	HYP-0012	pvm01_noise_dense_cached_cuda_mixed_s2	quick	complete	0.9998263888888889	337152.0	1324.9000039650127	1288704.0	0.06472324445402389	0.0	True	7d2533222ebbb957d5db8c6049825c797ed9afe2bd44c6ef2c3577bf544a5b2e	research/results/EXP-20261005-0004.json	2026-10-05T06:50:24Z
EXP-20261005-0004	HYP-0012	pvm01_noise_dense_cached_cuda_mixed_s3	quick	complete	0.9987847222222221	337152.0	1312.399996095337	1288704.0	0.06472324445402389	0.0	True	7d2533222ebbb957d5db8c6049825c797ed9afe2bd44c6ef2c3577bf544a5b2e	research/results/EXP-20261005-0004.json	2026-10-05T06:50:24Z
EXP-20261005-0004	HYP-0012	pvm01_noise_dense_cached_cuda_mixed_s4	quick	complete	0.9998263888888889	337152.0	1331.8999990588054	1288704.0	0.06472324445402389	0.0	True	7d2533222ebbb957d5db8c6049825c797ed9afe2bd44c6ef2c3577bf544a5b2e	research/results/EXP-20261005-0004.json	2026-10-05T06:50:24Z
EXP-20261005-0005	HYP-0012	pvm01_tc_transport_pca_s0	quick	complete	0.9996527777777777	70144.0	59.600002714432776	136192.0	0.3079064252786213	0.0	True	5b0749041fd9927da11f07ae2298a4f3a8ae43f3b87a1a69d2adbb2cedf4b069	research/results/EXP-20261005-0005.json	2026-10-05T08:36:46Z
EXP-20261005-0005	HYP-0012	pvm01_tc_transport_pca_s1	quick	complete	0.9996527777777777	70144.0	66.00000779144466	136192.0	0.3079064252786213	0.0	True	5b0749041fd9927da11f07ae2298a4f3a8ae43f3b87a1a69d2adbb2cedf4b069	research/results/EXP-20261005-0005.json	2026-10-05T08:36:46Z
EXP-20261005-0005	HYP-0012	pvm01_tc_transport_pca_s2	quick	complete	0.9989583333333333	70144.0	59.50000195298344	136192.0	0.3079064252786213	0.0	True	5b0749041fd9927da11f07ae2298a4f3a8ae43f3b87a1a69d2adbb2cedf4b069	research/results/EXP-20261005-0005.json	2026-10-05T08:36:46Z
EXP-20261005-0005	HYP-0012	pvm01_tc_transport_pca_s3	quick	complete	1.0	70144.0	63.80000559147447	136192.0	0.3079064252786213	0.0	True	5b0749041fd9927da11f07ae2298a4f3a8ae43f3b87a1a69d2adbb2cedf4b069	research/results/EXP-20261005-0005.json	2026-10-05T08:36:46Z
EXP-20261005-0005	HYP-0012	pvm01_tc_transport_pca_s4	quick	complete	0.9996527777777777	70144.0	61.400001868605614	136192.0	0.3079064252786213	0.0	True	5b0749041fd9927da11f07ae2298a4f3a8ae43f3b87a1a69d2adbb2cedf4b069	research/results/EXP-20261005-0005.json	2026-10-05T08:36:46Z
EXP-20261005-0005	HYP-0012	pvm01_tc_transport_full_s0	quick	complete	0.9998263888888889	70144.0	59.00001269765198	230400.0	0.3079064252786213	0.0	True	5b0749041fd9927da11f07ae2298a4f3a8ae43f3b87a1a69d2adbb2cedf4b069	research/results/EXP-20261005-0005.json	2026-10-05T08:36:46Z
EXP-20261005-0005	HYP-0012	pvm01_tc_transport_full_s1	quick	complete	0.9996527777777777	70144.0	58.40000812895596	230400.0	0.3079064252786213	0.0	True	5b0749041fd9927da11f07ae2298a4f3a8ae43f3b87a1a69d2adbb2cedf4b069	research/results/EXP-20261005-0005.json	2026-10-05T08:36:46Z
EXP-20261005-0005	HYP-0012	pvm01_tc_transport_full_s2	quick	complete	0.9993055555555556	70144.0	59.300000430084765	230400.0	0.3079064252786213	0.0	True	5b0749041fd9927da11f07ae2298a4f3a8ae43f3b87a1a69d2adbb2cedf4b069	research/results/EXP-20261005-0005.json	2026-10-05T08:36:46Z
EXP-20261005-0005	HYP-0012	pvm01_tc_transport_full_s3	quick	complete	1.0	70144.0	57.50000127591193	230400.0	0.3079064252786213	0.0	True	5b0749041fd9927da11f07ae2298a4f3a8ae43f3b87a1a69d2adbb2cedf4b069	research/results/EXP-20261005-0005.json	2026-10-05T08:36:46Z
EXP-20261005-0005	HYP-0012	pvm01_tc_transport_full_s4	quick	complete	0.9998263888888889	70144.0	60.000005760230124	230400.0	0.3079064252786213	0.0	True	5b0749041fd9927da11f07ae2298a4f3a8ae43f3b87a1a69d2adbb2cedf4b069	research/results/EXP-20261005-0005.json	2026-10-05T08:36:46Z
EXP-20261005-0005	HYP-0012	pvm01_tc_transport_pca_untrained_s0	quick	complete	0.24930555555555556	70144.0	64.4000101601705	136192.0	0.3079064252786213	0.0	True	5b0749041fd9927da11f07ae2298a4f3a8ae43f3b87a1a69d2adbb2cedf4b069	research/results/EXP-20261005-0005.json	2026-10-05T08:36:46Z
EXP-20261005-0005	HYP-0012	pvm01_tc_transport_pca_untrained_s1	quick	complete	0.24947916666666664	70144.0	63.400002545677125	136192.0	0.3079064252786213	0.0	True	5b0749041fd9927da11f07ae2298a4f3a8ae43f3b87a1a69d2adbb2cedf4b069	research/results/EXP-20261005-0005.json	2026-10-05T08:36:46Z
EXP-20261005-0005	HYP-0012	pvm01_tc_transport_pca_untrained_s2	quick	complete	0.25	70144.0	62.89999873843044	136192.0	0.3079064252786213	0.0	True	5b0749041fd9927da11f07ae2298a4f3a8ae43f3b87a1a69d2adbb2cedf4b069	research/results/EXP-20261005-0005.json	2026-10-05T08:36:46Z
EXP-20261005-0005	HYP-0012	pvm01_tc_transport_pca_untrained_s3	quick	complete	0.2498263888888889	70144.0	64.4999963697046	136192.0	0.3079064252786213	0.0	True	5b0749041fd9927da11f07ae2298a4f3a8ae43f3b87a1a69d2adbb2cedf4b069	research/results/EXP-20261005-0005.json	2026-10-05T08:36:46Z
EXP-20261005-0005	HYP-0012	pvm01_tc_transport_pca_untrained_s4	quick	complete	0.24895833333333334	70144.0	68.10000922996551	136192.0	0.3079064252786213	0.0	True	5b0749041fd9927da11f07ae2298a4f3a8ae43f3b87a1a69d2adbb2cedf4b069	research/results/EXP-20261005-0005.json	2026-10-05T08:36:46Z
EXP-20261005-0005	HYP-0012	pvm01_tc_transport_pca_shuffled_s0	quick	complete	0.25	70144.0	66.00000779144466	136192.0	0.3079064252786213	0.0	True	5b0749041fd9927da11f07ae2298a4f3a8ae43f3b87a1a69d2adbb2cedf4b069	research/results/EXP-20261005-0005.json	2026-10-05T08:36:46Z
EXP-20261005-0005	HYP-0012	pvm01_tc_transport_pca_shuffled_s1	quick	complete	0.25	70144.0	62.699997215531766	136192.0	0.3079064252786213	0.0	True	5b0749041fd9927da11f07ae2298a4f3a8ae43f3b87a1a69d2adbb2cedf4b069	research/results/EXP-20261005-0005.json	2026-10-05T08:36:46Z
EXP-20261005-0005	HYP-0012	pvm01_tc_transport_pca_shuffled_s2	quick	complete	0.2498263888888889	70144.0	63.80000559147447	136192.0	0.3079064252786213	0.0	True	5b0749041fd9927da11f07ae2298a4f3a8ae43f3b87a1a69d2adbb2cedf4b069	research/results/EXP-20261005-0005.json	2026-10-05T08:36:46Z
EXP-20261005-0005	HYP-0012	pvm01_tc_transport_pca_shuffled_s3	quick	complete	0.24878472222222225	70144.0	60.999998822808266	136192.0	0.3079064252786213	0.0	True	5b0749041fd9927da11f07ae2298a4f3a8ae43f3b87a1a69d2adbb2cedf4b069	research/results/EXP-20261005-0005.json	2026-10-05T08:36:46Z
EXP-20261005-0005	HYP-0012	pvm01_tc_transport_pca_shuffled_s4	quick	complete	0.2498263888888889	70144.0	58.89999738428742	136192.0	0.3079064252786213	0.0	True	5b0749041fd9927da11f07ae2298a4f3a8ae43f3b87a1a69d2adbb2cedf4b069	research/results/EXP-20261005-0005.json	2026-10-05T08:36:46Z
EXP-20261005-0005	HYP-0012	pvm01_tc_dense_s0	quick	complete	0.9998263888888889	337152.0	1606.199992238544	764416.0	0.06472324445402389	0.0	True	5b0749041fd9927da11f07ae2298a4f3a8ae43f3b87a1a69d2adbb2cedf4b069	research/results/EXP-20261005-0005.json	2026-10-05T08:36:46Z
EXP-20261005-0005	HYP-0012	pvm01_tc_dense_s1	quick	complete	0.9996527777777777	337152.0	1591.5999974822626	764416.0	0.06472324445402389	0.0	True	5b0749041fd9927da11f07ae2298a4f3a8ae43f3b87a1a69d2adbb2cedf4b069	research/results/EXP-20261005-0005.json	2026-10-05T08:36:46Z
EXP-20261005-0005	HYP-0012	pvm01_tc_dense_s2	quick	complete	0.9993055555555556	337152.0	1630.4000018863007	764416.0	0.06472324445402389	0.0	True	5b0749041fd9927da11f07ae2298a4f3a8ae43f3b87a1a69d2adbb2cedf4b069	research/results/EXP-20261005-0005.json	2026-10-05T08:36:46Z
EXP-20261005-0005	HYP-0012	pvm01_tc_dense_s3	quick	complete	1.0	337152.0	1599.1999971447513	764416.0	0.06472324445402389	0.0	True	5b0749041fd9927da11f07ae2298a4f3a8ae43f3b87a1a69d2adbb2cedf4b069	research/results/EXP-20261005-0005.json	2026-10-05T08:36:46Z
EXP-20261005-0005	HYP-0012	pvm01_tc_dense_s4	quick	complete	0.9996527777777777	337152.0	1630.50000264775	764416.0	0.06472324445402389	0.0	True	5b0749041fd9927da11f07ae2298a4f3a8ae43f3b87a1a69d2adbb2cedf4b069	research/results/EXP-20261005-0005.json	2026-10-05T08:36:46Z
EXP-20261005-0005	HYP-0012	pvm01_tc_dense_cached_cpu_s0	quick	complete	0.9998263888888889	337152.0	355.6000010576099	1288704.0	0.06472324445402389	0.0	True	5b0749041fd9927da11f07ae2298a4f3a8ae43f3b87a1a69d2adbb2cedf4b069	research/results/EXP-20261005-0005.json	2026-10-05T08:36:46Z
EXP-20261005-0005	HYP-0012	pvm01_tc_dense_cached_cpu_s1	quick	complete	0.9996527777777777	337152.0	355.70000181905925	1288704.0	0.06472324445402389	0.0	True	5b0749041fd9927da11f07ae2298a4f3a8ae43f3b87a1a69d2adbb2cedf4b069	research/results/EXP-20261005-0005.json	2026-10-05T08:36:46Z
EXP-20261005-0005	HYP-0012	pvm01_tc_dense_cached_cpu_s2	quick	complete	0.9993055555555556	337152.0	355.70000181905925	1288704.0	0.06472324445402389	0.0	True	5b0749041fd9927da11f07ae2298a4f3a8ae43f3b87a1a69d2adbb2cedf4b069	research/results/EXP-20261005-0005.json	2026-10-05T08:36:46Z
EXP-20261005-0005	HYP-0012	pvm01_tc_dense_cached_cpu_s3	quick	complete	1.0	337152.0	362.3000084189698	1288704.0	0.06472324445402389	0.0	True	5b0749041fd9927da11f07ae2298a4f3a8ae43f3b87a1a69d2adbb2cedf4b069	research/results/EXP-20261005-0005.json	2026-10-05T08:36:46Z
EXP-20261005-0005	HYP-0012	pvm01_tc_dense_cached_cpu_s4	quick	complete	0.9996527777777777	337152.0	362.49999538995326	1288704.0	0.06472324445402389	0.0	True	5b0749041fd9927da11f07ae2298a4f3a8ae43f3b87a1a69d2adbb2cedf4b069	research/results/EXP-20261005-0005.json	2026-10-05T08:36:46Z
EXP-20261005-0005	HYP-0012	pvm01_tc_dense_cached_cuda_s0	quick	complete	0.9998263888888889	337152.0	1373.899998725392	1288704.0	0.06472324445402389	0.0	True	5b0749041fd9927da11f07ae2298a4f3a8ae43f3b87a1a69d2adbb2cedf4b069	research/results/EXP-20261005-0005.json	2026-10-05T08:36:46Z
EXP-20261005-0005	HYP-0012	pvm01_tc_dense_cached_cuda_s1	quick	complete	0.9996527777777777	337152.0	1285.2999934693798	1288704.0	0.06472324445402389	0.0	True	5b0749041fd9927da11f07ae2298a4f3a8ae43f3b87a1a69d2adbb2cedf4b069	research/results/EXP-20261005-0005.json	2026-10-05T08:36:46Z
EXP-20261005-0005	HYP-0012	pvm01_tc_dense_cached_cuda_s2	quick	complete	0.9993055555555556	337152.0	1342.3000054899603	1288704.0	0.06472324445402389	0.0	True	5b0749041fd9927da11f07ae2298a4f3a8ae43f3b87a1a69d2adbb2cedf4b069	research/results/EXP-20261005-0005.json	2026-10-05T08:36:46Z
EXP-20261005-0005	HYP-0012	pvm01_tc_dense_cached_cuda_s3	quick	complete	1.0	337152.0	1329.2000076035038	1288704.0	0.06472324445402389	0.0	True	5b0749041fd9927da11f07ae2298a4f3a8ae43f3b87a1a69d2adbb2cedf4b069	research/results/EXP-20261005-0005.json	2026-10-05T08:36:46Z
EXP-20261005-0005	HYP-0012	pvm01_tc_dense_cached_cuda_s4	quick	complete	0.9996527777777777	337152.0	1381.1999961035326	1288704.0	0.06472324445402389	0.0	True	5b0749041fd9927da11f07ae2298a4f3a8ae43f3b87a1a69d2adbb2cedf4b069	research/results/EXP-20261005-0005.json	2026-10-05T08:36:46Z
EXP-20261005-0005	HYP-0012	pvm01_tc_ridge_s0	quick	complete	0.9998263888888889	36864.0	11.299998732283711	311808.0	0.6462406251802889	0.0	True	5b0749041fd9927da11f07ae2298a4f3a8ae43f3b87a1a69d2adbb2cedf4b069	research/results/EXP-20261005-0005.json	2026-10-05T08:36:46Z
EXP-20261005-0005	HYP-0012	pvm01_tc_ridge_s1	quick	complete	0.9996527777777777	36864.0	10.400006431154907	311808.0	0.6462406251802889	0.0	True	5b0749041fd9927da11f07ae2298a4f3a8ae43f3b87a1a69d2adbb2cedf4b069	research/results/EXP-20261005-0005.json	2026-10-05T08:36:46Z
EXP-20261005-0005	HYP-0012	pvm01_tc_ridge_s2	quick	complete	0.9993055555555556	36864.0	11.399999493733048	311808.0	0.6462406251802889	0.0	True	5b0749041fd9927da11f07ae2298a4f3a8ae43f3b87a1a69d2adbb2cedf4b069	research/results/EXP-20261005-0005.json	2026-10-05T08:36:46Z
EXP-20261005-0005	HYP-0012	pvm01_tc_ridge_s3	quick	complete	1.0	36864.0	11.099997209385037	311808.0	0.6462406251802889	0.0	True	5b0749041fd9927da11f07ae2298a4f3a8ae43f3b87a1a69d2adbb2cedf4b069	research/results/EXP-20261005-0005.json	2026-10-05T08:36:46Z
EXP-20261005-0005	HYP-0012	pvm01_tc_ridge_s4	quick	complete	0.9998263888888889	36864.0	10.60000795405358	311808.0	0.6462406251802889	0.0	True	5b0749041fd9927da11f07ae2298a4f3a8ae43f3b87a1a69d2adbb2cedf4b069	research/results/EXP-20261005-0005.json	2026-10-05T08:36:46Z
EXP-20261005-0005	HYP-0012	pvm01_tc_ridge32_s0	quick	complete	0.9998263888888889	36864.0	9.399998816661537	164096.0	0.6462406251802889	0.0	True	5b0749041fd9927da11f07ae2298a4f3a8ae43f3b87a1a69d2adbb2cedf4b069	research/results/EXP-20261005-0005.json	2026-10-05T08:36:46Z
EXP-20261005-0005	HYP-0012	pvm01_tc_ridge32_s1	quick	complete	0.9996527777777777	36864.0	11.399999493733048	164096.0	0.6462406251802889	0.0	True	5b0749041fd9927da11f07ae2298a4f3a8ae43f3b87a1a69d2adbb2cedf4b069	research/results/EXP-20261005-0005.json	2026-10-05T08:36:46Z
EXP-20261005-0005	HYP-0012	pvm01_tc_ridge32_s2	quick	complete	0.9993055555555556	36864.0	11.299998732283711	164096.0	0.6462406251802889	0.0	True	5b0749041fd9927da11f07ae2298a4f3a8ae43f3b87a1a69d2adbb2cedf4b069	research/results/EXP-20261005-0005.json	2026-10-05T08:36:46Z
EXP-20261005-0005	HYP-0012	pvm01_tc_ridge32_s3	quick	complete	1.0	36864.0	9.499999578110874	164096.0	0.6462406251802889	0.0	True	5b0749041fd9927da11f07ae2298a4f3a8ae43f3b87a1a69d2adbb2cedf4b069	research/results/EXP-20261005-0005.json	2026-10-05T08:36:46Z
EXP-20261005-0005	HYP-0012	pvm01_tc_ridge32_s4	quick	complete	0.9998263888888889	36864.0	11.100011761300266	164096.0	0.6462406251802889	0.0	True	5b0749041fd9927da11f07ae2298a4f3a8ae43f3b87a1a69d2adbb2cedf4b069	research/results/EXP-20261005-0005.json	2026-10-05T08:36:46Z
EXP-20261005-0005	HYP-0012	pvm01_tc_ridge_pca_scan_s0	quick	complete	0.9996527777777777	36864.0	11.900003300979733	69888.0	0.6462406251802889	0.0	True	5b0749041fd9927da11f07ae2298a4f3a8ae43f3b87a1a69d2adbb2cedf4b069	research/results/EXP-20261005-0005.json	2026-10-05T08:36:46Z
EXP-20261005-0005	HYP-0012	pvm01_tc_ridge_pca_scan_s1	quick	complete	0.9996527777777777	36864.0	9.60000033956021	69888.0	0.6462406251802889	0.0	True	5b0749041fd9927da11f07ae2298a4f3a8ae43f3b87a1a69d2adbb2cedf4b069	research/results/EXP-20261005-0005.json	2026-10-05T08:36:46Z
EXP-20261005-0005	HYP-0012	pvm01_tc_ridge_pca_scan_s2	quick	complete	0.9993055555555556	36864.0	12.699994840659201	69888.0	0.6462406251802889	0.0	True	5b0749041fd9927da11f07ae2298a4f3a8ae43f3b87a1a69d2adbb2cedf4b069	research/results/EXP-20261005-0005.json	2026-10-05T08:36:46Z
EXP-20261005-0005	HYP-0012	pvm01_tc_ridge_pca_scan_s3	quick	complete	1.0	36864.0	10.000003385357559	69888.0	0.6462406251802889	0.0	True	5b0749041fd9927da11f07ae2298a4f3a8ae43f3b87a1a69d2adbb2cedf4b069	research/results/EXP-20261005-0005.json	2026-10-05T08:36:46Z
EXP-20261005-0005	HYP-0012	pvm01_tc_ridge_pca_scan_s4	quick	complete	0.9996527777777777	36864.0	11.70000177808106	69888.0	0.6462406251802889	0.0	True	5b0749041fd9927da11f07ae2298a4f3a8ae43f3b87a1a69d2adbb2cedf4b069	research/results/EXP-20261005-0005.json	2026-10-05T08:36:46Z
EXP-20261005-0005	HYP-0012	pvm01_tc_ridge_pca_tree_s0	quick	complete	0.9996527777777777	36864.0	21.60000440198928	143808.0	0.6462406251802889	0.0	True	5b0749041fd9927da11f07ae2298a4f3a8ae43f3b87a1a69d2adbb2cedf4b069	research/results/EXP-20261005-0005.json	2026-10-05T08:36:46Z
EXP-20261005-0005	HYP-0012	pvm01_tc_ridge_pca_tree_s1	quick	complete	0.9996527777777777	36864.0	19.30000144056976	143808.0	0.6462406251802889	0.0	True	5b0749041fd9927da11f07ae2298a4f3a8ae43f3b87a1a69d2adbb2cedf4b069	research/results/EXP-20261005-0005.json	2026-10-05T08:36:46Z
EXP-20261005-0005	HYP-0012	pvm01_tc_ridge_pca_tree_s2	quick	complete	0.9993055555555556	36864.0	21.60000440198928	143808.0	0.6462406251802889	0.0	True	5b0749041fd9927da11f07ae2298a4f3a8ae43f3b87a1a69d2adbb2cedf4b069	research/results/EXP-20261005-0005.json	2026-10-05T08:36:46Z
EXP-20261005-0005	HYP-0012	pvm01_tc_ridge_pca_tree_s3	quick	complete	1.0	36864.0	21.899992134422064	143808.0	0.6462406251802889	0.0	True	5b0749041fd9927da11f07ae2298a4f3a8ae43f3b87a1a69d2adbb2cedf4b069	research/results/EXP-20261005-0005.json	2026-10-05T08:36:46Z
EXP-20261005-0005	HYP-0012	pvm01_tc_ridge_pca_tree_s4	quick	complete	0.9996527777777777	36864.0	21.899992134422064	143808.0	0.6462406251802889	0.0	True	5b0749041fd9927da11f07ae2298a4f3a8ae43f3b87a1a69d2adbb2cedf4b069	research/results/EXP-20261005-0005.json	2026-10-05T08:36:46Z
EXP-20261005-0005	HYP-0012	pvm01_tc_kernel_s0	quick	complete	0.9998263888888889	28672.0	38.09999907389283	803328.0	1.0000000000000002	0.0	True	5b0749041fd9927da11f07ae2298a4f3a8ae43f3b87a1a69d2adbb2cedf4b069	research/results/EXP-20261005-0005.json	2026-10-05T08:36:46Z
EXP-20261005-0005	HYP-0012	pvm01_tc_kernel_s1	quick	complete	0.9994791666666667	28672.0	38.699989090673625	803328.0	1.0000000000000002	0.0	True	5b0749041fd9927da11f07ae2298a4f3a8ae43f3b87a1a69d2adbb2cedf4b069	research/results/EXP-20261005-0005.json	2026-10-05T08:36:46Z
EXP-20261005-0005	HYP-0012	pvm01_tc_kernel_s2	quick	complete	0.9993055555555556	28672.0	41.99999966658652	803328.0	1.0000000000000002	0.0	True	5b0749041fd9927da11f07ae2298a4f3a8ae43f3b87a1a69d2adbb2cedf4b069	research/results/EXP-20261005-0005.json	2026-10-05T08:36:46Z
EXP-20261005-0005	HYP-0012	pvm01_tc_kernel_s3	quick	complete	0.9998263888888889	28672.0	37.300007534213364	803328.0	1.0000000000000002	0.0	True	5b0749041fd9927da11f07ae2298a4f3a8ae43f3b87a1a69d2adbb2cedf4b069	research/results/EXP-20261005-0005.json	2026-10-05T08:36:46Z
EXP-20261005-0005	HYP-0012	pvm01_tc_kernel_s4	quick	complete	0.9998263888888889	28672.0	37.20000677276403	803328.0	1.0000000000000002	0.0	True	5b0749041fd9927da11f07ae2298a4f3a8ae43f3b87a1a69d2adbb2cedf4b069	research/results/EXP-20261005-0005.json	2026-10-05T08:36:46Z
EXP-20261005-0005	HYP-0012	pvm01_tc_raw_s0	quick	complete	0.24878472222222225	28672.0	8.000002708286047	278528.0	1.0000000000000002	0.0	True	5b0749041fd9927da11f07ae2298a4f3a8ae43f3b87a1a69d2adbb2cedf4b069	research/results/EXP-20261005-0005.json	2026-10-05T08:36:46Z
EXP-20261005-0005	HYP-0012	pvm01_tc_raw_s1	quick	complete	0.25	28672.0	8.700008038431406	278528.0	1.0000000000000002	0.0	True	5b0749041fd9927da11f07ae2298a4f3a8ae43f3b87a1a69d2adbb2cedf4b069	research/results/EXP-20261005-0005.json	2026-10-05T08:36:46Z
EXP-20261005-0005	HYP-0012	pvm01_tc_raw_s2	quick	complete	0.2498263888888889	28672.0	8.200004231184721	278528.0	1.0000000000000002	0.0	True	5b0749041fd9927da11f07ae2298a4f3a8ae43f3b87a1a69d2adbb2cedf4b069	research/results/EXP-20261005-0005.json	2026-10-05T08:36:46Z
EXP-20261005-0005	HYP-0012	pvm01_tc_raw_s3	quick	complete	0.25	28672.0	8.100003469735384	278528.0	1.0000000000000002	0.0	True	5b0749041fd9927da11f07ae2298a4f3a8ae43f3b87a1a69d2adbb2cedf4b069	research/results/EXP-20261005-0005.json	2026-10-05T08:36:46Z
EXP-20261005-0005	HYP-0012	pvm01_tc_raw_s4	quick	complete	0.2482638888888889	28672.0	7.999988156370819	278528.0	1.0000000000000002	0.0	True	5b0749041fd9927da11f07ae2298a4f3a8ae43f3b87a1a69d2adbb2cedf4b069	research/results/EXP-20261005-0005.json	2026-10-05T08:36:46Z
EXP-20261005-0005	HYP-0012	pvm01_tc_delta_s0	quick	complete	0.9769097222222223	238080.0	84.7999908728525	484352.0	0.0	0.0	True	5b0749041fd9927da11f07ae2298a4f3a8ae43f3b87a1a69d2adbb2cedf4b069	research/results/EXP-20261005-0005.json	2026-10-05T08:36:46Z
EXP-20261005-0005	HYP-0012	pvm01_tc_delta_s1	quick	complete	0.9756944444444444	238080.0	88.70000601746142	484352.0	0.0	0.0	True	5b0749041fd9927da11f07ae2298a4f3a8ae43f3b87a1a69d2adbb2cedf4b069	research/results/EXP-20261005-0005.json	2026-10-05T08:36:46Z
EXP-20261005-0005	HYP-0012	pvm01_tc_delta_s2	quick	complete	0.9739583333333334	238080.0	93.49999891128391	484352.0	0.0	0.0	True	5b0749041fd9927da11f07ae2298a4f3a8ae43f3b87a1a69d2adbb2cedf4b069	research/results/EXP-20261005-0005.json	2026-10-05T08:36:46Z
EXP-20261005-0005	HYP-0012	pvm01_tc_delta_s3	quick	complete	0.9826388888888888	238080.0	91.4999982342124	484352.0	0.0	0.0	True	5b0749041fd9927da11f07ae2298a4f3a8ae43f3b87a1a69d2adbb2cedf4b069	research/results/EXP-20261005-0005.json	2026-10-05T08:36:46Z
EXP-20261005-0005	HYP-0012	pvm01_tc_delta_s4	quick	complete	0.9828125000000001	238080.0	91.19999594986439	484352.0	0.0	0.0	True	5b0749041fd9927da11f07ae2298a4f3a8ae43f3b87a1a69d2adbb2cedf4b069	research/results/EXP-20261005-0005.json	2026-10-05T08:36:46Z
EXP-20261005-0005	HYP-0012	pvm01_noise_dense_mixed_s0	quick	complete	0.9993055555555556	337152.0	1589.0999929979444	764416.0	0.06472324445402389	0.0	True	5b0749041fd9927da11f07ae2298a4f3a8ae43f3b87a1a69d2adbb2cedf4b069	research/results/EXP-20261005-0005.json	2026-10-05T08:36:46Z
EXP-20261005-0005	HYP-0012	pvm01_noise_dense_mixed_s1	quick	complete	0.9994791666666667	337152.0	1595.5999988364056	764416.0	0.06472324445402389	0.0	True	5b0749041fd9927da11f07ae2298a4f3a8ae43f3b87a1a69d2adbb2cedf4b069	research/results/EXP-20261005-0005.json	2026-10-05T08:36:46Z
EXP-20261005-0005	HYP-0012	pvm01_noise_dense_mixed_s2	quick	complete	0.9994791666666667	337152.0	1607.6000028988346	764416.0	0.06472324445402389	0.0	True	5b0749041fd9927da11f07ae2298a4f3a8ae43f3b87a1a69d2adbb2cedf4b069	research/results/EXP-20261005-0005.json	2026-10-05T08:36:46Z
EXP-20261005-0005	HYP-0012	pvm01_noise_dense_mixed_s3	quick	complete	0.9998263888888889	337152.0	1594.20000272803	764416.0	0.06472324445402389	0.0	True	5b0749041fd9927da11f07ae2298a4f3a8ae43f3b87a1a69d2adbb2cedf4b069	research/results/EXP-20261005-0005.json	2026-10-05T08:36:46Z
EXP-20261005-0005	HYP-0012	pvm01_noise_dense_mixed_s4	quick	complete	1.0	337152.0	1658.100009080954	764416.0	0.06472324445402389	0.0	True	5b0749041fd9927da11f07ae2298a4f3a8ae43f3b87a1a69d2adbb2cedf4b069	research/results/EXP-20261005-0005.json	2026-10-05T08:36:46Z
EXP-20261005-0005	HYP-0012	pvm01_noise_dense_cached_cpu_mixed_s0	quick	complete	0.9993055555555556	337152.0	350.1999890431762	1288704.0	0.06472324445402389	0.0	True	5b0749041fd9927da11f07ae2298a4f3a8ae43f3b87a1a69d2adbb2cedf4b069	research/results/EXP-20261005-0005.json	2026-10-05T08:36:46Z
EXP-20261005-0005	HYP-0012	pvm01_noise_dense_cached_cpu_mixed_s1	quick	complete	0.9994791666666667	337152.0	345.7000129856169	1288704.0	0.06472324445402389	0.0	True	5b0749041fd9927da11f07ae2298a4f3a8ae43f3b87a1a69d2adbb2cedf4b069	research/results/EXP-20261005-0005.json	2026-10-05T08:36:46Z
EXP-20261005-0005	HYP-0012	pvm01_noise_dense_cached_cpu_mixed_s2	quick	complete	0.9994791666666667	337152.0	362.49999538995326	1288704.0	0.06472324445402389	0.0	True	5b0749041fd9927da11f07ae2298a4f3a8ae43f3b87a1a69d2adbb2cedf4b069	research/results/EXP-20261005-0005.json	2026-10-05T08:36:46Z
EXP-20261005-0005	HYP-0012	pvm01_noise_dense_cached_cpu_mixed_s3	quick	complete	0.9998263888888889	337152.0	363.7000045273453	1288704.0	0.06472324445402389	0.0	True	5b0749041fd9927da11f07ae2298a4f3a8ae43f3b87a1a69d2adbb2cedf4b069	research/results/EXP-20261005-0005.json	2026-10-05T08:36:46Z
EXP-20261005-0005	HYP-0012	pvm01_noise_dense_cached_cpu_mixed_s4	quick	complete	1.0	337152.0	357.8000032575801	1288704.0	0.06472324445402389	0.0	True	5b0749041fd9927da11f07ae2298a4f3a8ae43f3b87a1a69d2adbb2cedf4b069	research/results/EXP-20261005-0005.json	2026-10-05T08:36:46Z
EXP-20261005-0005	HYP-0012	pvm01_noise_dense_cached_cuda_mixed_s0	quick	complete	0.9993055555555556	337152.0	1340.7999940682203	1288704.0	0.06472324445402389	0.0	True	5b0749041fd9927da11f07ae2298a4f3a8ae43f3b87a1a69d2adbb2cedf4b069	research/results/EXP-20261005-0005.json	2026-10-05T08:36:46Z
EXP-20261005-0005	HYP-0012	pvm01_noise_dense_cached_cuda_mixed_s1	quick	complete	0.9994791666666667	337152.0	1334.200002020225	1288704.0	0.06472324445402389	0.0	True	5b0749041fd9927da11f07ae2298a4f3a8ae43f3b87a1a69d2adbb2cedf4b069	research/results/EXP-20261005-0005.json	2026-10-05T08:36:46Z
EXP-20261005-0005	HYP-0012	pvm01_noise_dense_cached_cuda_mixed_s2	quick	complete	0.9994791666666667	337152.0	1346.80001065135	1288704.0	0.06472324445402389	0.0	True	5b0749041fd9927da11f07ae2298a4f3a8ae43f3b87a1a69d2adbb2cedf4b069	research/results/EXP-20261005-0005.json	2026-10-05T08:36:46Z
EXP-20261005-0005	HYP-0012	pvm01_noise_dense_cached_cuda_mixed_s3	quick	complete	0.9998263888888889	337152.0	1329.5999960973859	1288704.0	0.06472324445402389	0.0	True	5b0749041fd9927da11f07ae2298a4f3a8ae43f3b87a1a69d2adbb2cedf4b069	research/results/EXP-20261005-0005.json	2026-10-05T08:36:46Z
EXP-20261005-0005	HYP-0012	pvm01_noise_dense_cached_cuda_mixed_s4	quick	complete	1.0	337152.0	1332.8999921213835	1288704.0	0.06472324445402389	0.0	True	5b0749041fd9927da11f07ae2298a4f3a8ae43f3b87a1a69d2adbb2cedf4b069	research/results/EXP-20261005-0005.json	2026-10-05T08:36:46Z
EXP-20261005-0006	HYP-0012	pvm01_tc_transport_pca_s0	quick	complete	0.9994791666666667	70144.0	58.89998283237219	136192.0	0.3079064252786213	0.0	True	6b025ade313ba7fef3134330c97697b96a49f19f19c21c3174ccf11e12af1b2b	research/results/EXP-20261005-0006.json	2026-10-05T10:27:05Z
EXP-20261005-0006	HYP-0012	pvm01_tc_transport_pca_s1	quick	complete	1.0	70144.0	64.59999713115394	136192.0	0.3079064252786213	0.0	True	6b025ade313ba7fef3134330c97697b96a49f19f19c21c3174ccf11e12af1b2b	research/results/EXP-20261005-0006.json	2026-10-05T10:27:05Z
EXP-20261005-0006	HYP-0012	pvm01_tc_transport_pca_s2	quick	complete	1.0	70144.0	64.89999941550195	136192.0	0.3079064252786213	0.0	True	6b025ade313ba7fef3134330c97697b96a49f19f19c21c3174ccf11e12af1b2b	research/results/EXP-20261005-0006.json	2026-10-05T10:27:05Z
EXP-20261005-0006	HYP-0012	pvm01_tc_transport_pca_s3	quick	complete	0.9994791666666667	70144.0	68.59999848529696	136192.0	0.3079064252786213	0.0	True	6b025ade313ba7fef3134330c97697b96a49f19f19c21c3174ccf11e12af1b2b	research/results/EXP-20261005-0006.json	2026-10-05T10:27:05Z
EXP-20261005-0006	HYP-0012	pvm01_tc_transport_pca_s4	quick	complete	1.0	70144.0	64.59999713115394	136192.0	0.3079064252786213	0.0	True	6b025ade313ba7fef3134330c97697b96a49f19f19c21c3174ccf11e12af1b2b	research/results/EXP-20261005-0006.json	2026-10-05T10:27:05Z
EXP-20261005-0006	HYP-0012	pvm01_tc_transport_full_s0	quick	complete	0.9989583333333333	70144.0	64.4999963697046	230400.0	0.3079064252786213	0.0	True	6b025ade313ba7fef3134330c97697b96a49f19f19c21c3174ccf11e12af1b2b	research/results/EXP-20261005-0006.json	2026-10-05T10:27:05Z
EXP-20261005-0006	HYP-0012	pvm01_tc_transport_full_s1	quick	complete	1.0	70144.0	59.200014220550656	230400.0	0.3079064252786213	0.0	True	6b025ade313ba7fef3134330c97697b96a49f19f19c21c3174ccf11e12af1b2b	research/results/EXP-20261005-0006.json	2026-10-05T10:27:05Z
EXP-20261005-0006	HYP-0012	pvm01_tc_transport_full_s2	quick	complete	1.0	70144.0	65.10000093840063	230400.0	0.3079064252786213	0.0	True	6b025ade313ba7fef3134330c97697b96a49f19f19c21c3174ccf11e12af1b2b	research/results/EXP-20261005-0006.json	2026-10-05T10:27:05Z
EXP-20261005-0006	HYP-0012	pvm01_tc_transport_full_s3	quick	complete	0.9996527777777777	70144.0	66.49998249486089	230400.0	0.3079064252786213	0.0	True	6b025ade313ba7fef3134330c97697b96a49f19f19c21c3174ccf11e12af1b2b	research/results/EXP-20261005-0006.json	2026-10-05T10:27:05Z
EXP-20261005-0006	HYP-0012	pvm01_tc_transport_full_s4	quick	complete	1.0	70144.0	63.000014051795006	230400.0	0.3079064252786213	0.0	True	6b025ade313ba7fef3134330c97697b96a49f19f19c21c3174ccf11e12af1b2b	research/results/EXP-20261005-0006.json	2026-10-05T10:27:05Z
EXP-20261005-0006	HYP-0012	pvm01_tc_transport_pca_untrained_s0	quick	complete	0.24913194444444445	70144.0	59.59998816251755	136192.0	0.3079064252786213	0.0	True	6b025ade313ba7fef3134330c97697b96a49f19f19c21c3174ccf11e12af1b2b	research/results/EXP-20261005-0006.json	2026-10-05T10:27:05Z
EXP-20261005-0006	HYP-0012	pvm01_tc_transport_pca_untrained_s1	quick	complete	0.24930555555555556	70144.0	65.40000322274864	136192.0	0.3079064252786213	0.0	True	6b025ade313ba7fef3134330c97697b96a49f19f19c21c3174ccf11e12af1b2b	research/results/EXP-20261005-0006.json	2026-10-05T10:27:05Z
EXP-20261005-0006	HYP-0012	pvm01_tc_transport_pca_untrained_s2	quick	complete	0.25	70144.0	61.700004152953625	136192.0	0.3079064252786213	0.0	True	6b025ade313ba7fef3134330c97697b96a49f19f19c21c3174ccf11e12af1b2b	research/results/EXP-20261005-0006.json	2026-10-05T10:27:05Z
EXP-20261005-0006	HYP-0012	pvm01_tc_transport_pca_untrained_s3	quick	complete	0.24913194444444445	70144.0	63.10001481324434	136192.0	0.3079064252786213	0.0	True	6b025ade313ba7fef3134330c97697b96a49f19f19c21c3174ccf11e12af1b2b	research/results/EXP-20261005-0006.json	2026-10-05T10:27:05Z
EXP-20261005-0006	HYP-0012	pvm01_tc_transport_pca_untrained_s4	quick	complete	0.25	70144.0	59.29998587816954	136192.0	0.3079064252786213	0.0	True	6b025ade313ba7fef3134330c97697b96a49f19f19c21c3174ccf11e12af1b2b	research/results/EXP-20261005-0006.json	2026-10-05T10:27:05Z
EXP-20261005-0006	HYP-0012	pvm01_tc_transport_pca_shuffled_s0	quick	complete	0.24930555555555556	70144.0	59.79998968541622	136192.0	0.3079064252786213	0.0	True	6b025ade313ba7fef3134330c97697b96a49f19f19c21c3174ccf11e12af1b2b	research/results/EXP-20261005-0006.json	2026-10-05T10:27:05Z
EXP-20261005-0006	HYP-0012	pvm01_tc_transport_pca_shuffled_s1	quick	complete	0.2498263888888889	70144.0	59.70001802779734	136192.0	0.3079064252786213	0.0	True	6b025ade313ba7fef3134330c97697b96a49f19f19c21c3174ccf11e12af1b2b	research/results/EXP-20261005-0006.json	2026-10-05T10:27:05Z
EXP-20261005-0006	HYP-0012	pvm01_tc_transport_pca_shuffled_s2	quick	complete	0.25	70144.0	63.3999879937619	136192.0	0.3079064252786213	0.0	True	6b025ade313ba7fef3134330c97697b96a49f19f19c21c3174ccf11e12af1b2b	research/results/EXP-20261005-0006.json	2026-10-05T10:27:05Z
EXP-20261005-0006	HYP-0012	pvm01_tc_transport_pca_shuffled_s3	quick	complete	0.2498263888888889	70144.0	61.700004152953625	136192.0	0.3079064252786213	0.0	True	6b025ade313ba7fef3134330c97697b96a49f19f19c21c3174ccf11e12af1b2b	research/results/EXP-20261005-0006.json	2026-10-05T10:27:05Z
EXP-20261005-0006	HYP-0012	pvm01_tc_transport_pca_shuffled_s4	quick	complete	0.2498263888888889	70144.0	62.30000872164965	136192.0	0.3079064252786213	0.0	True	6b025ade313ba7fef3134330c97697b96a49f19f19c21c3174ccf11e12af1b2b	research/results/EXP-20261005-0006.json	2026-10-05T10:27:05Z
EXP-20261005-0006	HYP-0012	pvm01_tc_dense_s0	quick	complete	0.9996527777777777	337152.0	1599.1000109352171	764416.0	0.06472324445402389	0.0	True	6b025ade313ba7fef3134330c97697b96a49f19f19c21c3174ccf11e12af1b2b	research/results/EXP-20261005-0006.json	2026-10-05T10:27:05Z
EXP-20261005-0006	HYP-0012	pvm01_tc_dense_s1	quick	complete	1.0	337152.0	1577.599992742762	764416.0	0.06472324445402389	0.0	True	6b025ade313ba7fef3134330c97697b96a49f19f19c21c3174ccf11e12af1b2b	research/results/EXP-20261005-0006.json	2026-10-05T10:27:05Z
EXP-20261005-0006	HYP-0012	pvm01_tc_dense_s2	quick	complete	1.0	337152.0	1597.299997229129	764416.0	0.06472324445402389	0.0	True	6b025ade313ba7fef3134330c97697b96a49f19f19c21c3174ccf11e12af1b2b	research/results/EXP-20261005-0006.json	2026-10-05T10:27:05Z
EXP-20261005-0006	HYP-0012	pvm01_tc_dense_s3	quick	complete	0.9993055555555556	337152.0	1612.2999950312078	764416.0	0.06472324445402389	0.0	True	6b025ade313ba7fef3134330c97697b96a49f19f19c21c3174ccf11e12af1b2b	research/results/EXP-20261005-0006.json	2026-10-05T10:27:05Z
EXP-20261005-0006	HYP-0012	pvm01_tc_dense_s4	quick	complete	0.9998263888888889	337152.0	1591.7000127956271	764416.0	0.06472324445402389	0.0	True	6b025ade313ba7fef3134330c97697b96a49f19f19c21c3174ccf11e12af1b2b	research/results/EXP-20261005-0006.json	2026-10-05T10:27:05Z
EXP-20261005-0006	HYP-0012	pvm01_tc_dense_cached_cpu_s0	quick	complete	0.9996527777777777	337152.0	352.60000731796026	1288704.0	0.06472324445402389	0.0	True	6b025ade313ba7fef3134330c97697b96a49f19f19c21c3174ccf11e12af1b2b	research/results/EXP-20261005-0006.json	2026-10-05T10:27:05Z
EXP-20261005-0006	HYP-0012	pvm01_tc_dense_cached_cpu_s1	quick	complete	1.0	337152.0	349.70001433975995	1288704.0	0.06472324445402389	0.0	True	6b025ade313ba7fef3134330c97697b96a49f19f19c21c3174ccf11e12af1b2b	research/results/EXP-20261005-0006.json	2026-10-05T10:27:05Z
EXP-20261005-0006	HYP-0012	pvm01_tc_dense_cached_cpu_s2	quick	complete	1.0	337152.0	349.4999837130308	1288704.0	0.06472324445402389	0.0	True	6b025ade313ba7fef3134330c97697b96a49f19f19c21c3174ccf11e12af1b2b	research/results/EXP-20261005-0006.json	2026-10-05T10:27:05Z
EXP-20261005-0006	HYP-0012	pvm01_tc_dense_cached_cpu_s3	quick	complete	0.9993055555555556	337152.0	356.80001019500196	1288704.0	0.06472324445402389	0.0	True	6b025ade313ba7fef3134330c97697b96a49f19f19c21c3174ccf11e12af1b2b	research/results/EXP-20261005-0006.json	2026-10-05T10:27:05Z
EXP-20261005-0006	HYP-0012	pvm01_tc_dense_cached_cpu_s4	quick	complete	0.9998263888888889	337152.0	356.00000410340726	1288704.0	0.06472324445402389	0.0	True	6b025ade313ba7fef3134330c97697b96a49f19f19c21c3174ccf11e12af1b2b	research/results/EXP-20261005-0006.json	2026-10-05T10:27:05Z
EXP-20261005-0006	HYP-0012	pvm01_tc_dense_cached_cuda_s0	quick	complete	0.9996527777777777	337152.0	1321.4000209700316	1288704.0	0.06472324445402389	0.0	True	6b025ade313ba7fef3134330c97697b96a49f19f19c21c3174ccf11e12af1b2b	research/results/EXP-20261005-0006.json	2026-10-05T10:27:05Z
EXP-20261005-0006	HYP-0012	pvm01_tc_dense_cached_cuda_s1	quick	complete	1.0	337152.0	1293.8999861944467	1288704.0	0.06472324445402389	0.0	True	6b025ade313ba7fef3134330c97697b96a49f19f19c21c3174ccf11e12af1b2b	research/results/EXP-20261005-0006.json	2026-10-05T10:27:05Z
EXP-20261005-0006	HYP-0012	pvm01_tc_dense_cached_cuda_s2	quick	complete	1.0	337152.0	1299.199997447431	1288704.0	0.06472324445402389	0.0	True	6b025ade313ba7fef3134330c97697b96a49f19f19c21c3174ccf11e12af1b2b	research/results/EXP-20261005-0006.json	2026-10-05T10:27:05Z
EXP-20261005-0006	HYP-0012	pvm01_tc_dense_cached_cuda_s3	quick	complete	0.9993055555555556	337152.0	1335.3999820537865	1288704.0	0.06472324445402389	0.0	True	6b025ade313ba7fef3134330c97697b96a49f19f19c21c3174ccf11e12af1b2b	research/results/EXP-20261005-0006.json	2026-10-05T10:27:05Z
EXP-20261005-0006	HYP-0012	pvm01_tc_dense_cached_cuda_s4	quick	complete	0.9998263888888889	337152.0	1324.1999840829521	1288704.0	0.06472324445402389	0.0	True	6b025ade313ba7fef3134330c97697b96a49f19f19c21c3174ccf11e12af1b2b	research/results/EXP-20261005-0006.json	2026-10-05T10:27:05Z
EXP-20261005-0006	HYP-0012	pvm01_tc_ridge_s0	quick	complete	0.9996527777777777	36864.0	11.900003300979733	311808.0	0.6462406251802889	0.0	True	6b025ade313ba7fef3134330c97697b96a49f19f19c21c3174ccf11e12af1b2b	research/results/EXP-20261005-0006.json	2026-10-05T10:27:05Z
EXP-20261005-0006	HYP-0012	pvm01_tc_ridge_s1	quick	complete	1.0	36864.0	11.199997970834374	311808.0	0.6462406251802889	0.0	True	6b025ade313ba7fef3134330c97697b96a49f19f19c21c3174ccf11e12af1b2b	research/results/EXP-20261005-0006.json	2026-10-05T10:27:05Z
EXP-20261005-0006	HYP-0012	pvm01_tc_ridge_s2	quick	complete	1.0	36864.0	10.899995686486363	311808.0	0.6462406251802889	0.0	True	6b025ade313ba7fef3134330c97697b96a49f19f19c21c3174ccf11e12af1b2b	research/results/EXP-20261005-0006.json	2026-10-05T10:27:05Z
EXP-20261005-0006	HYP-0012	pvm01_tc_ridge_s3	quick	complete	0.9998263888888889	36864.0	11.600001016631722	311808.0	0.6462406251802889	0.0	True	6b025ade313ba7fef3134330c97697b96a49f19f19c21c3174ccf11e12af1b2b	research/results/EXP-20261005-0006.json	2026-10-05T10:27:05Z
EXP-20261005-0006	HYP-0012	pvm01_tc_ridge_s4	quick	complete	1.0	36864.0	10.899995686486363	311808.0	0.6462406251802889	0.0	True	6b025ade313ba7fef3134330c97697b96a49f19f19c21c3174ccf11e12af1b2b	research/results/EXP-20261005-0006.json	2026-10-05T10:27:05Z
EXP-20261005-0006	HYP-0012	pvm01_tc_ridge32_s0	quick	complete	0.9996527777777777	36864.0	11.299998732283711	164096.0	0.6462406251802889	0.0	True	6b025ade313ba7fef3134330c97697b96a49f19f19c21c3174ccf11e12af1b2b	research/results/EXP-20261005-0006.json	2026-10-05T10:27:05Z
EXP-20261005-0006	HYP-0012	pvm01_tc_ridge32_s1	quick	complete	1.0	36864.0	10.199990356341004	164096.0	0.6462406251802889	0.0	True	6b025ade313ba7fef3134330c97697b96a49f19f19c21c3174ccf11e12af1b2b	research/results/EXP-20261005-0006.json	2026-10-05T10:27:05Z
EXP-20261005-0006	HYP-0012	pvm01_tc_ridge32_s2	quick	complete	1.0	36864.0	11.70000177808106	164096.0	0.6462406251802889	0.0	True	6b025ade313ba7fef3134330c97697b96a49f19f19c21c3174ccf11e12af1b2b	research/results/EXP-20261005-0006.json	2026-10-05T10:27:05Z
EXP-20261005-0006	HYP-0012	pvm01_tc_ridge32_s3	quick	complete	0.9998263888888889	36864.0	9.399984264746308	164096.0	0.6462406251802889	0.0	True	6b025ade313ba7fef3134330c97697b96a49f19f19c21c3174ccf11e12af1b2b	research/results/EXP-20261005-0006.json	2026-10-05T10:27:05Z
EXP-20261005-0006	HYP-0012	pvm01_tc_ridge32_s4	quick	complete	1.0	36864.0	9.800016414374113	164096.0	0.6462406251802889	0.0	True	6b025ade313ba7fef3134330c97697b96a49f19f19c21c3174ccf11e12af1b2b	research/results/EXP-20261005-0006.json	2026-10-05T10:27:05Z
EXP-20261005-0006	HYP-0012	pvm01_tc_ridge_pca_scan_s0	quick	complete	0.9993055555555556	36864.0	12.100004823878407	69888.0	0.6462406251802889	0.0	True	6b025ade313ba7fef3134330c97697b96a49f19f19c21c3174ccf11e12af1b2b	research/results/EXP-20261005-0006.json	2026-10-05T10:27:05Z
EXP-20261005-0006	HYP-0012	pvm01_tc_ridge_pca_scan_s1	quick	complete	1.0	36864.0	9.600014891475439	69888.0	0.6462406251802889	0.0	True	6b025ade313ba7fef3134330c97697b96a49f19f19c21c3174ccf11e12af1b2b	research/results/EXP-20261005-0006.json	2026-10-05T10:27:05Z
EXP-20261005-0006	HYP-0012	pvm01_tc_ridge_pca_scan_s2	quick	complete	1.0	36864.0	10.399991879239678	69888.0	0.6462406251802889	0.0	True	6b025ade313ba7fef3134330c97697b96a49f19f19c21c3174ccf11e12af1b2b	research/results/EXP-20261005-0006.json	2026-10-05T10:27:05Z
EXP-20261005-0006	HYP-0012	pvm01_tc_ridge_pca_scan_s3	quick	complete	0.9994791666666667	36864.0	10.000017937272787	69888.0	0.6462406251802889	0.0	True	6b025ade313ba7fef3134330c97697b96a49f19f19c21c3174ccf11e12af1b2b	research/results/EXP-20261005-0006.json	2026-10-05T10:27:05Z
EXP-20261005-0006	HYP-0012	pvm01_tc_ridge_pca_scan_s4	quick	complete	1.0	36864.0	11.900003300979733	69888.0	0.6462406251802889	0.0	True	6b025ade313ba7fef3134330c97697b96a49f19f19c21c3174ccf11e12af1b2b	research/results/EXP-20261005-0006.json	2026-10-05T10:27:05Z
EXP-20261005-0006	HYP-0012	pvm01_tc_ridge_pca_tree_s0	quick	complete	0.9993055555555556	36864.0	21.799991372972727	143808.0	0.6462406251802889	0.0	True	6b025ade313ba7fef3134330c97697b96a49f19f19c21c3174ccf11e12af1b2b	research/results/EXP-20261005-0006.json	2026-10-05T10:27:05Z
EXP-20261005-0006	HYP-0012	pvm01_tc_ridge_pca_tree_s1	quick	complete	1.0	36864.0	19.20000067912042	143808.0	0.6462406251802889	0.0	True	6b025ade313ba7fef3134330c97697b96a49f19f19c21c3174ccf11e12af1b2b	research/results/EXP-20261005-0006.json	2026-10-05T10:27:05Z
EXP-20261005-0006	HYP-0012	pvm01_tc_ridge_pca_tree_s2	quick	complete	1.0	36864.0	19.30000144056976	143808.0	0.6462406251802889	0.0	True	6b025ade313ba7fef3134330c97697b96a49f19f19c21c3174ccf11e12af1b2b	research/results/EXP-20261005-0006.json	2026-10-05T10:27:05Z
EXP-20261005-0006	HYP-0012	pvm01_tc_ridge_pca_tree_s3	quick	complete	0.9994791666666667	36864.0	21.69999061152339	143808.0	0.6462406251802889	0.0	True	6b025ade313ba7fef3134330c97697b96a49f19f19c21c3174ccf11e12af1b2b	research/results/EXP-20261005-0006.json	2026-10-05T10:27:05Z
EXP-20261005-0006	HYP-0012	pvm01_tc_ridge_pca_tree_s4	quick	complete	1.0	36864.0	21.199986804276705	143808.0	0.6462406251802889	0.0	True	6b025ade313ba7fef3134330c97697b96a49f19f19c21c3174ccf11e12af1b2b	research/results/EXP-20261005-0006.json	2026-10-05T10:27:05Z
EXP-20261005-0006	HYP-0012	pvm01_tc_kernel_s0	quick	complete	0.9996527777777777	28672.0	37.999998312443495	803328.0	1.0000000000000002	0.0	True	6b025ade313ba7fef3134330c97697b96a49f19f19c21c3174ccf11e12af1b2b	research/results/EXP-20261005-0006.json	2026-10-05T10:27:05Z
EXP-20261005-0006	HYP-0012	pvm01_tc_kernel_s1	quick	complete	1.0	28672.0	36.900019040331244	803328.0	1.0000000000000002	0.0	True	6b025ade313ba7fef3134330c97697b96a49f19f19c21c3174ccf11e12af1b2b	research/results/EXP-20261005-0006.json	2026-10-05T10:27:05Z
EXP-20261005-0006	HYP-0012	pvm01_tc_kernel_s2	quick	complete	0.9998263888888889	28672.0	37.1999922208488	803328.0	1.0000000000000002	0.0	True	6b025ade313ba7fef3134330c97697b96a49f19f19c21c3174ccf11e12af1b2b	research/results/EXP-20261005-0006.json	2026-10-05T10:27:05Z
EXP-20261005-0006	HYP-0012	pvm01_tc_kernel_s3	quick	complete	0.9996527777777777	28672.0	37.1999922208488	803328.0	1.0000000000000002	0.0	True	6b025ade313ba7fef3134330c97697b96a49f19f19c21c3174ccf11e12af1b2b	research/results/EXP-20261005-0006.json	2026-10-05T10:27:05Z
EXP-20261005-0006	HYP-0012	pvm01_tc_kernel_s4	quick	complete	1.0	28672.0	36.80001827888191	803328.0	1.0000000000000002	0.0	True	6b025ade313ba7fef3134330c97697b96a49f19f19c21c3174ccf11e12af1b2b	research/results/EXP-20261005-0006.json	2026-10-05T10:27:05Z
EXP-20261005-0006	HYP-0012	pvm01_tc_raw_s0	quick	complete	0.25	28672.0	8.90000956133008	278528.0	1.0000000000000002	0.0	True	6b025ade313ba7fef3134330c97697b96a49f19f19c21c3174ccf11e12af1b2b	research/results/EXP-20261005-0006.json	2026-10-05T10:27:05Z
EXP-20261005-0006	HYP-0012	pvm01_tc_raw_s1	quick	complete	0.2498263888888889	28672.0	8.90000956133008	278528.0	1.0000000000000002	0.0	True	6b025ade313ba7fef3134330c97697b96a49f19f19c21c3174ccf11e12af1b2b	research/results/EXP-20261005-0006.json	2026-10-05T10:27:05Z
EXP-20261005-0006	HYP-0012	pvm01_tc_raw_s2	quick	complete	0.24913194444444445	28672.0	8.199975127354264	278528.0	1.0000000000000002	0.0	True	6b025ade313ba7fef3134330c97697b96a49f19f19c21c3174ccf11e12af1b2b	research/results/EXP-20261005-0006.json	2026-10-05T10:27:05Z
EXP-20261005-0006	HYP-0012	pvm01_tc_raw_s3	quick	complete	0.24930555555555556	28672.0	8.400005754083395	278528.0	1.0000000000000002	0.0	True	6b025ade313ba7fef3134330c97697b96a49f19f19c21c3174ccf11e12af1b2b	research/results/EXP-20261005-0006.json	2026-10-05T10:27:05Z
EXP-20261005-0006	HYP-0012	pvm01_tc_raw_s4	quick	complete	0.25	28672.0	9.000010322779417	278528.0	1.0000000000000002	0.0	True	6b025ade313ba7fef3134330c97697b96a49f19f19c21c3174ccf11e12af1b2b	research/results/EXP-20261005-0006.json	2026-10-05T10:27:05Z
EXP-20261005-0006	HYP-0012	pvm01_tc_delta_s0	quick	complete	0.9861111111111112	238080.0	85.69998317398131	484352.0	0.0	0.0	True	6b025ade313ba7fef3134330c97697b96a49f19f19c21c3174ccf11e12af1b2b	research/results/EXP-20261005-0006.json	2026-10-05T10:27:05Z
EXP-20261005-0006	HYP-0012	pvm01_tc_delta_s1	quick	complete	0.9696180555555556	238080.0	87.89999992586672	484352.0	0.0	0.0	True	6b025ade313ba7fef3134330c97697b96a49f19f19c21c3174ccf11e12af1b2b	research/results/EXP-20261005-0006.json	2026-10-05T10:27:05Z
EXP-20261005-0006	HYP-0012	pvm01_tc_delta_s2	quick	complete	0.9762152777777777	238080.0	87.19999459572136	484352.0	0.0	0.0	True	6b025ade313ba7fef3134330c97697b96a49f19f19c21c3174ccf11e12af1b2b	research/results/EXP-20261005-0006.json	2026-10-05T10:27:05Z
EXP-20261005-0006	HYP-0012	pvm01_tc_delta_s3	quick	complete	0.9701388888888888	238080.0	89.99998681247234	484352.0	0.0	0.0	True	6b025ade313ba7fef3134330c97697b96a49f19f19c21c3174ccf11e12af1b2b	research/results/EXP-20261005-0006.json	2026-10-05T10:27:05Z
EXP-20261005-0006	HYP-0012	pvm01_tc_delta_s4	quick	complete	0.9857638888888888	238080.0	94.79999425821006	484352.0	0.0	0.0	True	6b025ade313ba7fef3134330c97697b96a49f19f19c21c3174ccf11e12af1b2b	research/results/EXP-20261005-0006.json	2026-10-05T10:27:05Z
EXP-20261005-0006	HYP-0012	pvm01_noise_dense_mixed_s0	quick	complete	0.9993055555555556	337152.0	1576.1000104248524	764416.0	0.06472324445402389	0.0	True	6b025ade313ba7fef3134330c97697b96a49f19f19c21c3174ccf11e12af1b2b	research/results/EXP-20261005-0006.json	2026-10-05T10:27:05Z
EXP-20261005-0006	HYP-0012	pvm01_noise_dense_mixed_s1	quick	complete	1.0	337152.0	1611.6999904625118	764416.0	0.06472324445402389	0.0	True	6b025ade313ba7fef3134330c97697b96a49f19f19c21c3174ccf11e12af1b2b	research/results/EXP-20261005-0006.json	2026-10-05T10:27:05Z
EXP-20261005-0006	HYP-0012	pvm01_noise_dense_mixed_s2	quick	complete	0.9998263888888889	337152.0	1638.6000206694007	764416.0	0.06472324445402389	0.0	True	6b025ade313ba7fef3134330c97697b96a49f19f19c21c3174ccf11e12af1b2b	research/results/EXP-20261005-0006.json	2026-10-05T10:27:05Z
EXP-20261005-0006	HYP-0012	pvm01_noise_dense_mixed_s3	quick	complete	0.9991319444444444	337152.0	1664.1000111121684	764416.0	0.06472324445402389	0.0	True	6b025ade313ba7fef3134330c97697b96a49f19f19c21c3174ccf11e12af1b2b	research/results/EXP-20261005-0006.json	2026-10-05T10:27:05Z
EXP-20261005-0006	HYP-0012	pvm01_noise_dense_mixed_s4	quick	complete	0.9989583333333333	337152.0	1597.7000002749264	764416.0	0.06472324445402389	0.0	True	6b025ade313ba7fef3134330c97697b96a49f19f19c21c3174ccf11e12af1b2b	research/results/EXP-20261005-0006.json	2026-10-05T10:27:05Z
EXP-20261005-0006	HYP-0012	pvm01_noise_dense_cached_cpu_mixed_s0	quick	complete	0.9993055555555556	337152.0	352.9000096023083	1288704.0	0.06472324445402389	0.0	True	6b025ade313ba7fef3134330c97697b96a49f19f19c21c3174ccf11e12af1b2b	research/results/EXP-20261005-0006.json	2026-10-05T10:27:05Z
EXP-20261005-0006	HYP-0012	pvm01_noise_dense_cached_cpu_mixed_s1	quick	complete	1.0	337152.0	364.800012903288	1288704.0	0.06472324445402389	0.0	True	6b025ade313ba7fef3134330c97697b96a49f19f19c21c3174ccf11e12af1b2b	research/results/EXP-20261005-0006.json	2026-10-05T10:27:05Z
EXP-20261005-0006	HYP-0012	pvm01_noise_dense_cached_cpu_mixed_s2	quick	complete	0.9998263888888889	337152.0	359.5000016503036	1288704.0	0.06472324445402389	0.0	True	6b025ade313ba7fef3134330c97697b96a49f19f19c21c3174ccf11e12af1b2b	research/results/EXP-20261005-0006.json	2026-10-05T10:27:05Z
EXP-20261005-0006	HYP-0012	pvm01_noise_dense_cached_cpu_mixed_s3	quick	complete	0.9991319444444444	337152.0	355.1000263541937	1288704.0	0.06472324445402389	0.0	True	6b025ade313ba7fef3134330c97697b96a49f19f19c21c3174ccf11e12af1b2b	research/results/EXP-20261005-0006.json	2026-10-05T10:27:05Z
EXP-20261005-0006	HYP-0012	pvm01_noise_dense_cached_cpu_mixed_s4	quick	complete	0.9989583333333333	337152.0	353.6999865900725	1288704.0	0.06472324445402389	0.0	True	6b025ade313ba7fef3134330c97697b96a49f19f19c21c3174ccf11e12af1b2b	research/results/EXP-20261005-0006.json	2026-10-05T10:27:05Z
EXP-20261005-0006	HYP-0012	pvm01_noise_dense_cached_cuda_mixed_s0	quick	complete	0.9993055555555556	337152.0	1333.6999982129782	1288704.0	0.06472324445402389	0.0	True	6b025ade313ba7fef3134330c97697b96a49f19f19c21c3174ccf11e12af1b2b	research/results/EXP-20261005-0006.json	2026-10-05T10:27:05Z
EXP-20261005-0006	HYP-0012	pvm01_noise_dense_cached_cuda_mixed_s1	quick	complete	1.0	337152.0	1305.1999849267304	1288704.0	0.06472324445402389	0.0	True	6b025ade313ba7fef3134330c97697b96a49f19f19c21c3174ccf11e12af1b2b	research/results/EXP-20261005-0006.json	2026-10-05T10:27:05Z
EXP-20261005-0006	HYP-0012	pvm01_noise_dense_cached_cuda_mixed_s2	quick	complete	0.9998263888888889	337152.0	1368.099998217076	1288704.0	0.06472324445402389	0.0	True	6b025ade313ba7fef3134330c97697b96a49f19f19c21c3174ccf11e12af1b2b	research/results/EXP-20261005-0006.json	2026-10-05T10:27:05Z
EXP-20261005-0006	HYP-0012	pvm01_noise_dense_cached_cuda_mixed_s3	quick	complete	0.9991319444444444	337152.0	1347.100012935698	1288704.0	0.06472324445402389	0.0	True	6b025ade313ba7fef3134330c97697b96a49f19f19c21c3174ccf11e12af1b2b	research/results/EXP-20261005-0006.json	2026-10-05T10:27:05Z
EXP-20261005-0006	HYP-0012	pvm01_noise_dense_cached_cuda_mixed_s4	quick	complete	0.9989583333333333	337152.0	1314.0999944880605	1288704.0	0.06472324445402389	0.0	True	6b025ade313ba7fef3134330c97697b96a49f19f19c21c3174ccf11e12af1b2b	research/results/EXP-20261005-0006.json	2026-10-05T10:27:05Z
EXP-20261005-0007	HYP-0012	har01_source_trained_s0	quick	complete	0.6176215277777778	50346.666666666664	102.79999696649611	101833.0	0.0875433532790458	0.0	True	635099c6a5a5b1db43e6a71f7527fd35099ba6ef0614c998430ff31456b41307	research/results/EXP-20261005-0007.json	2026-10-05T15:24:52Z
EXP-20261005-0007	HYP-0012	har01_source_trained_s1	quick	complete	0.6883680555555556	50346.666666666664	99.60000170394778	101833.0	0.0875433532790458	0.0	True	635099c6a5a5b1db43e6a71f7527fd35099ba6ef0614c998430ff31456b41307	research/results/EXP-20261005-0007.json	2026-10-05T15:24:52Z
EXP-20261005-0007	HYP-0012	har01_source_trained_s2	quick	complete	0.6460503472222222	50346.666666666664	105.29998689889908	101770.0	0.0875433532790458	0.0	True	635099c6a5a5b1db43e6a71f7527fd35099ba6ef0614c998430ff31456b41307	research/results/EXP-20261005-0007.json	2026-10-05T15:24:52Z
EXP-20261005-0007	HYP-0012	har01_source_trained_s3	quick	complete	0.5985243055555556	50346.666666666664	101.79998935200274	101833.0	0.0875433532790458	0.0	True	635099c6a5a5b1db43e6a71f7527fd35099ba6ef0614c998430ff31456b41307	research/results/EXP-20261005-0007.json	2026-10-05T15:24:52Z
EXP-20261005-0007	HYP-0012	har01_source_trained_s4	quick	complete	0.6740451388888888	50346.666666666664	107.50000365078449	101769.0	0.0875433532790458	0.0	True	635099c6a5a5b1db43e6a71f7527fd35099ba6ef0614c998430ff31456b41307	research/results/EXP-20261005-0007.json	2026-10-05T15:24:52Z
EXP-20261005-0007	HYP-0012	har01_source_untrained_s0	quick	complete	0.767578125	50346.666666666664	101.70001769438386	101833.0	0.0875433532790458	0.0	True	635099c6a5a5b1db43e6a71f7527fd35099ba6ef0614c998430ff31456b41307	research/results/EXP-20261005-0007.json	2026-10-05T15:24:52Z
EXP-20261005-0007	HYP-0012	har01_source_untrained_s1	quick	complete	0.7686631944444444	50346.666666666664	104.90001295693219	101833.0	0.0875433532790458	0.0	True	635099c6a5a5b1db43e6a71f7527fd35099ba6ef0614c998430ff31456b41307	research/results/EXP-20261005-0007.json	2026-10-05T15:24:52Z
EXP-20261005-0007	HYP-0012	har01_source_untrained_s2	quick	complete	0.6451822916666666	50346.666666666664	100.50000855699182	101770.0	0.0875433532790458	0.0	True	635099c6a5a5b1db43e6a71f7527fd35099ba6ef0614c998430ff31456b41307	research/results/EXP-20261005-0007.json	2026-10-05T15:24:52Z
EXP-20261005-0007	HYP-0012	har01_source_untrained_s3	quick	complete	0.6701388888888888	50346.666666666664	103.3000007737428	101833.0	0.0875433532790458	0.0	True	635099c6a5a5b1db43e6a71f7527fd35099ba6ef0614c998430ff31456b41307	research/results/EXP-20261005-0007.json	2026-10-05T15:24:52Z
EXP-20261005-0007	HYP-0012	har01_source_untrained_s4	quick	complete	0.7096354166666666	50346.666666666664	104.49998080730438	101769.0	0.0875433532790458	0.0	True	635099c6a5a5b1db43e6a71f7527fd35099ba6ef0614c998430ff31456b41307	research/results/EXP-20261005-0007.json	2026-10-05T15:24:52Z
EXP-20261005-0007	HYP-0012	har01_source_shuffled_s0	quick	complete	0.6404079861111112	50346.666666666664	101.10001312568784	101833.0	0.0875433532790458	0.0	True	635099c6a5a5b1db43e6a71f7527fd35099ba6ef0614c998430ff31456b41307	research/results/EXP-20261005-0007.json	2026-10-05T15:24:52Z
EXP-20261005-0007	HYP-0012	har01_source_shuffled_s1	quick	complete	0.7517361111111112	50346.666666666664	99.40000018104911	101833.0	0.0875433532790458	0.0	True	635099c6a5a5b1db43e6a71f7527fd35099ba6ef0614c998430ff31456b41307	research/results/EXP-20261005-0007.json	2026-10-05T15:24:52Z
EXP-20261005-0007	HYP-0012	har01_source_shuffled_s2	quick	complete	0.642578125	50346.666666666664	106.6999975591898	101770.0	0.0875433532790458	0.0	True	635099c6a5a5b1db43e6a71f7527fd35099ba6ef0614c998430ff31456b41307	research/results/EXP-20261005-0007.json	2026-10-05T15:24:52Z
EXP-20261005-0007	HYP-0012	har01_source_shuffled_s3	quick	complete	0.59765625	50346.666666666664	104.89998385310173	101833.0	0.0875433532790458	0.0	True	635099c6a5a5b1db43e6a71f7527fd35099ba6ef0614c998430ff31456b41307	research/results/EXP-20261005-0007.json	2026-10-05T15:24:52Z
EXP-20261005-0007	HYP-0012	har01_source_shuffled_s4	quick	complete	0.6666666666666666	50346.666666666664	108.30000974237919	101769.0	0.0875433532790458	0.0	True	635099c6a5a5b1db43e6a71f7527fd35099ba6ef0614c998430ff31456b41307	research/results/EXP-20261005-0007.json	2026-10-05T15:24:52Z
EXP-20261005-0007	HYP-0012	har01_source_ridge_s0	quick	complete	0.21006944444444445	8874.666666666666	35.00000457279384	32457.0	0.5000000000000001	0.0	True	635099c6a5a5b1db43e6a71f7527fd35099ba6ef0614c998430ff31456b41307	research/results/EXP-20261005-0007.json	2026-10-05T15:24:52Z
EXP-20261005-0007	HYP-0012	har01_source_ridge_s1	quick	complete	0.2886284722222222	8874.666666666666	34.80000304989517	32457.0	0.5000000000000001	0.0	True	635099c6a5a5b1db43e6a71f7527fd35099ba6ef0614c998430ff31456b41307	research/results/EXP-20261005-0007.json	2026-10-05T15:24:52Z
EXP-20261005-0007	HYP-0012	har01_source_ridge_s2	quick	complete	0.3081597222222222	8874.666666666666	35.00000457279384	32394.0	0.5000000000000001	0.0	True	635099c6a5a5b1db43e6a71f7527fd35099ba6ef0614c998430ff31456b41307	research/results/EXP-20261005-0007.json	2026-10-05T15:24:52Z
EXP-20261005-0007	HYP-0012	har01_source_ridge_s3	quick	complete	0.2734375	8874.666666666666	35.200006095692515	32457.0	0.5000000000000001	0.0	True	635099c6a5a5b1db43e6a71f7527fd35099ba6ef0614c998430ff31456b41307	research/results/EXP-20261005-0007.json	2026-10-05T15:24:52Z
EXP-20261005-0007	HYP-0012	har01_source_ridge_s4	quick	complete	0.2801649305555556	8874.666666666666	34.60000152699649	32393.0	0.5000000000000001	0.0	True	635099c6a5a5b1db43e6a71f7527fd35099ba6ef0614c998430ff31456b41307	research/results/EXP-20261005-0007.json	2026-10-05T15:24:52Z
EXP-20261005-0007	HYP-0012	har01_target_dense_s0	quick	complete	0.3934461805555556	683264.0	412.80000004917383	706953.0	0.05814823864725583	0.0	True	635099c6a5a5b1db43e6a71f7527fd35099ba6ef0614c998430ff31456b41307	research/results/EXP-20261005-0007.json	2026-10-05T15:24:52Z
EXP-20261005-0007	HYP-0012	har01_target_dense_s1	quick	complete	0.583984375	683264.0	405.9000057168305	706953.0	0.05814823864725583	0.0	True	635099c6a5a5b1db43e6a71f7527fd35099ba6ef0614c998430ff31456b41307	research/results/EXP-20261005-0007.json	2026-10-05T15:24:52Z
EXP-20261005-0007	HYP-0012	har01_target_dense_s2	quick	complete	0.6365017361111112	683264.0	415.8999945502728	706890.0	0.05814823864725583	0.0	True	635099c6a5a5b1db43e6a71f7527fd35099ba6ef0614c998430ff31456b41307	research/results/EXP-20261005-0007.json	2026-10-05T15:24:52Z
EXP-20261005-0007	HYP-0012	har01_target_dense_s3	quick	complete	0.6686197916666666	683264.0	410.80001392401755	706953.0	0.05814823864725583	0.0	True	635099c6a5a5b1db43e6a71f7527fd35099ba6ef0614c998430ff31456b41307	research/results/EXP-20261005-0007.json	2026-10-05T15:24:52Z
EXP-20261005-0007	HYP-0012	har01_target_dense_s4	quick	complete	0.6545138888888888	683264.0	415.8999945502728	706889.0	0.05814823864725583	0.0	True	635099c6a5a5b1db43e6a71f7527fd35099ba6ef0614c998430ff31456b41307	research/results/EXP-20261005-0007.json	2026-10-05T15:24:52Z
EXP-20261005-0007	HYP-0012	har01_target_ridge_pca_s0	quick	complete	0.6197916666666666	17066.666666666668	32.499985536560416	31369.0	0.25728658641487984	0.0	True	635099c6a5a5b1db43e6a71f7527fd35099ba6ef0614c998430ff31456b41307	research/results/EXP-20261005-0007.json	2026-10-05T15:24:52Z
EXP-20261005-0007	HYP-0012	har01_target_ridge_pca_s1	quick	complete	0.8083767361111112	17066.666666666668	32.20001235604286	31369.0	0.25728658641487984	0.0	True	635099c6a5a5b1db43e6a71f7527fd35099ba6ef0614c998430ff31456b41307	research/results/EXP-20261005-0007.json	2026-10-05T15:24:52Z
EXP-20261005-0007	HYP-0012	har01_target_ridge_pca_s2	quick	complete	0.6495225694444444	17066.666666666668	33.09999010525644	31306.0	0.25728658641487984	0.0	True	635099c6a5a5b1db43e6a71f7527fd35099ba6ef0614c998430ff31456b41307	research/results/EXP-20261005-0007.json	2026-10-05T15:24:52Z
EXP-20261005-0007	HYP-0012	har01_target_ridge_pca_s3	quick	complete	0.6002604166666666	17066.666666666668	32.3000131174922	31369.0	0.25728658641487984	0.0	True	635099c6a5a5b1db43e6a71f7527fd35099ba6ef0614c998430ff31456b41307	research/results/EXP-20261005-0007.json	2026-10-05T15:24:52Z
EXP-20261005-0007	HYP-0012	har01_target_ridge_pca_s4	quick	complete	0.7055121527777778	17066.666666666668	32.50001464039087	31305.0	0.25728658641487984	0.0	True	635099c6a5a5b1db43e6a71f7527fd35099ba6ef0614c998430ff31456b41307	research/results/EXP-20261005-0007.json	2026-10-05T15:24:52Z
EXP-20261005-0007	HYP-0012	har01_target_kernel_s0	quick	complete	0.7588975694444444	41642.666666666664	45.199994929134846	88713.0	0.1057520525968549	0.0	True	635099c6a5a5b1db43e6a71f7527fd35099ba6ef0614c998430ff31456b41307	research/results/EXP-20261005-0007.json	2026-10-05T15:24:52Z
EXP-20261005-0007	HYP-0012	har01_target_kernel_s1	quick	complete	0.70703125	41642.666666666664	47.80001472681761	88713.0	0.1057520525968549	0.0	True	635099c6a5a5b1db43e6a71f7527fd35099ba6ef0614c998430ff31456b41307	research/results/EXP-20261005-0007.json	2026-10-05T15:24:52Z
EXP-20261005-0007	HYP-0012	har01_target_kernel_s2	quick	complete	0.689453125	41642.666666666664	46.200002543628216	88650.0	0.1057520525968549	0.0	True	635099c6a5a5b1db43e6a71f7527fd35099ba6ef0614c998430ff31456b41307	research/results/EXP-20261005-0007.json	2026-10-05T15:24:52Z
EXP-20261005-0007	HYP-0012	har01_target_kernel_s3	quick	complete	0.5846354166666666	41642.666666666664	44.90002174861729	88713.0	0.1057520525968549	0.0	True	635099c6a5a5b1db43e6a71f7527fd35099ba6ef0614c998430ff31456b41307	research/results/EXP-20261005-0007.json	2026-10-05T15:24:52Z
EXP-20261005-0007	HYP-0012	har01_target_kernel_s4	quick	complete	0.7068142361111112	41642.666666666664	46.39997496269643	88649.0	0.1057520525968549	0.0	True	635099c6a5a5b1db43e6a71f7527fd35099ba6ef0614c998430ff31456b41307	research/results/EXP-20261005-0007.json	2026-10-05T15:24:52Z
EXP-20261005-0007	HYP-0012	har01_native_raw_s0	quick	complete	0.7115885416666666	17066.666666666668	30.29999788850546	22921.0	0.25728658641487984	0.0	True	635099c6a5a5b1db43e6a71f7527fd35099ba6ef0614c998430ff31456b41307	research/results/EXP-20261005-0007.json	2026-10-05T15:24:52Z
EXP-20261005-0007	HYP-0012	har01_native_raw_s1	quick	complete	0.7078993055555556	17066.666666666668	30.800001695752144	22921.0	0.25728658641487984	0.0	True	635099c6a5a5b1db43e6a71f7527fd35099ba6ef0614c998430ff31456b41307	research/results/EXP-20261005-0007.json	2026-10-05T15:24:52Z
EXP-20261005-0007	HYP-0012	har01_native_raw_s2	quick	complete	0.6219618055555556	17066.666666666668	30.60000017285347	22858.0	0.25728658641487984	0.0	True	635099c6a5a5b1db43e6a71f7527fd35099ba6ef0614c998430ff31456b41307	research/results/EXP-20261005-0007.json	2026-10-05T15:24:52Z
EXP-20261005-0007	HYP-0012	har01_native_raw_s3	quick	complete	0.6703559027777778	17066.666666666668	30.29999788850546	22921.0	0.25728658641487984	0.0	True	635099c6a5a5b1db43e6a71f7527fd35099ba6ef0614c998430ff31456b41307	research/results/EXP-20261005-0007.json	2026-10-05T15:24:52Z
EXP-20261005-0007	HYP-0012	har01_native_raw_s4	quick	complete	0.7228732638888888	17066.666666666668	30.60000017285347	22857.0	0.25728658641487984	0.0	True	635099c6a5a5b1db43e6a71f7527fd35099ba6ef0614c998430ff31456b41307	research/results/EXP-20261005-0007.json	2026-10-05T15:24:52Z
EXP-20261005-0007	HYP-0012	har01_native_shift_s0	quick	complete	0.7100694444444444	38570.666666666664	67.19998782500625	22921.0	0.6418964830002948	0.0	True	635099c6a5a5b1db43e6a71f7527fd35099ba6ef0614c998430ff31456b41307	research/results/EXP-20261005-0007.json	2026-10-05T15:24:52Z
EXP-20261005-0007	HYP-0012	har01_native_shift_s1	quick	complete	0.7044270833333334	38570.666666666664	66.49998249486089	22921.0	0.6418964830002948	0.0	True	635099c6a5a5b1db43e6a71f7527fd35099ba6ef0614c998430ff31456b41307	research/results/EXP-20261005-0007.json	2026-10-05T15:24:52Z
EXP-20261005-0007	HYP-0012	har01_native_shift_s2	quick	complete	0.6219618055555556	38570.666666666664	71.99999527074397	22858.0	0.6418964830002948	0.0	True	635099c6a5a5b1db43e6a71f7527fd35099ba6ef0614c998430ff31456b41307	research/results/EXP-20261005-0007.json	2026-10-05T15:24:52Z
EXP-20261005-0007	HYP-0012	har01_native_shift_s3	quick	complete	0.6640625	38570.666666666664	65.80000626854599	22921.0	0.6418964830002948	0.0	True	635099c6a5a5b1db43e6a71f7527fd35099ba6ef0614c998430ff31456b41307	research/results/EXP-20261005-0007.json	2026-10-05T15:24:52Z
EXP-20261005-0007	HYP-0012	har01_native_shift_s4	quick	complete	0.7228732638888888	38570.666666666664	65.10000093840063	22857.0	0.6418964830002948	0.0	True	635099c6a5a5b1db43e6a71f7527fd35099ba6ef0614c998430ff31456b41307	research/results/EXP-20261005-0007.json	2026-10-05T15:24:52Z
